timestamp,device_id,temperature,voltage,cno,pseudorange_res,timing_drift,hours_since_maint,solar_activity,integrity_risk,rul
0.000,0,42.249,5.071,40.973,1.193,6.089,0.000,41.208,1,960.622
1.000,0,46.165,5.219,39.890,1.306,5.126,0.000,10.495,0,1044.820
2.000,0,45.712,5.170,40.909,1.825,6.674,0.000,57.622,0,903.635
3.000,0,43.159,4.821,46.771,2.102,2.240,0.000,62.875,0,911.616
4.000,0,40.464,5.118,46.611,2.354,6.201,0.000,77.282,0,1110.489
5.000,0,40.235,4.719,47.531,1.622,6.227,0.000,30.544,0,1262.549
6.000,0,48.311,4.975,48.958,1.951,3.154,0.000,16.679,0,1192.093
7.000,0,46.634,5.070,45.540,1.687,5.743,0.000,26.519,0,1078.787
8.000,0,53.971,5.045,46.243,1.332,6.577,0.000,47.789,0,1149.339
9.000,0,41.948,4.778,43.957,1.087,6.609,0.000,39.156,1,1026.235
10.000,0,38.253,5.019,43.613,1.547,4.800,0.000,43.938,0,1008.526
11.000,0,41.686,4.873,44.764,0.817,7.383,0.000,58.741,0,879.428
12.000,0,32.506,5.324,47.676,1.355,6.064,0.000,15.660,0,1059.518
13.000,0,47.562,5.004,43.102,1.421,6.864,0.000,58.707,0,1183.022
14.000,0,47.140,5.072,50.513,1.138,4.597,0.000,61.465,0,1013.231
15.000,0,36.447,5.150,47.860,1.217,5.109,0.000,23.209,0,1220.794
16.000,0,48.265,4.723,43.345,1.842,1.221,0.000,75.809,0,939.923
17.000,0,38.350,5.201,47.382,3.812,3.565,0.000,60.466,0,1102.253
18.000,0,44.943,4.979,47.909,1.148,5.538,0.000,34.505,0,853.578
19.000,0,44.942,5.091,47.287,2.701,6.052,0.000,62.340,1,1086.133
20.000,0,40.252,4.983,42.891,2.150,4.267,0.000,36.088,0,933.941
21.000,0,47.249,4.900,42.790,1.258,5.305,0.000,27.934,1,984.324
22.000,0,37.197,4.820,46.111,0.907,6.087,0.000,20.853,0,774.753
23.000,0,42.294,4.993,49.883,1.508,5.397,0.000,68.942,0,1013.267
24.000,0,40.712,5.267,41.840,1.115,5.836,0.000,14.074,0,1142.285
25.000,0,41.062,4.822,47.448,1.375,4.841,0.000,18.412,0,740.931
26.000,0,43.378,5.478,46.548,1.704,6.477,0.000,57.877,0,1209.277
27.000,0,46.135,5.067,44.004,1.649,4.750,0.000,67.430,1,893.693
28.000,0,37.281,4.827,45.593,2.500,4.006,0.000,57.713,0,1252.150
29.000,0,44.550,5.008,49.679,1.315,5.021,0.000,39.643,0,1000.441
30.000,0,45.902,5.115,47.222,3.044,1.890,0.000,61.794,0,1043.312
31.000,0,46.960,4.970,46.133,1.598,3.417,0.000,44.512,0,1121.798
32.000,0,43.287,5.049,47.838,1.292,5.663,0.000,59.408,0,1089.835
33.000,0,42.473,4.763,44.811,1.257,5.862,0.000,50.691,0,1174.129
34.000,0,44.181,5.222,41.626,1.224,7.751,0.000,27.411,0,762.364
35.000,0,48.238,5.126,43.463,0.850,1.741,0.000,26.625,0,1250.409
36.000,0,45.228,4.960,47.677,1.874,4.537,0.000,74.725,0,933.333
37.000,0,40.514,5.055,43.367,1.046,4.112,0.000,77.109,0,1004.125
38.000,0,38.238,4.880,49.863,2.307,4.626,0.000,28.196,1,1016.667
39.000,0,44.386,5.117,42.453,1.007,7.697,0.000,15.792,0,1009.486
40.000,0,41.921,5.039,46.067,1.304,8.058,0.000,14.446,0,1109.785
41.000,0,52.981,4.903,43.387,1.759,6.102,0.000,26.876,0,1036.715
42.000,0,44.992,5.191,46.530,2.168,1.692,0.000,31.544,0,946.537
43.000,0,50.748,5.035,47.542,2.881,5.984,0.000,78.632,0,987.058
44.000,0,49.330,5.033,48.502,0.976,5.802,0.000,58.835,0,1001.399
45.000,0,46.878,5.073,49.489,1.648,6.453,0.000,42.208,0,936.181
46.000,0,45.219,5.011,42.247,2.140,5.691,0.000,25.669,0,999.104
47.000,0,48.930,4.944,50.347,1.038,3.778,0.000,32.511,0,1078.050
48.000,0,45.908,5.004,45.904,2.441,5.241,0.000,74.683,1,1090.315
49.000,0,47.001,5.071,42.488,2.506,6.063,0.000,12.133,1,996.980
50.000,0,50.948,5.011,39.958,1.241,5.178,0.000,26.325,0,1395.926
51.000,0,47.008,5.222,45.953,1.693,5.611,0.000,36.514,0,793.701
52.000,0,41.915,5.178,45.811,1.764,5.617,0.000,16.152,0,1106.512
53.000,0,47.832,4.738,46.965,1.674,8.403,0.000,68.701,0,1078.093
54.000,0,45.065,4.970,50.520,2.807,3.535,0.000,51.572,0,1086.702
55.000,0,56.949,4.968,47.050,1.010,6.640,0.000,69.551,0,998.619
56.000,0,47.660,5.077,47.184,1.111,6.870,0.000,23.048,0,810.308
57.000,0,53.862,5.038,40.664,1.868,6.673,0.000,47.785,1,714.861
58.000,0,46.210,4.720,49.569,0.906,6.887,0.000,61.138,0,1186.684
59.000,0,43.239,4.992,39.680,1.553,9.033,0.000,62.824,0,924.554
60.000,0,39.907,5.212,49.545,1.397,7.423,0.000,10.854,0,1087.726
61.000,0,39.111,4.748,47.438,1.820,4.339,0.000,53.047,0,1064.092
62.000,0,51.025,4.906,44.433,1.356,5.051,0.000,15.412,0,998.429
63.000,0,38.825,5.081,46.785,1.519,4.285,0.000,36.551,0,1099.116
64.000,0,37.221,5.024,46.411,2.422,7.218,0.000,12.299,0,956.868
65.000,0,41.638,5.067,45.495,2.025,4.795,0.000,42.129,0,924.416
66.000,0,38.186,4.915,47.923,1.293,3.189,0.000,42.776,0,1165.541
67.000,0,57.149,4.915,43.777,1.123,4.425,0.000,63.575,0,1158.045
68.000,0,52.075,4.961,45.248,2.315,3.107,0.000,48.621,0,1210.752
69.000,0,45.716,5.129,40.939,1.808,6.019,0.000,79.211,0,951.204
70.000,0,46.652,5.079,44.014,1.999,7.453,0.000,53.733,0,957.494
71.000,0,43.165,5.025,44.987,2.256,8.230,0.000,78.976,0,1070.555
72.000,0,38.208,4.850,47.894,2.067,5.861,0.000,19.259,0,1223.614
73.000,0,41.202,4.990,44.063,1.565,7.050,0.000,60.414,0,918.718
74.000,0,44.506,5.178,40.475,1.912,5.906,0.000,38.307,1,992.219
75.000,0,43.875,5.035,46.400,1.043,5.613,0.000,52.728,0,887.133
76.000,0,38.840,5.035,43.888,3.226,3.788,0.000,76.867,0,818.705
77.000,0,48.840,4.880,44.307,1.590,6.688,0.000,15.444,0,1205.321
78.000,0,48.458,5.121,45.732,1.668,5.270,0.000,54.606,0,1071.508
79.000,0,45.517,4.707,44.570,1.091,7.733,0.000,18.437,0,968.684
80.000,0,44.666,5.329,42.901,3.682,5.819,0.000,55.512,1,1114.903
81.000,0,52.221,5.026,38.410,1.673,5.375,0.000,56.316,0,1200.779
82.000,0,42.812,5.390,44.350,1.611,8.312,0.000,29.018,1,1046.071
83.000,0,35.693,5.068,44.391,1.832,4.735,0.000,51.238,0,1170.479
84.000,0,49.158,4.978,44.671,1.453,6.413,0.000,68.648,0,1125.828
85.000,0,45.483,5.095,45.404,0.958,5.582,0.000,28.216,0,1190.811
86.000,0,33.772,4.973,44.795,1.146,5.903,0.000,13.106,0,1082.847
87.000,0,43.823,5.083,45.064,1.991,5.945,0.000,17.663,0,1177.220
88.000,0,50.519,5.024,44.278,1.233,3.967,0.000,70.771,0,935.823
89.000,0,46.589,5.029,43.577,1.606,8.073,0.000,77.292,0,1098.066
90.000,0,48.263,4.958,43.943,1.640,5.655,0.000,10.635,0,996.513
91.000,0,39.073,5.116,46.788,1.950,4.684,0.000,22.163,1,1039.164
92.000,0,42.067,5.166,43.773,2.103,4.878,0.000,36.853,1,1124.482
93.000,0,44.435,5.013,46.043,1.557,5.006,0.000,67.814,0,991.006
94.000,0,47.154,4.948,47.227,1.842,6.266,0.000,31.837,0,1000.407
95.000,0,39.184,4.818,44.463,2.172,5.182,0.000,24.259,0,1016.496
96.000,0,47.569,5.246,43.413,1.452,3.750,0.000,27.328,0,1185.588
97.000,0,46.482,4.982,47.874,1.733,7.152,0.000,57.632,1,1168.702
98.000,0,45.814,4.998,44.980,1.774,5.038,0.000,24.724,0,1202.469
99.000,0,49.597,5.015,45.338,1.877,7.961,0.000,76.608,0,1269.153
100.000,0,51.326,4.950,48.179,1.464,4.880,0.000,56.257,1,1036.384
101.000,0,53.428,5.260,43.904,3.030,6.609,0.000,43.550,0,1039.205
102.000,0,47.530,4.873,41.414,1.376,5.250,0.000,38.228,0,1091.563
103.000,0,50.656,5.208,47.145,3.955,5.143,0.000,63.741,1,946.932
104.000,0,52.549,5.090,41.559,2.561,7.629,0.000,79.449,0,1015.539
105.000,0,42.618,5.249,42.981,1.157,4.422,0.000,36.099,0,986.074
106.000,0,52.711,4.897,47.346,1.313,5.790,0.000,55.649,0,1022.335
107.000,0,37.969,5.065,49.594,1.611,5.522,0.000,40.942,0,864.023
108.000,0,38.517,4.754,43.535,2.815,6.031,0.000,47.346,0,1152.858
109.000,0,43.392,5.022,48.981,1.799,5.051,0.000,25.729,0,666.331
110.000,0,45.339,5.022,42.848,1.535,6.675,0.000,33.986,1,912.489
111.000,0,49.026,4.992,45.127,1.200,5.174,0.000,11.226,0,1075.255
112.000,0,45.903,5.126,40.622,1.967,5.278,0.000,34.400,0,1063.729
113.000,0,46.512,5.135,43.845,1.987,7.252,0.000,71.452,0,831.979
114.000,0,51.691,4.697,39.254,2.810,5.848,0.000,48.395,1,951.225
115.000,0,51.346,5.471,40.543,1.216,2.163,0.000,76.603,0,921.034
116.000,0,49.275,5.198,41.641,2.579,5.645,0.000,40.160,1,785.037
117.000,0,46.952,5.307,42.524,1.214,4.717,0.000,75.072,0,1233.602
118.000,0,45.457,4.919,42.527,1.204,5.103,0.000,30.669,0,1202.050
119.000,0,46.237,5.199,46.421,1.311,6.273,0.000,55.262,1,1225.049
120.000,0,50.349,5.065,43.948,2.188,5.129,0.000,66.667,0,940.091
121.000,0,57.340,4.918,41.232,1.816,4.982,0.000,26.117,1,1011.936
122.000,0,48.335,4.907,45.511,2.270,6.827,0.000,41.205,0,985.780
123.000,0,49.048,4.755,41.968,3.149,6.548,0.000,35.687,1,1108.564
124.000,0,38.273,5.253,40.763,2.402,5.792,0.000,26.158,0,1012.610
125.000,0,40.875,5.017,40.610,2.897,2.309,0.000,62.839,1,930.260
126.000,0,49.327,5.116,45.551,1.414,6.048,0.000,16.505,1,1394.260
127.000,0,41.590,4.770,43.099,1.894,6.491,0.000,26.734,0,914.224
128.000,0,35.030,4.623,45.397,3.086,4.765,0.000,47.781,1,1028.998
129.000,0,42.269,5.107,46.733,2.685,5.048,0.000,50.261,0,1153.131
130.000,0,47.551,4.991,45.045,2.060,6.914,0.000,45.428,1,953.156
131.000,0,45.245,4.803,44.230,2.573,6.796,0.000,49.511,1,1193.882
132.000,0,38.846,4.885,41.230,1.722,4.731,0.000,58.413,1,915.549
133.000,0,49.753,5.132,45.355,3.273,3.857,0.000,38.336,0,970.331
134.000,0,43.837,5.058,40.560,2.135,6.459,0.000,57.668,1,1181.027
135.000,0,38.060,4.998,46.211,2.343,6.502,0.000,28.621,0,1199.889
136.000,0,47.473,5.070,45.181,1.275,7.053,0.000,66.622,0,911.832
137.000,0,32.841,4.774,44.281,1.370,7.032,0.000,72.257,0,1171.963
138.000,0,32.830,5.035,42.817,2.309,7.711,0.000,77.952,0,686.726
139.000,0,44.370,5.004,42.179,1.997,7.291,0.000,72.923,0,1008.671
140.000,0,44.635,4.994,41.636,1.484,4.606,0.000,74.421,0,1046.255
141.000,0,34.172,4.923,43.506,1.126,6.972,0.000,74.982,0,961.371
142.000,0,55.645,5.056,47.108,1.925,6.297,0.000,22.642,0,717.176
143.000,0,46.612,4.821,46.293,1.981,4.569,0.000,33.967,1,1020.795
144.000,0,45.813,4.973,45.764,1.902,5.327,0.000,21.259,1,1105.137
145.000,0,46.694,5.165,41.792,2.622,8.321,0.000,67.058,0,1370.676
146.000,0,46.562,5.116,44.827,4.490,5.434,0.000,62.939,0,771.681
147.000,0,41.613,5.059,43.196,2.322,7.338,0.000,10.132,0,973.418
148.000,0,42.312,5.110,48.239,2.706,4.381,0.000,13.696,0,1058.760
149.000,0,47.766,4.654,42.616,2.458,7.032,0.000,18.566,0,1112.932
150.000,0,47.278,4.801,46.325,2.026,6.409,0.000,58.014,1,987.301
151.000,0,48.590,5.252,42.729,2.454,3.777,0.000,75.073,0,558.467
152.000,0,45.782,4.927,43.490,2.155,5.799,0.000,73.274,1,1130.744
153.000,0,49.432,4.990,42.369,1.643,7.462,0.000,40.022,0,1313.196
154.000,0,50.356,4.977,47.051,1.539,6.699,0.000,61.271,0,1195.754
155.000,0,40.811,4.810,42.622,2.794,6.283,0.000,76.293,0,873.712
156.000,0,50.060,5.036,43.536,2.318,6.496,0.000,52.903,0,873.798
157.000,0,53.163,5.142,38.783,1.208,6.085,0.000,17.836,0,1165.679
158.000,0,46.788,4.925,45.022,2.762,4.563,0.000,76.265,0,1009.328
159.000,0,41.193,4.922,43.774,2.054,5.107,0.000,41.619,1,927.751
160.000,0,51.353,4.858,44.202,2.137,8.930,0.000,54.987,1,729.441
161.000,0,37.172,5.382,46.022,1.751,7.408,0.000,12.337,0,879.213
162.000,0,40.703,4.999,45.031,1.958,5.152,0.000,18.570,0,1086.604
163.000,0,47.419,5.043,40.724,2.272,7.013,0.000,79.165,0,917.156
164.000,0,36.880,4.910,45.150,2.406,8.826,0.000,73.375,0,758.163
165.000,0,47.147,4.927,41.712,1.699,7.214,12.901,32.044,0,944.287
166.000,0,42.028,4.925,45.717,1.792,7.204,0.000,63.147,1,1052.327
167.000,0,43.103,4.803,47.265,1.578,5.351,0.000,36.713,0,967.340
168.000,0,46.941,5.127,49.088,2.146,9.219,0.000,78.726,0,1079.005
169.000,0,43.098,4.982,46.047,1.760,6.906,0.000,13.229,1,1227.759
170.000,0,39.009,5.186,46.091,1.895,8.716,0.000,29.970,1,1096.897
171.000,0,44.684,5.027,41.147,1.323,4.448,0.000,12.285,1,927.113
172.000,0,44.612,5.087,45.754,1.890,5.619,0.000,57.350,0,734.303
173.000,0,41.882,5.016,37.669,2.752,9.377,0.000,73.517,0,899.332
174.000,0,38.560,5.144,44.657,1.511,5.470,0.000,69.790,0,726.461
175.000,0,42.538,4.913,44.388,2.217,5.841,0.000,67.274,0,906.459
176.000,0,43.152,5.087,40.893,2.257,6.972,0.000,56.966,1,1057.350
177.000,0,49.054,5.123,44.359,2.050,7.322,0.000,66.025,0,1010.888
178.000,0,50.672,5.267,44.003,3.781,5.493,0.000,55.252,0,851.557
179.000,0,46.050,5.084,43.387,2.006,5.686,0.000,47.274,0,769.847
180.000,0,44.157,4.956,44.496,2.291,5.107,0.000,15.433,0,792.709
181.000,0,52.480,4.988,44.950,2.273,5.721,0.000,46.807,0,1055.986
182.000,0,51.368,4.870,44.496,2.404,4.548,0.000,69.300,1,1012.079
183.000,0,45.140,4.735,41.064,1.285,5.337,0.000,31.924,0,1120.834
184.000,0,31.881,5.002,43.746,1.649,4.058,0.000,16.174,0,1008.099
185.000,0,42.834,5.081,40.993,2.001,6.219,0.000,22.402,1,1178.031
186.000,0,46.622,5.095,46.431,1.892,8.543,0.000,61.420,1,945.334
187.000,0,47.275,5.250,42.060,1.337,5.425,0.000,34.742,1,1252.985
188.000,0,40.453,4.992,50.428,2.221,9.094,0.000,31.171,0,813.602
189.000,0,51.813,4.984,46.934,1.649,6.217,0.000,41.042,1,985.441
190.000,0,39.884,4.835,45.527,2.132,9.335,0.000,12.155,0,1025.011
191.000,0,42.359,5.032,43.399,1.629,5.057,0.000,65.538,1,1013.793
192.000,0,45.903,4.907,46.101,2.403,9.144,0.000,37.937,0,1102.490
193.000,0,41.420,4.929,46.137,2.515,6.622,0.000,43.478,0,932.608
194.000,0,41.055,5.173,47.375,1.761,6.882,0.000,48.429,0,826.192
195.000,0,51.504,5.308,41.743,2.319,6.773,0.000,46.839,1,692.273
196.000,0,46.132,4.832,41.237,2.224,4.685,0.000,71.739,1,920.343
197.000,0,48.534,5.133,44.835,1.465,5.738,0.000,50.829,0,1004.240
198.000,0,46.038,4.718,45.469,1.405,6.687,0.000,75.542,1,1086.722
199.000,0,47.750,4.913,49.215,1.707,2.360,0.000,19.072,0,976.074
200.000,0,40.019,5.191,44.150,2.626,8.432,0.000,10.202,0,850.451
201.000,0,46.962,5.172,45.270,1.467,6.561,31.234,62.782,0,861.275
202.000,0,45.691,5.370,46.081,1.823,6.350,28.346,15.974,1,1170.783
203.000,0,39.588,5.026,45.212,1.585,7.379,0.000,12.200,0,835.933
204.000,0,44.454,4.960,41.644,1.448,3.723,0.000,28.708,1,774.566
205.000,0,35.561,5.187,47.968,3.153,6.899,0.000,25.628,0,1213.058
206.000,0,47.599,5.056,44.308,1.468,5.085,0.000,30.380,1,1337.507
207.000,0,49.245,5.319,41.839,1.951,7.170,0.000,55.121,0,1162.979
208.000,0,42.698,5.136,46.612,2.223,4.962,0.000,21.472,0,984.547
209.000,0,47.248,4.764,46.081,2.113,6.706,0.000,13.119,0,922.421
210.000,0,48.273,5.042,46.198,1.512,7.456,0.000,22.622,0,967.285
211.000,0,33.122,4.886,44.835,1.446,3.763,0.000,54.558,0,991.572
212.000,0,40.888,4.875,46.081,1.654,4.936,0.000,76.703,0,1129.987
213.000,0,52.429,5.046,45.680,3.456,5.298,0.000,68.479,0,994.708
214.000,0,41.962,4.916,52.172,2.805,9.420,63.756,72.625,1,910.216
215.000,0,36.477,5.187,44.638,2.003,6.700,0.000,39.092,1,811.257
216.000,0,53.418,4.710,42.863,2.459,8.170,0.000,32.844,0,860.193
217.000,0,45.563,4.902,43.626,1.668,3.934,0.000,30.699,0,830.110
218.000,0,40.483,5.135,36.072,2.602,5.794,0.000,34.682,0,1015.827
219.000,0,57.112,4.974,45.859,1.520,7.708,0.000,60.619,0,792.511
220.000,0,52.414,5.128,41.818,1.736,3.985,0.000,67.262,0,898.367
221.000,0,39.142,4.807,43.681,3.112,7.215,59.631,62.768,0,697.489
222.000,0,47.377,4.861,41.217,1.905,5.982,0.000,49.206,1,1034.092
223.000,0,43.628,4.969,44.929,2.483,7.164,0.000,13.633,0,1137.370
224.000,0,35.598,5.194,43.952,1.695,7.673,0.000,37.107,1,990.068
225.000,0,45.270,5.046,42.848,3.323,6.693,0.000,47.851,0,878.389
226.000,0,50.271,5.145,44.353,1.561,4.047,37.010,45.106,1,1066.709
227.000,0,38.866,5.101,39.697,1.978,5.057,0.000,40.138,0,928.795
228.000,0,42.448,4.925,41.867,1.724,7.077,0.000,78.743,0,1062.413
229.000,0,44.864,5.058,39.885,1.761,4.877,0.000,48.885,0,968.131
230.000,0,53.528,5.120,40.275,1.735,8.724,0.832,58.285,0,867.818
231.000,0,45.573,5.206,48.100,1.952,7.244,0.000,36.128,1,1309.970
232.000,0,44.331,4.806,44.710,2.696,5.325,78.325,75.734,0,899.760
233.000,0,48.106,5.105,46.765,2.097,7.052,0.000,25.434,0,792.550
234.000,0,40.828,5.053,43.852,2.926,7.914,0.000,67.208,1,1093.710
235.000,0,50.297,4.989,42.564,2.103,3.977,42.570,11.107,0,903.219
236.000,0,36.406,5.115,45.460,2.101,6.585,0.000,36.830,0,585.116
237.000,0,43.032,5.090,45.654,1.648,7.674,0.000,33.352,0,1023.212
238.000,0,39.232,4.941,39.915,1.841,3.598,0.000,45.006,0,1201.121
239.000,0,49.895,4.996,46.851,1.502,7.311,27.466,74.682,0,1038.570
240.000,0,44.479,4.757,43.397,1.546,7.024,47.850,61.977,0,841.224
241.000,0,38.069,4.865,43.879,3.580,6.529,0.000,32.303,1,934.095
242.000,0,33.180,4.652,36.193,1.843,7.034,0.000,60.535,0,941.243
243.000,0,41.618,4.691,45.881,3.263,5.725,0.000,38.994,1,835.425
244.000,0,42.458,4.870,42.974,1.654,6.915,0.000,62.457,0,1008.585
245.000,0,52.449,4.907,42.954,3.366,5.960,0.000,48.268,0,1018.340
246.000,0,39.913,5.112,44.391,2.772,6.743,0.000,64.109,0,1068.364
247.000,0,43.687,5.095,42.474,3.066,5.717,0.000,61.192,1,973.989
248.000,0,46.331,5.200,42.932,1.642,4.774,0.000,38.320,1,820.243
249.000,0,38.309,5.100,44.978,4.361,4.996,0.000,48.191,0,843.525
250.000,0,52.730,4.782,42.542,2.101,6.599,0.000,13.172,0,965.844
251.000,0,41.184,4.751,46.334,2.583,7.130,0.000,48.362,0,777.566
252.000,0,38.843,4.835,46.649,1.814,6.336,0.000,28.076,0,1093.130
253.000,0,41.257,4.879,45.549,1.744,6.731,1.045,51.195,0,1046.541
254.000,0,55.387,4.975,46.830,3.628,9.417,0.000,41.554,0,930.980
255.000,0,45.800,4.978,44.475,1.993,6.662,0.000,29.492,0,942.822
256.000,0,48.697,4.938,45.266,1.672,6.808,0.000,42.479,0,1113.080
257.000,0,43.223,5.010,41.242,1.746,7.258,0.000,61.536,0,1034.292
258.000,0,48.012,4.998,43.334,1.542,5.859,0.000,49.981,1,939.668
259.000,0,39.841,5.005,38.514,3.005,5.149,0.000,10.374,0,893.999
260.000,0,49.421,5.035,39.163,2.879,8.425,0.000,49.864,0,1127.744
261.000,0,43.495,4.982,45.214,1.838,5.373,0.000,75.795,0,966.416
262.000,0,53.042,4.947,39.554,3.722,5.886,88.712,24.292,0,691.484
263.000,0,47.948,5.066,43.956,2.530,6.415,0.000,71.713,1,895.647
264.000,0,53.141,5.031,42.936,4.055,7.979,0.000,27.240,0,788.358
265.000,0,43.730,5.103,41.935,2.359,3.140,0.000,52.213,0,753.288
266.000,0,43.376,5.215,41.112,1.536,8.013,23.535,39.135,0,529.792
267.000,0,47.716,4.933,43.294,1.788,5.434,0.000,34.759,0,898.035
268.000,0,49.255,4.989,43.075,1.605,6.640,0.000,64.639,0,933.551
269.000,0,40.018,4.828,43.207,2.546,6.197,0.000,34.294,0,853.488
270.000,0,48.735,5.164,43.694,2.219,6.826,0.000,18.191,0,513.982
271.000,0,53.646,5.165,42.986,1.684,5.173,0.000,38.194,0,847.240
272.000,0,46.163,4.614,46.638,3.551,8.049,0.000,73.223,1,769.935
273.000,0,51.191,4.722,43.063,3.187,9.977,109.119,79.197,0,965.491
274.000,0,51.747,4.978,39.257,1.772,4.685,0.000,26.244,0,818.072
275.000,0,45.710,5.111,47.418,1.645,5.928,0.000,53.068,0,1026.096
276.000,0,55.118,4.817,41.606,1.842,4.052,0.000,56.902,0,986.337
277.000,0,48.246,4.903,43.238,2.016,4.312,0.000,42.598,1,1003.200
278.000,0,54.562,5.042,42.167,2.167,7.878,0.000,69.955,0,810.439
279.000,0,43.766,4.749,42.952,1.938,8.747,0.000,33.254,1,1064.301
280.000,0,49.368,5.024,41.240,3.562,6.906,0.000,34.529,1,1171.049
281.000,0,51.950,4.894,43.450,1.571,6.089,0.000,31.921,1,1036.594
282.000,0,42.514,4.847,43.277,2.271,5.011,0.000,33.900,0,816.851
283.000,0,44.022,4.941,45.782,2.256,4.642,0.000,60.198,1,770.755
284.000,0,53.351,5.022,42.451,2.854,6.732,0.000,70.419,0,802.018
285.000,0,47.075,5.173,42.688,1.812,9.057,0.000,37.308,0,931.968
286.000,0,48.324,4.973,42.046,2.199,6.477,81.695,64.599,0,802.957
287.000,0,45.954,5.133,43.288,1.939,6.806,14.316,70.443,0,1166.376
288.000,0,51.841,4.914,38.782,1.690,6.265,123.012,18.099,1,956.754
289.000,0,48.223,4.962,39.571,1.764,5.562,0.000,72.712,0,1082.693
290.000,0,38.551,5.034,40.345,2.230,6.012,0.000,63.332,0,812.172
291.000,0,44.121,5.115,40.707,2.335,8.553,0.000,53.347,1,935.855
292.000,0,50.159,5.111,40.904,3.434,8.624,116.268,75.813,0,824.603
293.000,0,36.193,4.894,42.732,3.096,5.421,126.965,48.943,0,936.568
294.000,0,49.470,4.992,41.217,1.845,5.906,0.000,36.573,0,910.262
295.000,0,39.169,5.045,41.468,1.851,6.242,0.000,10.564,0,1159.818
296.000,0,46.528,5.075,45.575,1.814,7.744,0.000,25.064,0,1085.109
297.000,0,41.388,5.041,46.157,3.059,8.470,74.177,40.840,0,857.578
298.000,0,44.109,4.735,41.933,2.543,7.524,111.869,23.867,0,888.089
299.000,0,45.934,5.209,45.120,2.163,5.379,0.000,60.696,1,856.854
300.000,0,39.607,4.854,41.430,2.989,5.213,0.000,12.515,1,1052.321
301.000,0,40.146,4.982,46.299,2.014,6.312,0.000,14.332,1,753.612
302.000,0,44.082,4.930,38.771,2.463,4.857,9.336,32.229,0,735.497
303.000,0,46.816,4.982,40.736,2.243,7.049,0.000,58.566,0,878.980
304.000,0,40.820,4.852,37.912,2.539,5.325,0.000,21.991,0,1025.164
305.000,0,38.531,4.889,43.041,1.977,6.478,0.000,17.780,1,747.707
306.000,0,45.643,4.875,42.191,2.084,4.714,0.000,12.446,1,918.272
307.000,0,51.204,5.340,38.104,3.686,8.577,0.000,78.962,0,992.401
308.000,0,44.395,4.749,43.693,4.053,5.976,103.249,19.042,1,558.142
309.000,0,47.763,5.099,41.947,1.913,7.298,0.000,52.173,0,906.283
310.000,0,51.193,5.114,40.637,1.972,3.884,92.896,24.863,1,1168.035
311.000,0,45.395,5.065,45.254,2.554,9.718,0.000,43.790,0,891.625
312.000,0,51.280,4.825,45.297,1.803,6.675,0.000,11.728,0,833.742
313.000,0,45.666,4.761,38.397,2.146,5.931,0.000,68.627,0,903.768
314.000,0,40.989,4.915,42.738,1.883,6.174,0.000,57.924,0,1031.086
315.000,0,48.413,4.798,39.340,1.823,6.472,0.000,30.915,0,1019.650
316.000,0,52.794,4.935,40.219,1.832,3.346,121.429,19.661,0,851.206
317.000,0,44.395,5.041,44.303,2.857,6.577,0.000,58.626,0,743.011
318.000,0,43.380,5.102,45.796,1.693,5.186,0.000,63.725,0,800.932
319.000,0,35.967,4.841,40.295,1.702,6.186,0.000,64.006,0,853.969
320.000,0,36.218,5.236,42.256,2.071,5.251,85.344,55.706,0,1052.369
321.000,0,53.637,4.923,42.656,2.160,4.835,0.000,77.658,0,689.734
322.000,0,41.729,4.726,42.133,2.388,6.767,0.000,67.104,1,872.242
323.000,0,52.567,4.660,40.500,2.080,5.528,0.000,41.877,1,802.389
324.000,0,40.016,4.940,42.383,2.090,4.823,0.000,21.378,1,1009.015
325.000,0,41.153,4.951,44.302,3.369,5.908,0.000,30.683,0,818.168
326.000,0,50.310,5.206,42.779,5.018,5.380,0.482,46.656,0,597.226
327.000,0,43.845,4.855,45.930,3.260,6.104,0.000,57.494,0,1076.868
328.000,0,47.643,5.126,37.236,2.554,5.875,53.320,10.904,1,891.706
329.000,0,43.898,5.243,41.390,3.050,5.362,0.000,73.388,0,722.502
330.000,0,44.715,4.955,41.296,2.867,6.303,0.000,27.318,1,833.438
331.000,0,47.171,4.897,45.610,3.136,5.039,0.000,68.607,0,991.646
332.000,0,50.151,4.876,42.137,2.126,6.630,177.966,43.210,1,902.042
333.000,0,42.425,4.603,36.842,3.648,7.300,0.000,33.127,0,895.582
334.000,0,50.528,4.961,41.595,2.120,5.629,90.570,57.067,0,1117.129
335.000,0,43.242,5.008,38.766,1.742,6.545,121.886,77.421,0,819.839
336.000,0,40.327,5.167,44.443,2.133,8.131,0.000,40.594,0,700.970
337.000,0,44.613,5.205,43.282,2.233,7.750,177.828,52.859,0,729.613
338.000,0,41.199,5.046,44.791,3.684,6.594,0.000,42.175,0,755.467
339.000,0,47.543,4.844,44.617,2.634,7.451,0.000,38.636,0,1108.655
340.000,0,38.772,4.834,41.461,3.390,6.420,66.469,32.051,1,805.437
341.000,0,42.274,5.009,43.381,1.984,6.597,0.000,19.135,1,839.997
342.000,0,40.947,4.970,40.217,1.839,5.021,16.721,16.392,0,845.528
343.000,0,38.281,4.842,44.826,2.214,4.056,19.157,51.167,1,990.014
344.000,0,40.279,5.078,45.877,3.412,7.200,0.000,36.931,0,726.418
345.000,0,48.049,4.762,39.286,2.643,7.356,25.159,70.444,0,566.516
346.000,0,50.322,5.009,40.854,2.054,4.253,0.000,11.326,1,1054.674
347.000,0,43.036,5.105,43.024,1.940,8.187,0.000,12.820,1,963.890
348.000,0,37.298,4.933,41.637,2.230,8.454,97.648,13.813,0,1012.863
349.000,0,43.126,5.155,43.866,1.793,7.070,195.252,37.880,0,927.505
350.000,0,50.594,5.060,42.186,1.860,7.578,185.937,54.910,1,800.452
351.000,0,43.203,5.117,42.880,1.993,5.786,0.000,70.992,0,866.622
352.000,0,41.236,4.941,39.696,1.865,4.739,199.173,22.399,0,1002.185
353.000,0,43.037,5.095,42.340,2.415,8.594,0.000,79.059,0,1087.938
354.000,0,44.692,5.076,45.405,3.606,6.041,0.000,57.365,0,542.020
355.000,0,44.248,5.278,39.788,2.189,4.059,126.903,74.553,0,991.664
356.000,0,43.981,4.942,41.878,2.116,6.673,0.000,58.663,1,635.272
357.000,0,44.292,4.899,44.407,1.913,2.982,0.000,37.773,0,1206.044
358.000,0,47.157,4.937,44.753,2.570,7.683,0.000,13.224,0,811.486
359.000,0,41.015,5.104,43.765,2.678,6.957,0.000,29.698,0,970.280
360.000,0,39.822,4.987,43.607,2.600,7.544,0.000,62.082,0,756.759
361.000,0,41.483,5.249,42.447,2.213,6.260,0.000,58.056,0,858.616
362.000,0,48.236,5.136,40.617,2.433,8.113,0.000,72.055,0,899.305
363.000,0,38.304,4.898,42.609,1.839,7.326,13.200,25.675,0,1001.366
364.000,0,42.719,5.169,39.173,2.783,6.271,0.000,69.102,0,643.842
365.000,0,44.085,4.778,40.766,1.797,6.543,0.000,18.089,0,1224.419
366.000,0,55.683,4.860,39.081,3.559,5.226,0.000,41.304,1,838.309
367.000,0,41.833,4.898,43.588,2.252,6.943,0.000,77.873,0,781.867
368.000,0,45.160,4.935,45.170,3.188,8.750,0.000,43.471,0,472.503
369.000,0,47.697,5.283,42.915,2.731,4.067,0.000,74.842,0,884.408
370.000,0,45.362,5.108,43.564,2.787,6.231,0.000,51.056,0,655.846
371.000,0,46.665,4.803,44.330,2.051,5.169,181.248,38.866,1,1050.566
372.000,0,46.074,5.032,37.945,2.396,5.623,0.000,26.212,1,1035.694
373.000,0,54.378,4.855,39.205,2.888,4.496,67.698,41.064,0,921.189
374.000,0,58.390,4.907,42.533,2.133,6.395,0.000,31.983,0,704.565
375.000,0,48.644,4.935,39.993,3.575,8.121,0.000,74.205,0,680.828
376.000,0,47.285,5.084,40.564,1.870,6.202,0.000,12.875,0,781.830
377.000,0,56.294,5.315,40.474,4.355,6.328,164.936,25.339,1,665.686
378.000,0,33.175,5.184,47.125,2.516,8.159,0.000,30.977,0,1028.150
379.000,0,41.858,4.995,42.495,2.470,9.309,15.768,33.356,0,861.719
380.000,0,36.377,5.004,37.526,2.866,6.814,131.871,44.808,0,639.932
381.000,0,47.288,4.965,42.775,2.579,5.947,80.234,57.627,1,905.792
382.000,0,45.776,5.102,39.219,2.929,7.802,0.000,59.303,1,688.038
383.000,0,45.354,5.087,42.772,2.707,7.307,201.479,43.759,0,904.986
384.000,0,40.828,4.977,37.427,2.515,7.083,97.150,11.734,0,755.208
385.000,0,49.181,5.021,40.501,2.150,4.190,0.000,69.920,0,748.840
386.000,0,45.768,5.127,39.874,2.027,8.237,208.686,12.865,0,688.493
387.000,0,42.160,4.771,44.339,2.010,5.985,0.000,64.810,0,761.642
388.000,0,45.823,5.217,45.032,2.653,7.475,4.276,38.161,1,840.334
389.000,0,43.874,5.150,44.361,3.415,6.040,0.000,34.234,1,852.745
390.000,0,48.535,5.022,39.025,2.516,5.354,0.000,69.373,1,785.520
391.000,0,40.249,5.027,38.649,2.567,5.045,205.866,21.522,0,867.540
392.000,0,46.197,5.170,43.963,2.198,6.069,236.197,58.644,0,821.161
393.000,0,42.688,4.794,43.474,2.346,9.557,93.647,60.346,0,791.318
394.000,0,49.549,4.943,37.219,2.208,8.239,0.000,24.633,1,815.203
395.000,0,44.315,4.912,34.869,2.026,8.511,34.827,10.614,1,1009.385
396.000,0,41.861,5.290,39.090,3.511,5.378,0.000,25.061,0,685.211
397.000,0,39.971,5.098,41.972,3.556,4.564,0.000,54.827,0,940.050
398.000,0,39.437,4.879,39.018,3.318,5.308,121.287,74.702,0,871.237
399.000,0,46.115,5.166,37.374,2.435,6.555,93.727,15.424,0,1031.049
400.000,0,45.751,4.984,40.076,3.632,6.274,0.000,35.180,0,851.767
401.000,0,48.974,4.857,40.404,2.323,5.686,0.000,12.129,0,999.101
402.000,0,51.223,5.179,40.686,2.577,3.535,0.000,22.297,1,749.683
403.000,0,36.847,5.201,41.442,2.286,6.337,184.444,46.509,1,838.980
404.000,0,48.377,4.729,44.235,3.885,6.607,192.436,49.335,0,508.256
405.000,0,44.670,5.146,41.951,2.041,7.343,0.000,28.390,0,985.673
406.000,0,43.008,5.254,40.923,3.009,5.354,220.854,35.043,1,1031.669
407.000,0,50.689,5.088,42.590,2.068,9.410,0.000,57.579,0,908.233
408.000,0,47.093,4.989,41.767,2.570,6.786,95.518,17.263,0,536.703
409.000,0,51.319,5.088,39.906,2.397,8.348,180.050,26.520,1,861.412
410.000,0,49.860,4.946,38.309,3.524,5.936,0.000,41.508,0,711.426
411.000,0,41.756,5.166,39.857,2.856,5.712,0.000,45.977,1,691.280
412.000,0,43.214,4.959,41.253,2.103,8.813,235.647,62.311,0,864.310
413.000,0,51.010,4.947,41.869,1.944,5.452,258.728,44.723,0,623.135
414.000,0,43.337,5.059,40.959,2.710,5.461,198.538,57.400,0,718.938
415.000,0,46.279,5.136,38.165,1.974,4.387,260.934,60.569,0,535.233
416.000,0,40.563,4.928,39.616,2.608,5.491,0.000,16.404,1,951.282
417.000,0,44.175,5.171,45.531,3.752,9.229,48.766,42.057,1,779.318
418.000,0,53.863,4.934,39.860,2.107,9.458,104.955,41.449,0,558.681
419.000,0,38.831,5.139,38.556,3.980,6.547,0.000,31.126,0,689.390
420.000,0,49.040,5.107,36.219,1.968,5.845,0.000,15.969,0,559.756
421.000,0,43.595,4.947,41.990,2.199,4.978,0.000,46.694,0,820.089
422.000,0,38.105,4.807,40.176,2.950,7.249,0.000,41.139,0,337.424
423.000,0,43.809,5.219,39.767,3.361,6.966,0.000,52.203,0,680.901
424.000,0,59.816,5.125,40.501,2.089,6.772,0.000,62.626,0,705.925
425.000,0,44.422,4.896,43.497,2.506,7.816,88.973,75.204,0,1001.522
426.000,0,44.168,4.893,40.876,2.349,7.150,199.169,10.834,0,935.688
427.000,0,39.620,4.973,37.883,2.790,6.218,0.000,41.230,0,835.981
428.000,0,57.321,5.069,42.937,2.907,6.209,0.000,50.777,0,825.880
429.000,0,44.347,5.011,40.696,2.478,7.632,167.431,17.664,0,767.592
430.000,0,48.362,4.832,42.409,3.349,6.612,111.803,58.570,1,646.740
431.000,0,49.909,5.163,42.260,3.018,7.548,0.000,14.955,1,784.905
432.000,0,44.761,5.095,39.572,2.129,6.068,162.249,64.220,0,839.067
433.000,0,48.325,5.068,40.741,3.275,4.085,90.072,50.175,0,757.723
434.000,0,47.444,5.037,34.116,3.805,7.837,179.375,57.878,1,401.504
435.000,0,40.096,4.792,38.644,2.098,5.644,0.000,61.355,1,734.869
436.000,0,38.638,4.961,36.144,2.887,9.507,208.674,45.736,1,720.815
437.000,0,40.487,5.043,38.542,2.173,7.625,17.919,41.384,0,825.906
438.000,0,48.186,5.159,39.624,3.019,8.141,285.964,29.000,0,683.486
439.000,0,43.051,4.975,40.350,2.767,4.930,0.000,13.234,1,936.611
440.000,0,48.106,5.011,39.094,2.638,5.985,172.738,46.521,0,792.982
441.000,0,47.374,5.080,43.865,2.900,5.577,261.109,19.641,0,930.055
442.000,0,41.337,5.025,37.979,2.026,4.065,0.000,35.256,1,938.644
443.000,0,49.822,4.830,38.241,2.865,6.155,0.000,72.372,0,798.106
444.000,0,43.051,4.846,43.021,3.275,7.104,0.000,53.539,0,785.898
445.000,0,50.091,5.095,39.752,2.630,6.551,214.965,62.249,1,851.755
446.000,0,41.005,5.020,40.752,2.511,6.788,0.000,51.834,1,793.484
447.000,0,46.295,4.565,42.622,3.508,7.651,136.950,19.147,1,673.626
448.000,0,48.727,5.117,40.441,2.806,5.770,215.810,41.956,1,679.016
449.000,0,50.840,4.956,43.933,3.478,5.793,0.000,11.976,1,1035.781
450.000,0,44.107,4.869,37.148,2.510,6.853,286.432,45.641,0,809.714
451.000,0,46.989,4.969,37.942,2.971,7.067,0.000,17.255,0,795.951
452.000,0,46.557,5.038,40.382,2.130,5.803,238.332,19.382,1,832.415
453.000,0,51.050,4.828,41.801,2.103,7.043,183.593,66.960,0,605.055
454.000,0,46.148,5.035,36.351,3.117,7.919,0.000,28.044,0,841.809
455.000,0,46.692,4.903,39.644,2.515,5.509,9.911,67.346,0,855.490
456.000,0,47.373,5.043,42.094,2.470,9.728,192.406,75.409,0,864.495
457.000,0,40.585,5.017,41.608,2.181,7.077,60.873,15.535,1,914.815
458.000,0,40.383,5.106,37.982,2.202,8.377,78.164,36.957,0,801.842
459.000,0,33.929,5.068,43.200,2.641,5.983,0.000,50.908,0,793.412
460.000,0,48.399,5.060,46.940,3.329,6.979,0.000,73.584,1,735.969
461.000,0,37.837,5.110,43.056,3.293,4.846,265.894,30.325,1,644.285
462.000,0,36.041,4.950,35.858,2.178,6.828,181.342,56.482,0,777.915
463.000,0,39.669,5.083,37.177,2.388,5.190,0.000,22.849,0,663.905
464.000,0,42.663,5.033,40.398,2.957,5.847,137.157,61.433,0,790.600
465.000,0,37.867,4.961,44.217,2.781,6.988,0.000,68.601,0,664.802
466.000,0,46.425,4.909,38.765,2.436,6.832,0.000,53.439,0,998.062
467.000,0,46.607,5.078,45.447,2.161,7.642,0.000,22.138,0,701.890
468.000,0,44.587,5.082,41.162,3.486,4.666,70.465,14.317,0,921.751
469.000,0,40.838,4.723,37.878,2.109,4.581,39.736,60.614,1,696.316
470.000,0,41.421,4.941,37.971,2.479,6.857,210.544,17.066,1,891.769
471.000,0,45.268,5.130,42.937,2.774,7.740,54.970,74.867,0,853.364
472.000,0,43.505,5.404,37.404,3.851,5.982,0.000,11.072,1,883.136
473.000,0,44.000,4.444,41.137,2.199,6.037,47.360,10.277,0,635.353
474.000,0,53.023,4.900,37.322,2.429,6.866,48.840,61.045,0,668.320
475.000,0,40.118,4.961,40.119,3.151,4.618,0.000,12.606,0,795.610
476.000,0,43.073,5.180,43.784,3.725,6.898,0.000,41.693,0,899.743
477.000,0,41.351,4.849,38.145,2.204,8.285,270.627,19.913,0,655.472
478.000,0,39.615,5.182,37.606,2.549,6.949,318.257,36.021,1,1197.512
479.000,0,51.157,5.264,40.935,3.484,5.857,140.797,32.152,0,695.904
480.000,0,40.354,4.980,43.087,3.291,6.168,0.000,40.963,0,847.794
481.000,0,37.712,4.871,41.101,2.372,5.609,103.061,18.799,0,857.042
482.000,0,50.799,5.030,41.254,2.675,3.801,0.000,38.989,0,507.658
483.000,0,43.818,5.072,36.796,2.875,7.489,35.122,73.421,0,939.343
484.000,0,38.928,5.242,41.701,2.262,7.510,0.000,46.804,0,642.319
485.000,0,46.550,5.038,44.893,3.083,7.930,0.000,28.628,1,986.650
486.000,0,54.792,4.972,43.691,2.390,7.478,93.794,74.312,0,822.181
487.000,0,42.830,4.749,38.728,2.703,6.151,222.447,62.367,0,655.330
488.000,0,48.697,4.902,42.478,3.925,7.160,262.483,72.121,1,659.992
489.000,0,44.812,5.086,40.608,2.853,5.052,69.054,27.650,0,1017.284
490.000,0,46.914,4.852,37.353,4.133,7.870,230.987,55.977,1,474.776
491.000,0,57.662,5.019,44.848,2.297,6.135,0.000,26.128,1,910.906
492.000,0,43.660,5.034,41.915,4.391,7.996,0.000,55.497,0,849.081
493.000,0,39.191,4.991,39.395,2.321,5.230,252.978,68.571,0,922.422
494.000,0,49.797,4.837,40.549,2.225,4.820,0.000,46.702,0,915.876
495.000,0,40.530,5.202,41.920,3.572,7.595,49.604,24.659,0,714.146
496.000,0,46.262,4.949,38.998,2.480,5.093,0.000,35.163,0,699.974
497.000,0,44.995,5.020,35.202,2.888,7.354,0.000,53.639,0,714.885
498.000,0,39.261,5.129,37.453,3.070,7.688,81.957,32.210,0,705.436
499.000,0,37.572,4.849,36.803,3.457,7.236,284.821,67.312,1,935.934
500.000,0,47.212,4.976,41.614,2.454,6.758,73.326,74.791,0,961.801
501.000,0,51.307,4.852,42.261,3.729,3.116,253.532,34.937,0,681.165
502.000,0,44.394,5.099,35.751,2.383,5.805,65.926,24.859,1,830.486
503.000,0,42.022,5.053,36.605,2.556,7.121,28.406,56.395,0,472.352
504.000,0,48.504,4.969,40.461,3.525,6.645,113.039,62.031,0,633.047
505.000,0,42.134,4.835,39.927,3.109,8.110,0.000,52.139,1,594.279
506.000,0,44.173,4.958,41.510,4.776,7.418,120.095,38.612,1,933.420
507.000,0,42.785,4.903,43.156,2.688,8.088,0.000,15.099,0,587.121
508.000,0,54.698,5.160,40.783,2.748,6.790,214.434,13.040,0,696.474
509.000,0,36.985,4.844,35.817,2.865,6.549,0.000,65.926,0,418.488
510.000,0,51.233,4.772,38.676,3.633,7.329,357.847,11.740,1,772.525
511.000,0,41.061,4.996,41.057,3.035,6.481,240.950,40.707,0,524.652
512.000,0,51.998,5.005,37.011,2.511,8.654,101.244,70.043,1,915.077
513.000,0,44.274,5.061,40.961,2.905,6.525,11.387,65.298,0,920.927
514.000,0,45.241,4.818,38.022,2.300,9.212,267.431,77.402,1,995.591
515.000,0,45.212,5.138,40.066,4.090,8.662,219.635,52.751,1,774.697
516.000,0,39.724,5.227,43.218,2.738,3.793,215.074,51.922,0,963.294
517.000,0,39.472,4.945,36.187,3.621,8.986,48.107,16.908,0,715.373
518.000,0,38.609,5.158,41.610,2.313,8.676,337.907,45.608,0,818.552
519.000,0,40.867,5.004,41.677,2.711,4.436,0.000,18.710,0,627.978
520.000,0,38.591,5.047,43.742,2.924,6.949,47.918,30.219,0,1019.266
521.000,0,42.520,4.619,43.618,3.192,5.477,133.445,69.855,0,757.382
522.000,0,37.896,5.067,41.347,3.163,5.091,243.342,67.020,1,589.885
523.000,0,42.534,4.870,36.393,2.360,9.636,216.298,33.002,1,726.112
524.000,0,50.793,5.318,40.967,2.929,5.306,111.623,45.748,1,727.727
525.000,0,45.687,5.300,41.619,3.035,4.812,29.120,70.119,0,600.963
526.000,0,48.950,5.031,40.600,4.294,6.551,0.000,36.572,0,724.197
527.000,0,45.676,4.825,40.636,3.182,4.965,0.000,29.725,1,725.972
528.000,0,41.913,4.706,42.044,4.633,7.794,209.893,63.003,1,593.132
529.000,0,41.662,5.150,37.453,3.746,3.804,151.495,54.889,0,721.509
530.000,0,53.701,4.859,42.091,2.690,5.569,62.615,15.294,0,694.154
531.000,0,40.505,5.016,38.835,4.309,6.069,187.020,60.479,0,867.435
532.000,0,42.199,4.871,44.162,2.688,6.009,159.530,72.740,0,871.262
533.000,0,36.979,4.862,40.352,2.977,7.379,0.000,34.228,0,585.618
534.000,0,43.819,4.870,37.773,2.471,7.923,0.000,70.113,1,990.456
535.000,0,48.791,5.166,41.082,3.853,6.264,0.000,74.187,0,682.043
536.000,0,46.150,5.096,38.248,3.189,4.219,139.837,19.485,0,706.718
537.000,0,44.428,4.682,38.300,4.024,5.668,378.654,42.208,1,986.200
538.000,0,38.036,5.006,39.107,2.339,5.973,377.305,10.939,0,550.445
539.000,0,48.354,4.999,39.338,2.504,8.214,140.227,62.920,0,703.781
540.000,0,44.265,5.053,38.910,2.498,5.541,0.000,77.861,0,848.203
541.000,0,39.478,5.041,37.545,2.481,4.911,0.000,44.431,0,751.405
542.000,0,45.562,5.238,41.649,3.068,6.281,0.000,10.356,0,1032.576
543.000,0,45.653,5.126,42.101,3.633,5.661,350.571,45.396,0,575.473
544.000,0,46.341,5.172,32.234,2.352,9.205,0.000,30.140,1,809.066
545.000,0,40.918,5.164,39.720,2.650,3.483,339.479,34.947,0,590.390
546.000,0,44.223,4.614,40.280,2.535,7.314,316.287,22.305,0,673.117
547.000,0,45.750,4.872,41.400,3.695,6.500,251.201,42.585,0,785.784
548.000,0,52.699,5.095,38.745,2.537,6.910,0.000,73.177,0,729.311
549.000,0,52.662,5.022,37.509,2.457,5.702,210.254,49.863,0,902.200
550.000,0,40.107,4.870,43.440,3.176,11.019,0.000,62.758,1,477.687
551.000,0,41.839,4.800,37.738,3.435,6.343,0.000,27.782,1,872.030
552.000,0,43.569,4.989,39.900,2.917,9.143,0.000,41.195,0,689.208
553.000,0,42.947,5.196,39.554,2.982,7.316,0.000,69.963,0,699.197
554.000,0,45.916,5.134,35.776,3.263,9.115,212.021,55.723,1,507.904
555.000,0,49.349,4.627,37.450,3.232,7.005,161.983,20.602,1,738.473
556.000,0,49.028,5.083,40.803,3.129,5.117,291.686,38.187,1,843.588
557.000,0,52.467,5.004,36.740,2.579,7.331,214.608,68.079,0,591.940
558.000,0,46.510,5.034,36.815,3.146,8.179,13.805,22.326,1,512.231
559.000,0,48.114,5.019,39.769,4.308,5.914,350.865,46.027,1,417.777
560.000,0,41.391,4.803,43.111,2.390,7.307,33.868,57.840,0,908.092
561.000,0,47.826,4.997,40.145,3.628,9.351,366.951,60.526,0,768.488
562.000,0,39.401,4.846,40.271,5.007,3.767,134.566,42.833,1,599.342
563.000,0,44.316,5.037,38.206,3.141,6.601,34.649,31.339,0,705.642
564.000,0,38.356,4.858,40.077,3.038,6.011,124.068,48.801,0,654.095
565.000,0,46.905,5.171,39.488,2.555,9.305,395.654,10.381,0,681.732
566.000,0,47.865,4.903,38.953,3.365,6.867,308.690,68.350,1,1022.838
567.000,0,44.617,4.931,39.429,2.503,7.692,110.414,73.101,0,889.775
568.000,0,38.711,5.008,39.530,3.530,6.960,0.000,58.918,1,699.847
569.000,0,40.141,5.026,36.937,2.931,5.616,0.000,77.048,0,606.643
570.000,0,50.558,4.983,41.357,3.082,7.994,0.000,45.445,1,567.087
571.000,0,45.794,4.916,38.978,3.982,7.834,0.000,44.569,0,384.813
572.000,0,41.658,5.136,40.846,3.302,8.027,0.000,77.138,0,645.079
573.000,0,41.286,4.964,40.083,2.798,7.963,152.203,41.931,0,684.227
574.000,0,52.642,4.993,36.933,2.651,6.968,0.000,26.690,0,1137.973
575.000,0,36.660,5.071,35.483,3.684,5.733,109.505,26.313,1,400.446
576.000,0,42.370,4.933,36.501,3.487,4.829,83.726,76.598,0,600.392
577.000,0,56.526,4.886,38.830,4.312,4.977,55.204,60.407,0,540.390
578.000,0,39.571,5.017,36.819,3.513,7.702,300.777,36.201,1,587.452
579.000,0,47.179,5.029,37.643,2.470,6.238,266.298,52.176,0,765.563
580.000,0,41.844,4.872,38.327,3.517,7.234,224.918,57.674,1,558.207
581.000,0,50.040,5.024,38.693,2.865,7.975,0.000,72.578,0,618.477
582.000,0,44.774,5.158,42.282,2.736,6.174,0.000,11.404,1,786.523
583.000,0,41.224,5.070,41.837,3.663,6.512,268.543,68.928,0,868.306
584.000,0,42.379,5.112,39.657,2.596,7.405,273.627,46.591,0,561.747
585.000,0,44.973,4.884,42.996,2.924,5.444,39.555,53.457,0,761.359
586.000,0,49.521,5.271,38.945,2.679,5.944,248.881,65.705,1,427.703
587.000,0,41.880,5.066,38.643,3.063,8.087,85.124,19.950,1,737.145
588.000,0,53.432,5.207,35.023,3.601,7.234,0.000,22.575,1,742.642
589.000,0,47.838,5.072,37.442,2.540,6.740,0.000,19.343,0,571.686
590.000,0,45.248,5.282,38.183,2.506,7.192,108.532,77.297,0,597.700
591.000,0,52.363,5.065,37.820,3.246,8.031,182.512,33.712,0,905.008
592.000,0,48.627,4.788,36.966,4.063,6.981,284.251,54.692,0,788.210
593.000,0,37.643,5.018,36.422,3.047,8.236,331.123,75.377,0,581.231
594.000,0,38.916,5.006,43.377,3.809,2.756,312.427,69.108,1,481.698
595.000,0,53.964,4.914,43.321,2.825,8.691,0.000,54.172,0,754.002
596.000,0,43.699,4.778,38.930,3.025,5.325,0.000,18.787,0,778.297
597.000,0,44.471,4.782,41.076,2.962,7.723,374.541,61.100,1,634.509
598.000,0,38.611,5.007,43.144,3.480,6.654,133.955,19.467,1,835.814
599.000,0,45.203,4.747,42.240,2.992,5.792,212.470,22.805,0,861.396
600.000,0,37.655,4.796,45.797,3.049,9.628,398.398,62.267,0,675.944
601.000,0,44.861,5.187,38.407,4.367,4.776,409.639,29.267,1,350.422
602.000,0,50.434,4.980,41.016,3.104,8.809,281.742,13.126,0,839.920
603.000,0,49.828,4.955,38.379,3.457,5.291,99.033,43.098,0,520.481
604.000,0,46.341,4.864,36.294,2.652,9.948,433.456,78.420,1,813.082
605.000,0,48.136,4.846,40.167,3.013,7.731,73.686,15.529,1,900.303
606.000,0,49.443,4.970,38.130,3.189,6.592,436.259,11.325,1,694.127
607.000,0,47.319,4.950,41.012,3.000,8.531,191.454,31.681,1,519.156
608.000,0,47.844,5.171,36.503,3.544,8.571,112.932,77.278,1,750.835
609.000,0,43.958,5.041,37.873,3.637,3.320,88.930,13.954,1,757.773
610.000,0,41.843,4.868,35.794,4.788,5.814,274.946,27.490,1,668.082
611.000,0,48.075,5.023,36.840,3.411,7.246,24.357,36.474,1,862.535
612.000,0,48.422,5.116,37.397,4.279,7.540,202.615,28.997,0,532.857
613.000,0,50.971,4.834,33.664,3.822,6.265,282.726,54.994,1,612.278
614.000,0,46.980,4.970,39.250,4.273,8.889,158.662,29.775,0,550.435
615.000,0,44.367,4.630,36.997,3.872,7.547,338.664,69.526,1,382.103
616.000,0,47.950,5.225,40.105,3.248,7.783,329.840,17.942,0,644.405
617.000,0,44.603,5.075,33.428,2.762,5.745,398.007,57.934,0,768.954
618.000,0,51.605,4.888,38.639,3.067,9.684,6.612,28.361,0,990.514
619.000,0,42.975,5.141,38.010,3.556,6.367,246.718,58.367,0,661.558
620.000,0,41.811,5.152,35.950,3.153,7.044,337.119,35.614,0,896.184
621.000,0,46.867,4.890,42.381,3.776,6.115,73.913,44.399,0,554.873
622.000,0,43.232,4.899,37.011,3.657,7.671,184.052,79.369,1,529.126
623.000,0,41.624,5.072,42.047,3.056,8.006,161.143,58.230,0,684.634
624.000,0,46.035,5.043,39.285,2.735,6.368,415.631,35.690,0,776.316
625.000,0,39.991,5.056,33.473,2.881,6.848,242.137,63.302,1,447.251
626.000,0,50.925,4.948,37.790,2.680,9.002,278.047,57.903,0,637.402
627.000,0,40.497,4.943,40.804,2.637,7.017,203.272,24.712,0,703.894
628.000,0,42.684,4.997,35.934,3.033,5.297,0.000,19.363,1,705.074
629.000,0,47.695,5.104,38.102,2.685,8.953,238.675,41.301,0,725.015
630.000,0,45.290,5.288,42.082,3.065,7.825,411.416,26.818,0,852.714
631.000,0,49.730,4.895,39.820,4.625,5.680,448.427,22.031,0,717.455
632.000,0,47.552,4.958,34.522,3.331,6.341,170.537,18.870,1,444.212
633.000,0,39.053,5.078,39.995,3.100,8.246,213.663,68.390,0,645.103
634.000,0,42.951,5.147,36.618,2.685,10.007,9.366,77.750,0,638.681
635.000,0,35.364,4.844,35.181,3.763,6.055,396.668,45.016,0,576.123
636.000,0,54.447,4.842,36.564,3.156,7.274,0.000,42.926,1,516.340
637.000,0,49.219,4.784,40.962,3.061,6.726,21.542,69.499,1,828.530
638.000,0,45.021,5.110,36.047,3.114,6.064,0.000,76.867,0,845.933
639.000,0,48.750,5.210,31.570,2.712,6.247,105.116,28.784,1,357.652
640.000,0,42.329,4.750,36.298,3.562,7.509,346.269,51.138,0,709.447
641.000,0,40.995,4.939,38.813,4.223,7.764,113.918,62.003,1,649.502
642.000,0,49.545,5.141,37.441,3.716,5.608,61.926,46.580,1,636.215
643.000,0,44.666,5.058,37.271,3.330,5.894,0.000,11.263,1,378.729
644.000,0,55.649,5.032,37.501,3.478,6.922,61.167,58.360,0,762.894
645.000,0,42.499,4.880,39.782,3.743,7.066,225.976,21.394,0,503.225
646.000,0,33.222,5.052,42.035,4.476,6.652,281.491,16.644,1,563.734
647.000,0,50.196,4.744,36.810,2.828,4.158,55.590,67.110,1,765.678
648.000,0,49.089,5.071,37.091,2.867,4.142,62.375,57.869,1,650.548
649.000,0,44.628,4.929,36.009,3.841,5.206,0.000,29.650,1,741.980
650.000,0,42.594,4.946,33.429,3.030,7.788,61.352,64.318,1,469.868
651.000,0,38.788,5.000,38.103,3.702,6.106,48.202,62.697,0,681.026
652.000,0,43.053,4.878,38.774,2.708,7.238,5.418,50.015,0,941.249
653.000,0,46.171,5.159,37.009,4.257,4.740,312.996,65.983,0,535.378
654.000,0,46.995,5.036,37.396,3.487,5.276,226.319,76.293,0,367.537
655.000,0,43.996,5.069,41.175,3.350,7.137,280.743,51.201,1,750.312
656.000,0,40.182,4.966,39.331,3.695,7.242,239.177,76.733,0,417.877
657.000,0,57.930,4.954,42.124,3.576,9.857,0.000,73.308,1,459.563
658.000,0,47.696,4.832,39.643,3.856,7.715,162.872,34.490,0,642.220
659.000,0,39.582,5.015,39.766,3.146,7.810,50.888,60.205,0,632.364
660.000,0,50.780,5.020,35.298,3.324,5.821,167.135,68.253,1,872.938
661.000,0,45.234,4.583,36.073,3.182,5.734,276.637,18.455,0,475.247
662.000,0,45.442,4.982,36.142,3.312,8.031,122.666,75.210,1,688.895
663.000,0,42.416,4.920,36.505,3.452,7.963,450.540,61.566,1,393.521
664.000,0,49.452,4.995,35.538,3.962,6.666,219.611,12.594,0,480.133
665.000,0,50.485,4.863,37.814,2.762,7.547,266.249,40.509,0,670.106
666.000,0,37.687,4.446,32.693,2.795,7.420,95.622,21.048,1,350.691
667.000,0,40.390,4.818,34.280,3.570,7.414,184.061,56.663,1,484.012
668.000,0,37.154,4.781,37.378,3.761,8.198,131.379,77.761,0,246.833
669.000,0,41.689,5.100,39.493,3.347,5.157,358.157,31.615,0,508.133
670.000,0,44.021,5.037,36.841,6.124,7.359,486.286,55.683,1,485.600
671.000,0,40.695,4.765,39.335,3.517,6.509,89.844,68.490,1,690.890
672.000,0,50.045,4.859,35.010,2.919,7.794,17.756,16.890,0,537.148
673.000,0,34.590,4.710,38.718,3.015,8.360,305.486,22.930,0,399.283
674.000,0,34.932,4.932,40.607,2.813,6.146,324.043,11.436,1,730.069
675.000,0,38.332,5.224,39.017,3.716,9.894,50.843,17.734,1,606.982
676.000,0,50.551,4.880,37.474,2.949,7.742,126.093,39.461,1,593.275
677.000,0,39.863,4.949,39.309,3.233,7.241,380.613,66.709,1,698.663
678.000,0,39.180,5.114,34.285,3.045,8.906,513.369,71.258,1,477.568
679.000,0,51.989,5.022,42.654,3.270,4.896,294.940,23.075,1,887.967
680.000,0,47.589,5.205,39.765,3.471,10.528,385.676,36.077,1,468.293
681.000,0,49.232,5.020,39.359,4.617,6.025,177.724,42.106,0,622.002
682.000,0,42.314,4.911,39.895,3.194,9.232,394.061,12.886,0,1029.397
683.000,0,55.192,5.087,40.363,3.388,7.337,372.103,51.905,1,455.757
684.000,0,45.111,4.925,35.399,3.570,6.641,511.175,18.755,1,578.253
685.000,0,51.680,5.141,33.187,4.472,9.891,458.954,78.925,1,334.417
686.000,0,31.415,4.898,35.424,4.125,7.403,0.000,68.784,1,582.142
687.000,0,48.140,5.089,36.373,3.563,6.929,439.089,61.590,0,685.742
688.000,0,45.540,5.046,36.219,2.795,7.482,142.854,68.526,0,683.127
689.000,0,48.290,5.249,36.774,2.867,7.551,69.291,53.752,0,478.628
690.000,0,44.342,5.233,37.218,3.012,8.089,453.049,46.589,0,580.914
691.000,0,43.550,5.136,38.006,3.214,4.173,409.602,66.194,0,844.844
692.000,0,36.946,4.797,38.487,3.343,9.797,13.503,71.617,0,727.912
693.000,0,46.150,5.166,37.381,4.218,6.384,220.298,27.660,0,730.490
694.000,0,56.895,4.832,38.843,3.332,7.961,509.366,45.571,0,402.044
695.000,0,38.048,4.829,35.269,2.924,6.944,412.962,32.278,1,639.867
696.000,0,36.016,4.684,36.496,2.848,8.129,399.758,19.245,0,794.948
697.000,0,56.254,4.941,37.347,4.060,9.030,294.284,57.036,1,575.899
698.000,0,47.645,4.821,37.711,3.864,5.530,320.738,45.391,0,527.250
699.000,0,44.040,5.050,40.746,4.503,6.482,546.928,65.733,1,293.953
700.000,0,47.816,4.649,37.827,5.852,3.128,97.495,30.397,1,644.363
701.000,0,41.126,5.057,36.990,2.845,7.326,481.436,33.705,1,822.108
702.000,0,43.468,4.910,41.499,3.516,6.818,94.065,47.407,0,685.984
703.000,0,41.465,5.124,38.923,3.467,7.753,371.063,40.426,0,842.803
704.000,0,39.674,5.169,34.215,3.681,9.223,511.864,25.743,0,501.965
705.000,0,51.111,5.337,43.714,3.912,10.165,22.029,65.665,0,477.183
706.000,0,45.154,4.899,38.894,3.477,8.831,520.753,33.846,0,624.872
707.000,0,40.772,5.068,41.254,2.858,7.039,225.807,73.293,1,728.737
708.000,0,44.883,4.997,36.664,3.183,6.859,20.447,15.203,1,711.977
709.000,0,45.334,4.948,41.660,3.597,9.224,463.199,60.547,0,462.584
710.000,0,33.391,5.091,33.702,4.509,5.034,381.436,71.590,1,516.262
711.000,0,50.235,5.392,37.135,2.940,9.972,156.737,22.573,1,659.828
712.000,0,42.003,4.845,44.569,3.145,8.197,87.416,54.289,1,643.937
713.000,0,42.477,5.025,37.780,3.561,6.535,376.478,56.536,0,654.128
714.000,0,49.833,4.839,38.374,3.195,6.892,346.345,46.856,0,588.962
715.000,0,46.271,5.095,37.904,3.053,5.009,141.428,54.898,0,852.998
716.000,0,49.883,4.987,38.685,4.439,5.991,371.165,74.726,1,649.564
717.000,0,33.916,4.947,40.545,4.889,7.701,559.148,78.052,1,581.214
718.000,0,35.124,5.032,35.801,4.833,4.663,400.316,67.764,1,165.759
719.000,0,49.970,5.119,39.505,4.532,5.532,170.199,32.179,1,814.913
720.000,0,52.381,4.860,43.036,2.914,8.875,155.860,10.545,1,494.692
721.000,0,46.315,4.795,35.356,3.090,8.247,315.401,15.188,1,551.316
722.000,0,41.718,5.136,33.977,3.720,6.246,438.367,25.312,1,383.553
723.000,0,40.605,5.060,36.206,3.434,9.759,376.384,22.067,0,724.225
724.000,0,41.604,4.922,34.069,5.081,5.803,357.307,13.086,1,627.955
725.000,0,38.295,5.224,33.506,3.372,9.210,113.717,71.721,1,624.808
726.000,0,50.914,4.704,38.906,3.892,9.314,490.266,71.026,1,426.310
727.000,0,41.693,4.983,36.628,4.020,7.346,569.189,33.605,1,438.487
728.000,0,48.533,4.776,40.961,2.987,7.236,188.676,60.880,1,375.172
729.000,0,41.914,4.985,34.657,3.909,4.855,331.784,38.295,1,422.758
730.000,0,44.009,5.204,38.428,3.756,8.086,451.552,39.899,1,531.448
731.000,0,51.323,4.911,34.098,2.922,9.111,529.593,56.755,0,497.940
732.000,0,46.725,5.093,36.704,3.579,7.110,197.492,43.501,1,615.692
733.000,0,43.286,4.859,32.571,4.262,8.108,356.403,13.939,1,836.185
734.000,0,40.276,4.837,32.127,3.175,6.792,261.051,45.927,0,477.287
735.000,0,33.169,4.916,35.401,3.554,7.418,409.509,56.187,1,682.126
736.000,0,38.440,5.005,38.498,2.910,5.614,84.610,57.032,1,637.866
737.000,0,40.099,4.990,37.648,3.561,6.758,183.358,11.220,0,642.562
738.000,0,41.390,4.930,36.833,3.997,8.430,271.596,48.829,1,479.678
739.000,0,43.749,5.012,36.104,4.391,9.125,371.554,53.537,0,86.871
740.000,0,38.762,5.173,33.771,4.166,7.926,127.221,75.171,0,651.086
741.000,0,43.803,5.029,39.316,4.192,6.122,589.937,75.748,0,768.534
742.000,0,44.138,4.916,40.302,5.899,6.001,217.278,22.965,0,453.964
743.000,0,44.596,5.186,37.304,3.070,6.618,592.378,12.314,0,591.843
744.000,0,48.482,4.971,32.324,3.260,4.716,463.691,19.508,1,377.786
745.000,0,43.856,5.124,38.756,3.306,4.684,549.239,12.244,0,614.740
746.000,0,48.437,5.030,32.323,4.325,8.623,110.808,78.599,1,275.001
747.000,0,47.086,4.872,40.070,3.284,8.939,164.012,79.752,0,710.510
748.000,0,46.076,5.009,31.785,3.157,6.893,136.824,61.513,1,297.466
749.000,0,54.617,4.794,35.253,3.588,8.312,440.531,12.415,1,747.270
750.000,0,44.867,5.212,37.619,4.223,6.080,283.984,61.408,1,737.458
751.000,0,46.068,4.905,38.943,3.613,7.483,160.039,79.337,1,661.405
752.000,0,47.060,4.884,37.677,3.051,7.732,90.532,38.788,0,723.753
753.000,0,44.541,5.054,38.827,3.202,8.003,520.589,43.008,1,332.781
754.000,0,56.183,5.066,35.166,4.009,7.880,226.213,55.302,0,468.273
755.000,0,44.360,5.080,34.359,3.572,5.790,151.811,15.791,0,470.607
756.000,0,57.643,5.008,32.241,3.558,8.682,167.565,34.751,1,505.129
757.000,0,47.646,5.095,38.873,4.854,8.374,439.947,22.430,1,599.623
758.000,0,37.427,4.860,38.385,3.054,5.396,242.177,50.565,0,694.755
759.000,0,39.075,5.023,38.028,3.747,5.035,342.210,76.351,0,521.204
760.000,0,41.271,5.027,36.458,3.543,8.560,435.610,75.336,1,794.304
761.000,0,45.462,5.221,40.488,3.588,7.611,79.669,40.052,1,658.399
762.000,0,47.940,4.902,38.401,3.151,8.993,75.437,45.325,0,499.220
763.000,0,46.134,4.915,36.980,3.170,6.925,410.717,18.162,0,864.346
764.000,0,43.067,5.071,35.325,3.355,9.741,318.692,74.033,1,656.715
765.000,0,47.497,5.066,34.721,3.364,10.794,70.294,67.288,1,554.787
766.000,0,46.973,5.141,35.284,3.163,7.863,606.700,39.128,1,422.350
767.000,0,44.058,4.764,42.658,3.709,3.551,469.170,31.181,1,502.226
768.000,0,34.386,5.295,32.428,3.458,7.517,363.630,54.332,1,384.952
769.000,0,50.913,5.162,37.278,3.220,5.370,145.322,11.065,1,509.847
770.000,0,39.862,5.350,36.306,3.420,8.133,246.743,67.917,0,483.494
771.000,0,41.831,5.021,34.703,6.422,12.041,523.413,43.618,1,188.054
772.000,0,40.143,4.980,38.096,5.574,7.498,166.567,66.733,1,464.876
773.000,0,50.243,4.940,39.431,3.246,10.280,361.409,25.924,0,655.165
774.000,0,36.023,5.153,34.459,3.449,5.501,133.920,27.531,1,421.904
775.000,0,55.016,4.988,33.760,3.796,8.504,82.806,62.054,1,659.967
776.000,0,43.832,5.199,37.799,3.891,5.532,348.125,43.467,0,531.155
777.000,0,39.860,5.073,41.748,3.349,5.330,279.966,70.758,0,860.187
778.000,0,51.693,4.899,34.255,4.855,7.516,581.885,77.808,1,154.872
779.000,0,45.391,5.056,36.151,3.524,7.789,167.523,16.946,1,621.930
780.000,0,41.533,5.021,39.445,3.540,9.437,120.586,59.942,0,659.427
781.000,0,42.067,4.914,40.695,3.332,6.242,190.774,52.261,0,666.643
782.000,0,42.737,5.120,37.923,3.640,5.667,437.289,50.393,1,594.741
783.000,0,48.972,4.874,32.394,3.736,8.361,240.596,15.434,1,405.523
784.000,0,40.951,4.945,40.077,3.429,6.577,494.411,66.036,0,721.549
785.000,0,49.090,4.797,34.790,3.997,9.718,554.172,12.656,0,352.010
786.000,0,51.329,5.481,36.128,4.633,8.980,479.429,24.088,1,219.246
787.000,0,42.098,5.092,32.680,4.130,4.453,209.405,14.030,1,311.536
788.000,0,43.683,5.008,40.924,4.269,8.082,565.831,22.805,1,676.233
789.000,0,43.630,5.097,36.205,4.440,5.975,365.573,27.219,1,234.757
790.000,0,37.789,5.013,39.530,3.466,6.652,285.245,37.958,1,589.867
791.000,0,45.930,4.862,37.557,4.080,4.854,430.464,48.769,1,577.579
792.000,0,41.049,4.854,32.815,3.971,9.347,176.193,62.271,1,549.543
793.000,0,39.418,4.774,38.138,4.505,8.436,497.164,20.781,1,439.893
794.000,0,39.926,5.038,35.494,3.114,7.508,410.453,21.775,0,475.535
795.000,0,55.047,5.072,35.799,3.711,8.370,391.026,24.585,0,467.156
796.000,0,40.783,4.883,37.432,3.508,5.781,588.948,52.457,1,573.790
797.000,0,47.187,4.848,42.241,3.948,6.534,236.054,45.664,1,616.869
798.000,0,41.403,5.116,36.277,3.197,6.807,296.241,71.720,0,606.967
799.000,0,41.631,5.092,36.759,3.715,7.671,525.852,70.290,0,508.929
800.000,0,53.758,5.167,34.882,4.193,9.341,483.689,37.871,0,480.483
801.000,0,39.440,5.176,38.423,5.307,5.892,534.805,44.621,1,435.232
802.000,0,44.054,4.720,36.461,3.811,7.515,547.289,10.618,1,504.451
803.000,0,37.095,4.883,34.515,4.000,10.538,547.404,42.190,0,341.993
804.000,0,40.680,5.126,33.251,3.196,5.878,281.172,10.690,0,357.906
805.000,0,58.695,5.260,33.765,3.653,6.930,645.170,44.689,1,407.138
806.000,0,38.760,4.978,38.999,4.363,7.060,642.706,77.400,0,596.253
807.000,0,51.479,4.802,35.745,3.122,7.783,143.775,73.786,1,356.675
808.000,0,37.020,4.969,32.862,4.826,9.138,339.487,44.211,1,196.959
809.000,0,47.130,5.143,32.067,3.231,4.763,428.253,21.753,1,467.388
810.000,0,32.735,4.994,36.260,4.102,5.710,484.768,35.361,1,547.261
811.000,0,49.737,5.079,34.741,4.809,5.621,379.139,61.117,1,536.358
812.000,0,39.786,5.130,35.254,4.721,8.388,539.488,15.149,0,694.151
813.000,0,44.006,4.859,32.895,3.688,6.832,605.793,74.724,0,551.935
814.000,0,48.223,4.974,39.199,4.047,7.940,205.974,35.822,1,431.117
815.000,0,42.085,4.962,31.555,4.236,7.328,142.401,34.720,1,418.277
816.000,0,43.797,5.028,36.387,3.475,8.071,361.943,78.663,0,458.230
817.000,0,52.511,4.996,36.767,3.766,7.636,330.775,37.576,1,319.487
818.000,0,40.315,4.857,36.155,4.983,6.231,651.167,62.673,1,566.111
819.000,0,40.818,5.000,35.360,3.706,9.123,667.799,64.000,1,568.668
820.000,0,43.434,4.971,38.991,4.606,8.062,471.589,32.228,0,468.172
821.000,0,30.971,5.220,33.221,3.974,5.919,563.101,57.017,1,649.498
822.000,0,45.623,4.923,39.912,3.381,5.896,506.476,21.620,1,356.257
823.000,0,39.890,5.145,33.874,3.380,8.338,598.904,56.653,1,618.286
824.000,0,39.709,5.009,31.148,4.478,9.498,649.929,65.766,1,271.688
825.000,0,40.469,5.059,35.952,5.026,4.910,136.493,57.253,1,364.314
826.000,0,45.327,4.685,34.277,5.032,6.815,612.190,42.224,1,432.928
827.000,0,49.933,5.263,38.232,4.060,8.578,132.354,79.953,1,419.303
828.000,0,53.737,4.799,32.952,3.863,6.199,262.245,51.509,1,509.437
829.000,0,49.305,5.419,37.544,4.254,9.736,406.960,31.192,1,501.774
830.000,0,40.798,5.088,39.373,3.478,6.044,580.990,20.753,0,424.847
831.000,0,41.475,5.034,29.586,3.765,6.677,146.963,42.559,1,439.908
832.000,0,36.740,5.160,34.074,4.330,8.656,680.371,43.652,0,341.817
833.000,0,38.596,4.799,38.953,3.528,5.978,162.793,12.284,0,764.277
834.000,0,39.361,4.895,35.126,3.929,6.044,457.644,37.257,0,583.689
835.000,0,36.067,5.244,32.055,3.660,6.203,613.100,73.427,1,442.884
836.000,0,47.498,5.017,36.199,4.037,5.290,362.542,72.352,1,481.448
837.000,0,44.013,4.960,32.476,3.310,6.777,213.641,42.641,1,450.764
838.000,0,40.506,4.985,33.930,3.373,7.210,679.380,23.366,1,384.620
839.000,0,41.187,4.916,35.681,5.187,6.693,435.372,75.968,1,478.648
840.000,0,46.288,4.826,33.830,3.492,6.327,551.091,39.560,1,273.424
841.000,0,45.703,4.849,39.414,3.490,7.646,494.443,48.642,0,471.498
842.000,0,44.001,4.641,35.019,3.465,8.721,433.371,40.798,0,601.184
843.000,0,43.923,5.028,35.551,3.640,10.254,369.311,77.059,1,291.719
844.000,0,45.233,5.170,36.938,3.675,8.599,461.116,76.715,0,456.375
845.000,0,52.174,5.204,38.442,3.487,7.376,415.409,73.152,1,602.028
846.000,0,49.031,5.183,33.280,3.588,8.539,631.978,18.509,1,473.507
847.000,0,42.765,5.094,36.175,3.972,4.326,280.714,22.494,1,469.311
848.000,0,38.969,4.812,31.488,4.509,6.161,389.075,33.712,1,156.126
849.000,0,39.786,5.151,36.346,4.827,7.982,519.793,36.781,1,483.898
850.000,0,42.733,5.025,37.885,3.954,7.806,387.026,23.207,0,226.669
851.000,0,47.772,4.759,34.503,4.088,8.705,199.667,18.393,1,374.480
852.000,0,40.476,5.290,32.613,4.883,9.142,538.809,28.981,1,111.526
853.000,0,42.641,4.689,35.768,3.656,4.990,333.973,48.066,1,593.588
854.000,0,41.372,4.985,36.144,4.157,9.258,376.376,34.255,1,392.282
855.000,0,34.958,5.084,37.898,3.574,10.036,526.882,24.563,0,560.305
856.000,0,39.051,4.972,36.851,4.084,8.058,571.463,13.095,1,601.275
857.000,0,45.710,5.019,31.891,3.409,6.978,209.439,25.791,1,482.966
858.000,0,42.463,4.737,37.851,4.603,6.170,686.607,18.148,0,289.318
859.000,0,44.917,5.095,36.124,3.460,8.956,676.791,30.812,1,673.821
860.000,0,51.231,5.138,37.873,4.386,7.317,288.633,20.384,1,574.746
861.000,0,38.929,5.228,40.203,3.366,7.606,243.059,74.181,1,723.869
862.000,0,50.922,5.233,39.930,4.353,7.423,181.614,22.969,1,451.114
863.000,0,45.594,4.909,35.376,3.997,7.040,395.230,25.329,1,342.719
864.000,0,46.769,4.954,32.291,4.367,5.691,504.677,31.939,0,648.682
865.000,0,51.219,5.309,34.680,4.984,9.458,311.837,18.871,1,303.322
866.000,0,46.908,5.149,35.217,3.412,8.460,552.680,69.174,1,611.578
867.000,0,48.854,4.759,34.695,4.931,6.916,297.606,28.655,1,380.431
868.000,0,53.501,4.876,37.691,3.598,4.919,273.507,33.098,0,395.570
869.000,0,49.212,4.899,34.207,4.073,7.942,502.723,63.065,1,137.357
870.000,0,38.549,4.974,30.860,3.900,5.401,641.570,49.267,0,218.659
871.000,0,39.343,5.147,36.354,3.658,5.417,264.523,38.114,1,511.228
872.000,0,40.161,4.765,36.353,4.040,8.362,423.788,14.970,0,196.482
873.000,0,49.741,4.943,35.261,4.307,7.927,453.662,77.560,0,112.319
874.000,0,40.996,4.997,32.435,4.977,7.052,382.340,45.195,1,143.429
875.000,0,52.993,5.211,32.484,4.121,8.422,522.653,59.878,1,338.169
876.000,0,41.878,4.903,33.466,4.552,6.290,425.267,55.173,1,341.588
877.000,0,35.647,4.928,39.774,3.869,7.499,251.145,18.524,0,687.897
878.000,0,37.376,4.981,33.428,3.685,7.226,543.460,32.182,1,282.812
879.000,0,45.518,5.014,31.051,3.988,9.912,527.519,60.695,1,0.000
880.000,0,51.521,4.755,41.398,5.487,7.591,255.320,33.458,1,420.632
881.000,0,47.929,4.896,34.513,3.492,8.646,589.289,59.049,1,483.664
882.000,0,46.158,4.919,33.295,4.958,6.099,221.158,25.222,1,485.407
883.000,0,51.853,4.738,31.335,3.973,8.363,485.484,42.485,1,420.113
884.000,0,45.095,4.990,32.928,4.202,7.738,360.902,46.848,0,0.000
885.000,0,42.965,5.201,38.113,4.442,5.534,438.827,36.649,1,174.131
886.000,0,45.990,4.899,33.248,4.326,7.449,626.904,72.089,1,380.077
887.000,0,44.400,4.886,31.542,5.832,7.773,261.378,29.997,1,286.563
888.000,0,39.554,4.896,35.409,3.706,4.648,629.754,27.912,1,603.707
889.000,0,40.535,5.236,36.572,3.839,5.261,324.707,21.501,1,498.573
890.000,0,32.027,5.087,35.135,4.136,8.454,589.051,66.367,1,626.241
891.000,0,52.698,5.102,33.308,3.405,8.114,558.044,70.735,1,435.986
892.000,0,54.870,5.091,34.629,3.699,5.772,459.123,76.910,1,339.750
893.000,0,42.359,5.137,38.144,3.633,9.529,617.360,56.182,0,638.908
894.000,0,52.847,5.030,32.717,4.345,8.811,314.894,79.804,1,384.682
895.000,0,38.827,5.149,34.267,4.929,9.696,579.894,77.687,1,384.399
896.000,0,50.888,4.871,34.463,3.648,6.546,423.352,40.113,0,296.650
897.000,0,47.962,5.075,34.032,4.084,8.093,398.283,70.951,1,261.967
898.000,0,49.654,5.200,36.526,5.598,7.103,214.560,12.140,1,540.581
899.000,0,41.647,5.166,35.657,3.428,9.745,485.286,59.522,0,496.957
900.000,0,50.305,4.778,33.667,3.860,7.246,731.710,42.750,1,440.302
901.000,0,46.813,4.998,40.199,4.208,5.228,283.685,18.321,1,641.851
902.000,0,43.790,5.410,36.028,5.483,7.451,371.465,67.251,0,205.121
903.000,0,43.439,5.163,32.754,3.711,5.449,266.859,60.530,1,396.705
904.000,0,39.356,4.948,36.368,5.940,8.891,282.841,32.647,1,432.025
905.000,0,34.747,5.015,34.570,3.842,6.868,265.281,59.307,0,287.179
906.000,0,39.484,4.957,33.993,4.335,8.150,669.995,19.530,1,287.136
907.000,0,46.288,5.019,32.642,5.511,8.960,524.815,48.256,1,102.264
908.000,0,50.270,4.706,36.516,4.486,4.910,375.597,11.983,1,600.407
909.000,0,43.528,5.076,33.195,3.514,9.225,741.875,38.412,1,398.939
910.000,0,42.792,5.009,36.173,3.752,6.537,696.590,65.410,1,346.354
911.000,0,51.082,5.153,38.782,4.368,9.207,480.424,30.756,0,326.367
912.000,0,41.996,4.907,38.749,4.143,7.217,748.727,65.460,0,432.109
913.000,0,49.721,5.011,31.554,3.803,7.244,540.594,38.251,1,283.986
914.000,0,45.101,5.192,34.697,4.148,7.560,229.133,54.587,0,111.596
915.000,0,49.511,5.286,30.018,4.147,8.633,442.569,12.266,1,157.098
916.000,0,44.487,5.127,37.918,4.297,7.215,341.106,54.393,1,593.225
917.000,0,40.846,5.270,36.178,3.514,8.058,299.679,30.250,0,478.987
918.000,0,41.449,4.931,37.206,4.004,7.127,285.299,68.613,1,314.776
919.000,0,47.088,4.795,32.249,4.198,8.494,421.596,65.695,1,473.542
920.000,0,38.901,4.897,37.172,4.561,8.945,684.066,41.721,1,403.504
921.000,0,42.064,5.034,30.532,4.988,8.490,309.806,64.786,1,422.195
922.000,0,42.304,4.968,34.177,4.742,8.261,311.364,53.033,1,0.000
923.000,0,50.884,5.368,35.451,4.111,9.019,320.297,40.617,0,366.078
924.000,0,38.422,5.110,37.741,3.539,6.182,432.263,28.534,1,483.551
925.000,0,47.696,4.855,32.088,5.001,4.612,719.842,42.670,1,0.000
926.000,0,42.991,4.905,35.117,3.884,8.672,738.846,32.580,0,748.133
927.000,0,46.402,4.873,36.507,4.677,6.999,771.990,53.171,1,209.724
928.000,0,39.581,5.083,31.583,4.159,10.245,233.369,30.963,1,229.925
929.000,0,47.959,4.817,35.073,3.595,8.656,250.593,68.643,1,406.784
930.000,0,48.524,5.069,37.018,3.760,10.384,593.559,64.612,0,248.310
931.000,0,44.817,5.086,32.060,4.501,8.249,609.574,24.401,1,290.123
932.000,0,40.960,5.019,34.076,3.519,6.471,575.720,70.004,0,46.245
933.000,0,42.059,5.084,36.173,4.434,7.343,422.952,59.043,0,575.269
934.000,0,49.875,5.029,34.437,3.714,8.725,780.885,18.406,1,399.050
935.000,0,43.074,4.983,32.749,4.666,7.830,547.566,64.829,1,176.042
936.000,0,43.359,4.818,35.796,4.283,7.295,308.323,75.478,1,397.260
937.000,0,35.430,5.054,35.632,4.071,7.389,258.594,47.875,1,257.533
938.000,0,46.341,5.328,33.483,4.014,10.495,490.709,31.270,1,415.593
939.000,0,45.882,4.895,37.201,4.631,10.598,690.796,38.052,0,458.752
940.000,0,38.920,4.752,35.693,4.440,7.434,505.314,48.949,1,344.833
941.000,0,38.093,4.908,32.038,3.883,9.700,706.479,45.771,1,360.587
942.000,0,39.267,4.976,29.693,4.370,8.193,356.838,49.728,1,180.331
943.000,0,47.798,4.948,37.552,4.303,5.682,601.215,51.634,1,398.002
944.000,0,47.086,4.664,38.218,3.748,5.562,762.411,40.157,1,220.092
945.000,0,42.816,5.040,35.126,5.563,7.012,475.021,68.801,1,349.847
946.000,0,43.788,5.170,31.844,4.631,9.717,401.111,45.826,1,393.007
947.000,0,44.118,4.961,32.319,4.589,8.357,591.256,38.226,1,422.025
948.000,0,42.679,4.955,32.784,4.694,7.685,342.325,74.085,1,341.359
949.000,0,36.767,5.025,35.412,4.300,10.147,771.783,69.458,1,583.122
950.000,0,51.627,4.956,36.553,6.085,9.328,396.543,11.374,1,101.924
951.000,0,41.526,4.905,36.222,4.666,7.436,431.008,38.781,0,458.784
952.000,0,46.852,4.949,33.555,4.614,8.119,524.947,31.764,1,178.583
953.000,0,50.369,5.215,34.410,5.144,6.710,436.158,47.364,1,245.050
954.000,0,36.063,5.230,40.731,4.614,6.461,446.761,66.116,1,348.050
955.000,0,57.002,4.955,37.789,3.653,9.414,399.000,17.035,0,455.280
956.000,0,49.463,4.912,40.706,4.090,7.565,784.008,16.760,1,382.630
957.000,0,36.528,5.051,35.468,3.625,6.781,413.920,29.902,1,332.365
958.000,0,48.900,4.974,34.969,3.762,7.910,487.376,69.872,1,507.878
959.000,0,52.809,4.973,34.346,4.813,8.634,296.519,47.477,1,116.108
960.000,0,49.912,5.189,33.269,4.162,7.647,324.259,20.546,1,135.008
961.000,0,41.518,5.054,32.111,4.332,7.952,693.300,62.613,1,324.737
962.000,0,43.337,4.953,35.181,4.036,8.911,408.893,29.890,1,496.524
963.000,0,45.656,4.748,32.323,3.640,8.464,572.862,54.829,1,459.248
964.000,0,53.697,4.956,37.272,5.663,8.015,694.058,32.908,0,349.458
965.000,0,53.104,5.229,32.134,3.632,8.004,515.118,35.695,1,276.301
966.000,0,48.182,5.094,28.755,3.830,6.530,448.951,56.888,1,412.198
967.000,0,36.629,4.869,37.325,4.014,6.287,494.376,67.609,1,343.617
968.000,0,48.571,4.934,38.298,4.508,6.970,472.711,18.448,0,683.908
969.000,0,47.149,5.051,32.266,4.545,5.671,712.044,44.387,1,60.252
970.000,0,40.042,5.126,38.477,3.788,6.675,493.975,21.099,1,488.480
971.000,0,45.907,4.818,32.621,4.562,6.637,483.303,38.988,1,183.029
972.000,0,40.734,4.828,34.712,3.677,10.155,704.732,48.964,1,0.000
973.000,0,46.092,5.407,32.303,3.988,5.979,381.670,44.434,1,82.970
974.000,0,41.746,5.142,33.130,3.991,7.480,289.082,75.213,1,479.801
975.000,0,51.415,4.899,34.376,4.152,9.256,730.790,48.978,1,359.129
976.000,0,39.590,5.167,33.898,3.916,8.168,296.493,65.631,1,272.927
977.000,0,45.700,5.243,36.853,3.838,5.490,593.066,44.091,1,234.043
978.000,0,46.860,5.082,31.220,4.819,5.389,507.907,65.357,1,319.164
979.000,0,41.155,4.941,36.992,5.001,8.629,310.922,47.252,1,396.827
980.000,0,37.769,5.104,32.305,3.737,6.638,394.887,71.703,1,97.096
981.000,0,45.256,5.044,33.597,3.833,8.742,456.078,65.795,1,467.781
982.000,0,47.053,4.917,35.492,5.300,4.368,766.033,18.440,0,562.541
983.000,0,40.439,5.222,37.694,4.492,8.573,347.137,77.970,1,215.644
984.000,0,47.265,5.173,36.792,4.359,9.842,638.456,15.367,1,380.905
985.000,0,44.949,5.290,32.672,4.356,8.175,388.407,65.277,1,278.031
986.000,0,47.557,4.929,35.148,5.220,8.857,416.047,32.499,1,413.850
987.000,0,38.412,4.762,31.293,4.520,5.133,775.095,71.909,1,174.640
988.000,0,49.364,5.207,35.205,3.703,6.153,537.015,41.925,0,264.549
989.000,0,46.890,5.064,29.443,4.381,7.448,331.303,20.538,1,66.039
990.000,0,38.038,4.734,35.976,4.396,7.651,755.307,21.606,1,217.839
991.000,0,46.108,4.957,31.411,4.516,6.292,692.270,78.539,1,161.430
992.000,0,43.225,4.929,30.217,4.339,8.404,425.058,16.931,1,267.921
993.000,0,41.149,4.862,36.696,5.671,6.984,421.577,67.694,1,275.387
994.000,0,47.417,5.084,35.188,4.502,7.990,331.155,57.940,1,465.680
995.000,0,45.891,5.106,33.026,3.750,9.334,637.848,69.343,1,164.568
996.000,0,50.573,4.966,34.239,3.865,9.222,658.551,43.077,1,799.311
997.000,0,52.387,4.912,39.631,5.896,9.190,790.805,15.804,1,134.053
998.000,0,50.139,5.032,37.574,5.724,9.479,552.645,66.300,1,400.680
999.000,0,41.614,5.233,32.714,4.790,9.575,320.393,48.742,1,255.137
0.000,1,42.403,4.722,43.535,2.123,7.290,0.000,79.054,1,1012.621
1.000,1,47.338,5.156,42.043,0.708,3.267,0.000,16.968,0,1102.807
2.000,1,47.610,4.899,47.932,1.749,4.811,0.000,44.045,0,1051.302
3.000,1,47.635,4.876,47.084,1.410,5.029,0.000,69.503,0,889.272
4.000,1,41.292,5.022,43.343,2.375,4.371,0.000,47.047,0,810.272
5.000,1,43.191,4.701,45.729,1.175,4.737,0.000,79.376,1,991.974
6.000,1,49.063,5.028,46.596,0.799,5.156,0.000,79.050,0,936.786
7.000,1,45.786,4.928,47.433,1.304,7.893,0.000,36.286,0,1158.039
8.000,1,42.206,5.102,47.587,2.519,7.540,0.000,36.561,0,1262.742
9.000,1,41.116,4.868,46.939,1.567,4.770,0.000,42.499,0,1143.032
10.000,1,44.255,4.974,48.243,1.924,5.212,0.000,61.247,0,1181.709
11.000,1,37.313,5.153,45.059,0.840,5.183,0.000,42.152,1,1138.207
12.000,1,42.186,5.033,49.415,1.895,6.620,0.000,30.670,0,1079.503
13.000,1,39.446,5.063,48.325,0.989,7.444,0.000,26.088,1,1214.595
14.000,1,51.133,5.221,47.547,1.341,6.228,0.000,48.911,0,990.613
15.000,1,46.874,4.908,48.341,2.045,4.364,0.000,44.586,0,1295.661
16.000,1,48.507,5.059,44.291,2.313,6.666,0.000,63.929,0,864.331
17.000,1,56.612,5.156,46.146,1.211,6.563,0.000,72.690,1,1166.816
18.000,1,45.825,5.285,48.268,1.680,6.984,0.000,43.379,0,909.547
19.000,1,42.368,5.096,45.079,1.255,3.529,0.000,49.216,0,1035.086
20.000,1,35.563,4.919,47.387,2.097,5.274,0.000,61.066,0,1285.856
21.000,1,44.791,4.906,41.121,0.992,4.988,0.000,59.356,1,1098.726
22.000,1,40.584,4.828,46.378,2.655,3.264,0.000,41.193,0,823.492
23.000,1,46.236,4.802,43.369,0.962,4.505,0.000,65.541,1,920.363
24.000,1,48.428,5.294,45.489,1.208,6.460,0.000,58.201,0,1137.001
25.000,1,39.877,4.922,47.022,0.980,3.881,0.000,55.285,1,1260.403
26.000,1,43.326,4.935,46.102,1.207,4.521,0.000,45.619,0,1140.016
27.000,1,44.163,4.997,44.926,1.780,3.431,0.000,19.181,1,977.010
28.000,1,46.104,5.051,44.963,1.522,6.074,0.000,19.190,0,987.281
29.000,1,46.441,4.943,43.472,1.916,7.613,0.000,37.785,0,1072.143
30.000,1,41.223,4.978,47.968,2.090,7.120,0.000,60.284,1,1341.999
31.000,1,49.199,5.217,47.709,0.987,6.969,0.000,78.028,0,1292.094
32.000,1,45.822,4.855,46.905,1.122,3.302,0.000,73.624,0,1152.328
33.000,1,43.275,4.795,46.288,1.890,6.018,0.000,17.996,0,1106.403
34.000,1,42.370,4.966,51.331,2.087,4.032,0.000,49.185,0,1214.896
35.000,1,41.505,4.928,42.174,2.019,8.664,0.000,36.694,0,1077.707
36.000,1,48.394,5.321,47.711,1.247,4.680,0.000,60.635,1,968.716
37.000,1,45.472,4.752,46.763,2.058,6.058,0.000,15.059,1,906.552
38.000,1,44.760,4.960,43.598,2.331,7.289,0.000,47.397,0,1070.935
39.000,1,40.078,5.208,45.248,0.885,5.291,0.000,33.847,0,1206.998
40.000,1,40.950,5.110,42.722,1.942,4.511,0.000,10.079,0,914.249
41.000,1,43.564,5.006,47.594,2.226,3.216,0.000,39.167,0,1131.253
42.000,1,43.897,4.964,46.128,2.283,6.247,0.000,20.414,0,1101.183
43.000,1,41.121,5.119,43.360,1.265,5.590,0.000,57.347,0,935.874
44.000,1,43.278,5.106,43.427,2.360,7.062,0.000,44.185,0,1085.084
45.000,1,41.000,4.888,43.308,1.871,5.014,0.000,58.805,0,1294.837
46.000,1,38.775,5.133,45.687,1.296,6.937,0.000,78.437,0,1034.732
47.000,1,50.262,5.068,44.299,1.687,5.353,0.000,42.517,1,1094.018
48.000,1,52.895,5.009,45.604,2.191,8.473,0.000,19.982,0,1169.686
49.000,1,41.083,4.993,45.959,1.095,5.038,0.000,11.787,0,873.075
50.000,1,42.813,5.012,46.145,1.032,4.850,0.000,45.756,0,1174.798
51.000,1,43.298,5.107,41.511,1.010,4.274,0.000,46.249,0,923.519
52.000,1,45.115,5.167,44.006,0.908,5.567,0.000,59.802,1,988.455
53.000,1,50.720,5.038,43.519,2.330,8.328,0.000,13.377,0,1093.868
54.000,1,51.172,5.292,42.049,1.222,8.053,0.000,13.355,0,1060.704
55.000,1,48.105,4.964,42.306,2.682,5.675,0.000,34.039,1,1046.010
56.000,1,39.596,4.946,48.734,2.150,5.470,0.000,53.379,1,1116.633
57.000,1,47.296,4.941,42.369,2.286,2.254,0.000,74.202,0,1081.634
58.000,1,45.334,4.777,44.578,1.590,6.916,0.000,55.740,0,1154.675
59.000,1,52.854,4.967,49.952,1.368,6.984,0.000,17.253,1,1136.053
60.000,1,49.343,4.956,41.689,1.145,6.394,0.000,34.830,0,1025.389
61.000,1,48.254,5.129,47.486,1.967,4.561,0.000,78.664,0,1018.430
62.000,1,47.898,5.276,47.787,3.209,10.783,0.000,50.248,1,744.971
63.000,1,56.568,4.591,43.258,2.652,7.213,0.000,15.426,1,1024.825
64.000,1,44.835,5.242,45.949,1.723,7.468,0.000,68.326,1,1204.847
65.000,1,47.814,4.796,44.743,1.079,5.476,0.000,55.971,0,1175.778
66.000,1,43.450,4.967,46.884,1.311,4.793,0.000,27.106,0,1217.323
67.000,1,52.624,5.308,42.904,1.744,6.492,0.000,20.275,1,1276.031
68.000,1,46.127,4.885,40.190,2.287,7.322,0.000,43.883,1,993.457
69.000,1,51.373,4.833,42.876,1.089,5.441,0.000,31.190,0,1042.079
70.000,1,43.659,4.980,41.470,1.124,8.128,0.000,46.084,0,1052.176
71.000,1,40.103,4.930,43.474,1.380,6.173,0.000,35.898,0,1140.060
72.000,1,45.286,5.379,47.102,0.980,6.029,0.000,14.206,0,975.526
73.000,1,46.555,5.183,49.031,1.886,5.234,0.000,59.011,0,1132.542
74.000,1,42.667,5.193,45.816,0.982,4.683,0.000,12.789,0,703.577
75.000,1,41.749,4.524,48.216,2.476,6.058,0.000,59.587,1,792.247
76.000,1,46.160,4.806,42.275,1.004,8.674,0.000,28.652,0,1175.547
77.000,1,34.073,5.131,47.896,1.967,6.828,0.000,51.911,0,785.168
78.000,1,39.572,5.070,44.839,1.954,5.213,0.000,20.445,1,1125.343
79.000,1,54.422,5.008,47.998,3.394,5.610,0.000,39.779,1,1027.714
80.000,1,41.775,5.265,43.942,1.980,5.012,0.000,25.770,0,1015.447
81.000,1,48.196,5.161,42.877,1.769,8.111,0.000,45.437,0,1092.635
82.000,1,45.312,5.128,42.145,1.401,8.546,0.000,12.817,0,1099.617
83.000,1,44.567,4.972,45.226,1.063,6.975,0.000,40.378,0,1095.172
84.000,1,46.287,5.266,45.386,1.272,5.552,0.000,11.378,0,959.558
85.000,1,44.404,5.011,47.229,2.651,8.763,0.000,18.630,0,1114.332
86.000,1,49.857,5.084,47.349,0.977,6.632,0.000,42.077,0,1182.920
87.000,1,53.033,5.172,46.282,2.518,5.135,0.000,58.744,1,1010.037
88.000,1,46.909,5.102,46.892,1.691,6.558,0.000,22.118,0,1029.535
89.000,1,42.379,5.018,46.281,2.019,3.595,0.000,41.821,0,1083.766
90.000,1,48.615,4.967,45.674,2.287,6.021,0.000,61.493,0,1052.468
91.000,1,38.211,5.031,42.378,1.154,6.076,0.000,24.523,0,963.826
92.000,1,42.217,4.837,47.109,3.026,5.118,0.000,14.060,0,882.883
93.000,1,39.356,4.797,39.750,1.584,5.076,0.000,44.452,1,1032.654
94.000,1,35.296,5.187,44.493,2.220,5.376,0.000,72.043,0,980.113
95.000,1,39.651,5.015,43.813,1.109,6.283,0.000,38.766,0,1195.382
96.000,1,43.193,5.150,43.940,1.296,7.203,0.000,58.407,0,1011.181
97.000,1,42.498,5.037,43.559,2.098,4.587,0.000,17.371,0,922.240
98.000,1,50.760,5.022,44.614,1.166,6.640,0.000,62.616,0,1082.904
99.000,1,49.514,5.150,42.382,2.477,1.999,0.000,25.458,0,882.399
100.000,1,39.940,5.159,47.904,1.640,7.454,0.000,40.825,1,1277.230
101.000,1,38.191,5.035,43.684,1.933,8.743,0.000,29.473,0,1081.744
102.000,1,46.251,4.753,42.354,3.295,6.427,0.000,48.611,0,1059.634
103.000,1,39.595,5.199,48.172,1.590,6.284,0.000,28.413,0,1109.597
104.000,1,39.435,4.949,44.158,1.194,7.388,0.000,19.141,1,1002.738
105.000,1,46.478,5.172,41.568,1.358,5.302,0.000,24.921,0,914.428
106.000,1,46.887,5.109,43.575,1.574,5.309,0.000,10.618,0,1133.534
107.000,1,40.808,4.714,45.039,1.404,4.293,0.000,13.962,0,916.783
108.000,1,36.104,4.753,46.733,1.845,7.102,0.000,70.459,0,961.780
109.000,1,44.685,4.835,43.887,1.833,6.210,0.000,30.918,1,1082.897
110.000,1,45.075,4.578,44.487,2.799,4.007,0.000,31.164,1,938.026
111.000,1,46.522,5.081,44.861,1.665,5.222,0.000,15.690,0,1073.952
112.000,1,45.435,5.084,44.979,1.369,5.260,0.000,75.291,0,867.973
113.000,1,47.417,4.861,45.332,2.274,3.059,0.000,18.680,0,1208.397
114.000,1,39.745,4.909,47.713,1.636,9.161,0.000,66.536,0,1120.390
115.000,1,41.401,5.035,40.886,1.771,4.557,0.000,34.188,1,1101.391
116.000,1,57.069,4.829,41.192,1.150,5.551,0.000,31.801,1,823.258
117.000,1,47.952,5.091,40.566,2.722,7.418,0.000,74.432,0,1015.049
118.000,1,44.279,5.079,44.096,1.129,2.840,0.000,44.835,0,1227.663
119.000,1,59.838,4.980,44.261,1.671,6.524,0.000,25.720,0,1139.376
120.000,1,45.444,4.853,44.711,2.052,2.939,0.000,36.988,0,1083.408
121.000,1,41.408,5.027,46.508,1.273,4.829,0.000,25.774,0,941.474
122.000,1,46.730,4.856,46.531,1.288,7.322,0.000,34.022,0,903.131
123.000,1,51.572,5.078,38.853,3.736,5.313,0.000,67.661,0,1059.442
124.000,1,54.794,4.909,44.825,1.299,7.270,0.000,59.686,0,1049.914
125.000,1,38.685,5.242,45.619,2.435,6.060,0.000,72.425,0,945.098
126.000,1,48.954,5.333,43.619,1.517,3.436,0.000,24.670,1,851.283
127.000,1,40.120,5.024,44.534,1.499,5.085,0.000,32.127,0,976.379
128.000,1,47.595,4.966,41.253,2.000,4.521,0.000,61.277,0,1021.315
129.000,1,40.599,5.075,41.931,2.725,6.981,0.000,15.184,0,1035.151
130.000,1,44.001,5.080,40.088,1.443,4.332,0.000,12.048,0,1041.758
131.000,1,47.158,5.164,44.693,3.131,7.152,0.000,27.233,0,1218.881
132.000,1,43.395,4.878,46.503,1.263,6.852,0.000,27.490,0,993.495
133.000,1,39.732,4.885,45.880,1.445,5.867,0.000,76.652,0,1146.140
134.000,1,36.416,4.989,43.469,1.923,6.210,0.000,57.144,0,975.367
135.000,1,46.128,5.095,47.215,1.112,7.222,0.000,52.513,0,1088.359
136.000,1,46.483,4.871,43.398,2.090,5.207,0.000,72.136,0,884.637
137.000,1,50.017,5.181,44.733,2.079,4.831,0.000,21.907,0,1372.439
138.000,1,46.077,4.836,44.067,1.914,6.323,0.000,70.376,1,1234.330
139.000,1,46.408,5.080,46.414,1.648,6.978,0.000,79.344,0,1054.321
140.000,1,39.329,4.713,44.716,1.222,8.383,0.000,28.999,0,851.844
141.000,1,48.170,4.971,45.769,2.084,5.772,0.000,13.883,0,903.974
142.000,1,43.657,5.099,47.029,1.272,5.423,0.000,13.661,0,891.111
143.000,1,47.711,5.123,44.429,3.487,6.199,0.000,44.123,1,885.650
144.000,1,41.305,5.158,44.951,2.566,5.638,0.000,43.184,0,823.114
145.000,1,36.856,5.033,44.594,1.274,4.153,0.000,44.190,0,962.458
146.000,1,45.733,4.989,44.181,1.910,3.319,0.000,49.070,0,979.233
147.000,1,50.274,4.951,43.867,2.112,4.051,0.000,22.343,0,915.881
148.000,1,49.998,5.144,47.525,2.373,3.377,0.000,77.647,0,880.054
149.000,1,43.488,5.036,43.804,1.715,6.126,0.000,25.873,0,899.965
150.000,1,51.881,4.584,47.022,2.042,4.665,0.000,38.489,0,925.135
151.000,1,41.656,4.955,47.689,1.233,5.543,0.000,34.489,0,948.655
152.000,1,54.136,4.922,45.307,1.735,6.304,0.000,46.493,0,800.628
153.000,1,47.550,5.023,44.042,1.413,5.023,0.000,34.645,0,940.024
154.000,1,39.877,4.975,42.735,1.759,4.525,0.000,71.484,0,915.951
155.000,1,47.174,5.058,44.211,1.472,7.142,0.000,42.540,0,622.110
156.000,1,51.924,5.038,41.626,1.564,7.151,0.000,39.595,0,741.536
157.000,1,46.977,4.829,44.109,2.260,7.381,0.000,75.503,0,1043.415
158.000,1,40.593,5.023,45.397,1.293,5.729,0.000,65.661,0,1031.177
159.000,1,39.757,4.838,40.671,2.788,4.606,0.000,30.661,0,972.607
160.000,1,42.520,4.996,46.058,2.246,7.435,0.000,55.375,0,934.167
161.000,1,34.779,4.716,44.484,2.554,4.449,0.000,33.517,0,818.422
162.000,1,44.575,4.938,44.866,1.427,2.874,0.000,56.831,0,1091.775
163.000,1,50.929,4.700,39.215,2.099,4.030,4.009,63.587,1,785.722
164.000,1,44.726,4.878,45.038,2.043,5.950,0.000,15.513,0,1061.704
165.000,1,46.205,4.737,46.283,2.139,6.899,0.000,57.162,1,871.152
166.000,1,52.308,5.117,45.877,1.332,6.960,0.000,55.091,0,847.941
167.000,1,46.058,5.130,43.762,1.547,6.491,0.000,68.039,0,1339.492
168.000,1,45.847,4.856,40.224,1.268,5.916,0.000,37.927,0,844.383
169.000,1,38.962,5.169,41.796,1.540,6.038,0.000,22.436,1,875.638
170.000,1,43.552,4.983,45.302,2.447,4.615,0.000,19.126,0,980.478
171.000,1,48.218,4.914,43.219,2.203,6.950,0.000,71.621,0,675.958
172.000,1,44.649,5.106,43.801,1.360,5.925,0.000,58.542,0,1030.247
173.000,1,41.643,5.000,45.823,1.447,6.947,0.000,59.199,0,1113.394
174.000,1,51.562,4.883,44.264,1.338,4.228,0.000,55.691,0,757.791
175.000,1,40.571,4.880,42.560,2.233,7.176,21.054,23.353,0,1006.292
176.000,1,40.262,5.099,46.193,2.726,7.361,0.000,42.186,1,956.130
177.000,1,45.757,4.956,47.461,1.523,7.943,0.000,55.340,1,788.088
178.000,1,46.421,5.131,45.312,2.115,4.961,0.000,30.304,0,1098.523
179.000,1,43.904,4.909,46.361,2.319,5.514,0.000,20.618,0,1373.436
180.000,1,47.674,5.152,47.305,1.789,5.782,0.000,26.970,0,1063.256
181.000,1,35.703,5.121,40.413,1.266,6.179,0.000,24.199,1,1097.744
182.000,1,49.453,5.294,42.207,1.271,3.441,0.000,77.178,0,960.339
183.000,1,53.322,4.535,42.196,1.410,4.104,25.994,15.302,1,1246.544
184.000,1,47.972,4.925,48.389,1.571,6.473,0.000,66.277,0,853.078
185.000,1,49.213,4.666,39.398,1.498,5.935,0.000,42.348,0,1078.238
186.000,1,54.011,5.172,40.267,1.318,5.345,0.000,44.886,0,1049.171
187.000,1,43.352,4.835,48.411,2.665,3.947,0.000,39.102,0,1073.572
188.000,1,42.880,4.956,42.688,3.008,6.044,0.000,30.438,1,1123.310
189.000,1,41.555,4.976,38.033,1.757,6.990,0.000,38.201,1,924.485
190.000,1,46.989,5.353,46.057,3.432,4.920,0.000,21.226,0,1039.374
191.000,1,48.413,4.858,48.526,1.285,7.042,34.434,48.404,1,975.385
192.000,1,48.572,5.065,41.125,1.756,6.278,23.111,45.974,0,1053.930
193.000,1,47.195,5.172,42.217,1.376,4.130,0.000,28.966,0,898.715
194.000,1,42.485,5.205,43.303,1.720,6.231,0.000,12.729,0,756.641
195.000,1,49.930,5.032,43.254,2.092,8.305,0.000,39.794,0,1148.344
196.000,1,41.982,5.050,46.752,2.329,5.807,0.000,34.410,0,1123.140
197.000,1,43.455,5.012,43.003,1.970,5.649,0.000,13.347,0,930.567
198.000,1,45.097,5.042,41.280,2.480,5.063,0.000,61.299,0,1150.726
199.000,1,45.657,5.047,46.021,1.595,4.419,0.000,58.360,0,1101.906
200.000,1,50.771,5.083,45.493,3.024,4.728,0.000,11.916,0,1143.792
201.000,1,46.442,4.875,42.212,2.497,7.372,0.000,73.800,1,1036.261
202.000,1,47.454,5.220,43.562,2.439,7.215,0.000,22.732,0,785.943
203.000,1,37.807,5.247,49.342,2.139,4.099,0.000,14.725,1,795.977
204.000,1,57.605,4.608,44.714,1.497,4.264,0.000,27.660,0,599.148
205.000,1,45.029,4.815,47.920,2.092,7.932,0.000,68.120,0,728.244
206.000,1,42.530,4.848,40.929,1.554,5.323,0.000,34.401,0,798.162
207.000,1,43.095,5.133,37.766,1.906,8.118,0.000,39.934,0,752.489
208.000,1,38.234,4.928,41.139,1.458,8.234,0.000,33.789,1,1195.847
209.000,1,41.607,4.729,43.414,1.393,4.280,0.000,30.142,1,941.518
210.000,1,50.489,5.155,42.647,1.923,5.393,0.000,58.163,1,893.648
211.000,1,42.859,5.034,42.715,2.805,4.878,0.000,39.818,0,1089.148
212.000,1,37.899,4.729,42.885,1.799,5.325,0.000,12.406,0,914.034
213.000,1,42.957,5.065,43.903,3.158,4.840,0.000,31.387,0,945.072
214.000,1,46.369,5.143,44.028,3.101,5.106,0.000,62.587,1,854.693
215.000,1,41.874,5.047,37.673,2.465,6.986,0.000,57.154,0,887.443
216.000,1,43.914,4.979,40.903,1.802,4.759,0.000,55.704,0,846.560
217.000,1,44.410,5.052,39.511,2.271,4.265,0.000,67.571,0,1002.003
218.000,1,39.655,4.911,46.130,1.831,7.648,39.851,73.041,0,910.801
219.000,1,53.938,5.090,40.661,2.028,6.367,0.000,27.972,0,858.702
220.000,1,48.589,4.838,41.493,1.802,8.832,0.000,73.234,0,914.382
221.000,1,45.612,5.181,43.588,2.559,8.186,0.000,40.734,1,1226.764
222.000,1,38.898,4.879,45.710,2.428,5.021,0.000,69.415,0,981.045
223.000,1,34.489,5.098,45.176,2.353,8.503,0.000,27.462,0,1318.848
224.000,1,42.523,4.803,44.146,2.070,4.828,0.000,78.177,0,867.663
225.000,1,44.555,4.891,43.616,2.592,4.872,1.794,10.848,0,1030.766
226.000,1,44.507,5.043,44.461,2.481,5.411,0.000,55.321,0,747.496
227.000,1,35.693,4.871,45.125,1.811,5.832,0.000,67.661,1,765.735
228.000,1,46.522,4.831,42.106,2.398,6.355,0.000,18.621,0,974.834
229.000,1,42.952,5.153,40.067,1.619,3.880,12.325,28.807,1,1034.904
230.000,1,52.717,4.761,43.502,1.860,6.096,19.565,72.378,0,772.319
231.000,1,49.477,4.811,45.028,1.440,3.661,0.000,40.285,0,1088.887
232.000,1,40.873,5.140,46.018,2.044,6.032,0.000,71.526,1,979.360
233.000,1,42.798,4.753,46.708,2.405,7.773,0.000,38.163,0,807.251
234.000,1,52.176,5.162,41.440,1.506,6.236,0.000,38.953,0,947.013
235.000,1,48.616,5.139,43.517,2.406,7.260,0.000,15.791,0,992.433
236.000,1,48.717,5.176,41.346,1.823,6.958,0.000,78.546,0,1045.078
237.000,1,46.460,4.962,45.995,2.463,5.554,0.000,56.412,0,919.191
238.000,1,51.952,5.009,43.130,2.000,5.241,0.000,55.510,0,1039.488
239.000,1,44.894,4.959,45.055,1.522,6.425,0.000,70.487,0,827.575
240.000,1,46.375,4.838,38.939,2.267,6.066,0.000,10.805,0,975.174
241.000,1,53.926,5.149,42.672,2.202,5.387,0.000,40.379,0,914.428
242.000,1,51.483,4.978,40.377,2.946,5.675,0.000,71.044,0,921.856
243.000,1,44.280,4.849,47.398,1.601,3.735,19.662,41.978,0,973.870
244.000,1,50.723,4.813,44.289,1.692,3.483,0.000,18.598,0,717.663
245.000,1,48.738,4.668,41.925,2.058,7.327,0.000,28.626,0,690.621
246.000,1,55.948,5.223,41.169,1.597,5.691,0.000,76.479,1,948.061
247.000,1,50.988,5.205,45.272,3.840,6.272,0.000,68.548,0,884.824
248.000,1,41.492,5.000,39.957,1.636,7.702,0.000,71.175,0,875.124
249.000,1,45.242,4.885,41.497,1.815,6.733,0.000,74.431,0,874.900
250.000,1,37.320,5.116,41.097,1.632,5.195,0.000,67.151,1,1025.351
251.000,1,46.316,4.994,40.618,2.523,5.113,0.000,74.854,0,1017.163
252.000,1,47.530,5.111,40.505,1.989,2.684,0.000,76.752,0,929.641
253.000,1,44.084,5.119,48.292,2.947,5.907,64.700,50.065,0,703.573
254.000,1,38.010,4.777,42.795,1.623,5.165,36.512,41.251,0,682.644
255.000,1,58.561,5.173,36.987,2.087,4.097,0.000,68.490,1,569.030
256.000,1,47.277,5.014,44.231,1.710,5.626,0.000,32.712,0,973.667
257.000,1,45.016,5.047,39.936,1.640,6.633,106.212,17.303,1,973.570
258.000,1,42.646,4.929,38.547,1.657,6.916,17.279,60.707,1,742.295
259.000,1,32.696,5.054,48.918,1.968,4.581,0.000,54.779,1,1098.299
260.000,1,42.694,5.085,45.369,1.554,2.484,6.668,24.788,0,809.144
261.000,1,41.108,5.053,44.913,2.200,5.171,0.000,58.817,0,874.903
262.000,1,39.733,5.137,41.258,2.738,8.208,0.000,30.520,1,871.126
263.000,1,46.649,5.079,46.237,3.184,5.618,0.000,21.704,1,976.480
264.000,1,47.355,5.016,40.012,1.890,5.434,0.000,45.096,0,1225.641
265.000,1,46.954,5.023,42.426,2.946,7.693,0.000,53.285,0,1145.821
266.000,1,45.333,4.998,43.753,1.875,6.645,0.000,76.964,0,945.516
267.000,1,44.039,5.186,45.113,3.350,5.656,0.000,61.054,1,795.186
268.000,1,42.933,4.848,39.122,1.576,8.428,0.000,24.436,0,1019.156
269.000,1,45.358,5.094,44.077,1.722,3.636,0.000,66.102,0,890.233
270.000,1,49.229,4.813,44.014,2.034,8.310,0.000,53.855,0,891.327
271.000,1,52.439,4.956,44.113,2.135,7.060,0.000,42.252,0,847.374
272.000,1,43.872,5.032,42.553,3.203,5.492,0.000,27.382,0,809.052
273.000,1,47.335,5.249,45.890,2.246,7.783,0.000,56.278,0,807.823
274.000,1,35.622,5.099,42.220,2.416,6.040,0.000,16.394,0,1003.003
275.000,1,40.582,4.791,45.529,1.679,9.178,35.486,52.107,1,928.092
276.000,1,40.534,4.766,42.861,3.495,5.152,83.778,30.109,0,874.949
277.000,1,60.327,4.929,42.744,2.211,6.961,0.000,22.184,0,992.978
278.000,1,39.517,5.115,42.999,1.720,6.652,0.000,59.638,0,951.982
279.000,1,43.684,5.031,40.586,1.732,5.246,11.278,70.984,0,783.551
280.000,1,44.071,5.011,44.268,1.584,5.612,0.000,19.892,0,662.389
281.000,1,43.574,4.856,44.891,1.794,8.939,0.000,17.093,1,943.574
282.000,1,41.260,5.071,41.740,2.631,6.906,0.000,66.501,0,951.171
283.000,1,47.097,4.878,45.380,2.143,6.746,0.000,29.852,0,1083.821
284.000,1,51.418,5.239,45.509,3.353,5.882,40.455,69.294,0,601.157
285.000,1,42.695,4.904,40.836,2.167,8.078,0.000,14.984,0,1005.276
286.000,1,49.741,5.296,41.373,2.561,5.444,6.227,78.532,0,775.496
287.000,1,33.477,4.824,44.140,1.641,6.776,0.000,41.319,0,821.411
288.000,1,46.895,5.016,43.058,3.385,7.267,0.000,64.922,0,815.843
289.000,1,41.495,5.289,40.743,2.607,4.722,0.000,50.885,0,1000.411
290.000,1,47.040,5.498,37.089,1.645,7.461,0.000,12.795,1,811.250
291.000,1,42.787,5.176,43.800,2.834,6.994,45.596,33.169,1,827.129
292.000,1,47.127,4.983,48.380,2.554,6.348,0.000,24.887,0,888.465
293.000,1,42.207,4.955,48.262,1.792,4.524,0.000,16.769,0,1136.281
294.000,1,43.525,5.182,43.054,2.474,6.926,0.000,23.309,1,1081.203
295.000,1,51.195,5.131,43.110,3.162,7.182,133.043,64.924,0,943.931
296.000,1,39.134,4.889,41.906,1.944,7.608,46.334,58.680,1,722.575
297.000,1,45.473,4.577,42.503,1.819,6.376,134.654,49.662,0,822.980
298.000,1,45.148,5.057,42.829,2.903,5.382,0.000,60.869,1,631.673
299.000,1,45.741,5.134,45.710,1.701,3.715,139.506,56.742,0,829.169
300.000,1,44.408,5.000,39.937,2.456,4.981,74.083,54.189,1,1251.452
301.000,1,33.711,5.258,43.231,2.114,6.955,64.604,27.568,0,808.554
302.000,1,39.187,5.171,39.290,2.136,6.494,118.351,37.033,1,941.971
303.000,1,44.102,4.978,39.801,2.699,6.395,73.134,75.232,0,995.667
304.000,1,52.318,4.809,41.045,1.695,6.411,0.000,17.129,1,942.838
305.000,1,46.320,5.184,42.084,2.049,8.771,0.000,48.206,0,736.607
306.000,1,52.327,4.944,41.867,2.030,5.319,0.000,23.792,0,792.625
307.000,1,41.165,4.985,38.352,2.320,5.935,92.295,30.704,1,959.954
308.000,1,55.638,4.982,39.719,1.761,4.806,0.000,53.274,1,825.838
309.000,1,40.920,4.768,43.396,2.022,6.622,26.704,28.395,1,698.299
310.000,1,45.636,4.968,40.903,1.905,6.803,0.000,66.747,0,824.362
311.000,1,36.684,4.939,44.400,2.687,7.807,0.000,38.019,0,900.678
312.000,1,40.479,5.013,43.713,2.884,5.739,53.058,61.292,0,538.139
313.000,1,55.897,5.164,43.176,2.943,6.714,127.355,54.670,1,991.178
314.000,1,43.901,5.147,39.961,2.524,1.796,103.519,40.518,0,758.304
315.000,1,46.621,5.130,42.888,3.023,5.922,0.000,26.766,0,915.815
316.000,1,31.778,5.100,40.514,2.877,5.929,137.563,30.676,0,1025.595
317.000,1,45.878,5.227,43.320,2.451,4.967,0.000,48.041,0,922.975
318.000,1,43.857,4.980,39.885,2.363,7.631,0.000,23.325,1,782.743
319.000,1,48.936,4.849,39.846,3.661,5.881,0.000,58.116,0,1241.874
320.000,1,45.841,4.734,43.312,2.793,6.156,0.000,42.857,1,1116.764
321.000,1,41.515,5.065,41.483,2.324,5.661,106.206,33.942,1,808.141
322.000,1,39.634,4.885,39.824,2.892,5.555,67.565,65.858,0,900.697
323.000,1,44.769,4.971,42.949,1.735,9.125,52.027,17.743,0,829.710
324.000,1,41.277,5.262,44.720,3.782,5.830,0.000,46.976,1,658.808
325.000,1,40.378,4.864,41.123,1.863,6.746,100.341,45.320,0,1142.779
326.000,1,48.836,5.125,44.529,2.203,2.885,0.000,77.006,0,526.348
327.000,1,48.472,4.669,35.844,2.554,6.624,173.424,15.081,0,1030.062
328.000,1,49.835,4.662,39.945,3.149,6.195,103.841,19.752,0,873.722
329.000,1,44.155,5.106,40.467,2.686,3.726,104.392,46.530,0,1032.959
330.000,1,49.723,4.687,45.326,1.994,6.007,0.000,79.739,1,756.888
331.000,1,46.802,5.048,42.874,2.072,6.874,0.000,67.386,0,716.562
332.000,1,35.714,5.038,38.419,3.400,5.298,28.385,28.362,1,842.033
333.000,1,52.852,4.980,43.521,2.511,7.354,0.000,58.655,0,1038.913
334.000,1,52.068,4.971,39.447,2.524,4.842,0.000,58.582,0,939.596
335.000,1,44.899,4.903,45.614,2.790,2.872,0.544,24.487,0,969.838
336.000,1,53.537,5.114,43.555,1.991,4.912,0.000,75.985,1,940.054
337.000,1,40.466,4.775,43.750,3.162,6.237,0.000,69.024,0,846.241
338.000,1,48.027,5.387,44.747,2.201,6.907,171.729,68.842,1,917.814
339.000,1,41.129,4.896,42.030,1.955,4.250,0.000,61.647,0,1107.581
340.000,1,43.083,5.172,44.901,2.128,6.429,68.415,26.576,0,861.442
341.000,1,41.778,5.029,41.535,2.988,3.924,0.000,59.692,0,1024.372
342.000,1,44.305,4.947,39.947,3.061,7.829,110.059,50.261,1,722.516
343.000,1,47.079,4.924,42.548,1.965,7.920,0.000,23.946,1,909.912
344.000,1,48.815,5.203,45.189,3.487,5.887,0.000,55.379,0,875.768
345.000,1,44.838,4.885,42.115,1.966,4.341,0.000,71.956,1,899.116
346.000,1,45.971,5.020,38.777,1.794,7.272,112.306,42.520,0,871.595
347.000,1,46.341,4.812,43.446,2.230,2.561,0.000,23.761,0,688.040
348.000,1,47.057,4.936,39.165,1.929,6.654,0.000,19.584,0,572.533
349.000,1,39.608,4.956,37.593,2.806,9.171,0.000,15.263,0,877.317
350.000,1,47.545,5.102,44.156,2.704,6.850,171.205,23.519,0,622.557
351.000,1,42.807,4.976,43.748,2.613,6.865,0.000,38.322,0,930.899
352.000,1,44.793,4.970,38.410,2.331,8.401,0.000,17.191,0,925.423
353.000,1,35.950,5.307,44.919,2.007,7.449,0.000,34.530,1,926.265
354.000,1,44.652,4.947,40.790,2.138,7.558,133.819,77.975,0,911.768
355.000,1,38.605,4.865,39.043,2.002,7.099,0.000,44.392,0,746.462
356.000,1,44.644,5.304,47.009,1.945,3.826,58.900,67.079,0,914.957
357.000,1,44.318,5.208,41.389,2.563,6.786,191.264,41.940,1,643.056
358.000,1,46.108,5.193,45.645,3.148,6.854,0.000,79.778,1,957.193
359.000,1,51.865,4.990,39.463,1.784,6.646,121.590,47.772,0,964.218
360.000,1,48.392,5.282,40.324,4.203,5.811,0.000,38.537,1,763.502
361.000,1,48.491,5.093,42.202,2.539,6.724,32.733,64.283,0,630.230
362.000,1,48.828,5.242,45.386,2.579,4.848,0.000,72.572,0,600.614
363.000,1,39.930,4.899,42.679,2.319,5.105,0.000,46.181,0,707.065
364.000,1,42.373,4.833,40.423,1.820,6.660,4.635,67.382,0,788.639
365.000,1,50.058,5.047,42.716,2.085,7.727,161.092,22.722,0,974.247
366.000,1,51.152,5.133,39.410,2.511,6.397,39.858,59.253,0,782.923
367.000,1,44.136,5.068,42.775,2.689,5.343,0.000,35.670,1,955.070
368.000,1,46.169,4.997,41.075,2.592,3.876,124.419,20.685,0,1062.377
369.000,1,49.345,5.065,41.600,1.908,6.127,0.000,51.641,0,955.935
370.000,1,40.311,4.980,40.487,1.843,5.164,0.000,54.063,0,713.915
371.000,1,48.000,4.911,46.010,2.613,8.675,70.944,27.333,0,1040.497
372.000,1,53.229,4.997,38.047,2.061,5.583,0.000,70.181,0,1053.446
373.000,1,43.757,5.022,42.757,2.502,9.227,164.427,43.628,1,962.907
374.000,1,41.350,5.148,39.735,3.516,7.241,27.885,65.580,1,868.350
375.000,1,46.740,4.996,43.373,1.827,6.053,69.470,36.219,0,706.859
376.000,1,51.074,5.185,41.384,2.132,3.553,12.698,78.670,0,823.492
377.000,1,37.845,5.047,41.642,3.865,5.321,0.000,72.865,1,897.157
378.000,1,51.874,5.144,46.029,2.911,7.151,184.815,67.728,1,472.554
379.000,1,51.074,5.205,38.599,2.045,6.034,98.288,61.178,1,740.858
380.000,1,44.930,5.110,43.628,1.957,5.009,54.477,59.718,0,779.678
381.000,1,46.827,5.229,44.213,3.237,8.393,208.967,61.901,1,540.580
382.000,1,44.446,5.096,43.077,2.689,6.634,0.000,40.076,0,857.731
383.000,1,38.392,4.732,42.687,2.596,6.414,0.000,18.921,0,903.740
384.000,1,39.564,4.984,42.644,2.335,4.727,38.792,56.122,0,791.984
385.000,1,45.508,5.160,42.002,2.958,5.281,143.175,25.929,0,782.286
386.000,1,48.247,4.852,40.873,1.966,4.478,112.592,34.472,0,831.751
387.000,1,40.949,5.087,43.714,3.004,6.371,0.000,60.600,0,1012.079
388.000,1,47.338,4.998,42.224,3.385,6.342,0.000,22.316,1,836.290
389.000,1,52.767,5.282,39.598,1.884,8.292,0.000,27.106,0,782.157
390.000,1,39.596,5.021,43.402,3.969,6.682,194.997,73.261,1,996.496
391.000,1,43.678,5.149,40.141,3.686,5.401,0.000,46.032,0,757.749
392.000,1,42.226,5.186,38.239,2.684,5.491,0.000,32.592,0,734.193
393.000,1,43.628,4.962,45.374,2.208,6.134,40.314,56.049,0,837.624
394.000,1,49.577,5.083,43.672,2.526,5.448,227.348,18.364,0,1143.447
395.000,1,44.135,5.288,40.534,2.594,9.571,0.000,55.218,0,795.037
396.000,1,46.013,5.124,45.904,2.968,6.369,213.600,20.745,0,671.613
397.000,1,45.675,5.002,40.689,1.920,7.437,0.000,16.963,0,760.850
398.000,1,35.110,5.011,43.995,3.021,3.557,202.088,58.732,0,997.066
399.000,1,46.016,4.799,41.904,2.965,8.795,203.698,36.037,1,758.894
400.000,1,48.336,5.127,39.014,2.042,5.162,114.068,71.940,0,1045.894
401.000,1,45.728,4.858,44.221,2.028,7.852,204.385,35.433,1,742.293
402.000,1,47.982,5.100,41.372,2.276,7.477,77.757,45.379,1,973.446
403.000,1,45.455,4.979,42.143,2.010,5.178,0.000,58.576,0,688.798
404.000,1,46.953,5.024,44.561,3.355,3.191,0.000,54.416,0,487.499
405.000,1,42.018,4.819,40.761,2.571,6.755,0.000,24.231,0,832.088
406.000,1,47.678,5.093,38.270,2.664,8.656,33.342,25.030,0,848.320
407.000,1,43.402,4.954,46.914,2.900,7.052,0.000,61.982,0,894.592
408.000,1,46.543,5.101,38.690,3.065,6.210,0.000,23.653,0,873.875
409.000,1,39.854,5.027,39.596,2.652,5.887,184.344,13.300,0,882.630
410.000,1,45.588,5.052,41.179,3.523,7.154,0.000,60.804,0,861.714
411.000,1,49.542,5.166,47.671,1.995,8.651,0.000,53.874,0,951.477
412.000,1,42.665,4.930,37.230,3.190,6.449,114.582,43.613,0,692.892
413.000,1,50.262,4.708,39.262,2.848,5.904,144.278,16.272,0,672.257
414.000,1,40.763,4.535,44.857,3.852,7.734,46.420,10.630,1,929.776
415.000,1,43.781,4.933,43.764,3.044,6.506,0.000,76.383,0,732.328
416.000,1,46.513,4.931,39.886,2.833,3.722,210.764,35.468,0,736.625
417.000,1,49.227,5.319,40.573,2.583,7.022,251.276,45.816,1,844.667
418.000,1,38.680,5.057,39.038,2.513,9.531,0.000,24.449,1,684.030
419.000,1,39.429,5.181,41.181,2.330,7.706,249.209,46.733,1,544.340
420.000,1,47.444,4.950,39.797,2.282,6.023,116.527,56.251,0,1077.816
421.000,1,41.385,4.958,43.296,2.842,7.185,0.000,77.689,0,913.853
422.000,1,48.934,5.285,43.834,2.671,7.331,0.000,69.662,1,761.695
423.000,1,44.200,4.935,40.085,3.524,7.629,87.602,34.707,0,915.594
424.000,1,42.847,5.074,41.468,2.717,9.111,272.463,27.136,0,772.526
425.000,1,51.142,5.243,42.375,3.794,6.403,0.000,74.884,0,879.037
426.000,1,39.788,4.873,39.749,2.310,6.843,0.000,70.021,0,969.280
427.000,1,47.925,5.166,40.410,3.240,6.017,0.000,65.298,1,828.959
428.000,1,51.518,4.891,38.696,2.075,4.962,63.905,20.618,1,830.362
429.000,1,41.975,5.129,41.519,2.210,8.667,234.555,13.849,0,959.520
430.000,1,58.605,4.735,40.853,2.498,4.646,138.403,21.279,0,746.271
431.000,1,34.085,4.969,43.400,2.950,8.410,108.900,46.353,1,636.964
432.000,1,42.737,4.924,43.084,2.132,7.916,0.000,10.642,0,1017.252
433.000,1,51.597,4.923,38.501,3.063,9.400,0.000,38.240,1,1026.046
434.000,1,46.043,4.812,38.597,2.495,8.972,15.053,64.087,0,969.213
435.000,1,47.340,4.961,39.399,2.730,6.163,0.000,24.754,0,754.506
436.000,1,57.975,5.221,42.094,3.000,8.856,0.000,40.225,1,736.456
437.000,1,42.127,5.285,41.830,3.905,5.192,0.000,21.121,1,760.952
438.000,1,43.719,5.025,41.733,3.290,5.740,0.000,61.989,0,858.106
439.000,1,44.515,4.633,41.313,2.371,7.813,0.000,30.751,1,808.452
440.000,1,51.859,4.928,39.534,4.627,4.927,186.485,42.342,1,738.421
441.000,1,49.579,5.152,39.847,2.091,6.308,165.741,32.018,0,914.617
442.000,1,44.091,4.813,40.696,2.883,4.781,150.891,27.060,0,926.729
443.000,1,38.310,4.920,38.534,2.070,7.496,170.876,56.202,0,976.193
444.000,1,47.749,4.949,37.906,3.237,7.273,0.000,48.693,0,628.371
445.000,1,45.788,4.755,40.675,2.383,4.029,0.000,21.449,0,820.575
446.000,1,44.630,5.112,38.760,3.373,7.663,268.603,43.106,0,712.661
447.000,1,49.674,5.244,40.815,4.193,6.936,173.183,27.735,1,1038.608
448.000,1,38.904,5.156,34.477,2.343,6.503,0.000,16.492,0,799.369
449.000,1,40.000,4.997,45.259,2.312,5.947,0.000,37.635,1,919.037
450.000,1,41.853,4.851,38.283,3.761,6.071,0.000,56.764,0,988.934
451.000,1,34.099,4.990,43.591,2.389,3.757,203.265,26.182,0,902.967
452.000,1,45.006,5.084,41.942,2.358,6.120,0.000,57.480,0,670.086
453.000,1,50.268,4.974,46.701,2.611,5.540,18.777,75.908,0,605.592
454.000,1,45.834,4.999,44.423,2.833,8.398,1.860,75.695,0,652.358
455.000,1,49.715,5.064,39.260,2.273,4.580,248.837,13.648,0,897.078
456.000,1,43.131,5.071,42.183,3.040,7.972,279.190,76.483,0,660.371
457.000,1,54.538,4.708,37.004,3.754,8.773,0.000,42.654,0,799.468
458.000,1,51.507,5.249,35.492,3.089,10.207,0.000,68.193,0,492.565
459.000,1,48.126,5.003,38.899,2.445,5.930,6.020,13.799,0,1101.606
460.000,1,34.749,5.106,40.192,2.470,7.313,86.835,41.701,0,912.751
461.000,1,38.480,5.017,39.712,3.041,7.412,0.000,62.805,0,904.555
462.000,1,48.177,5.021,43.161,3.572,5.580,0.000,45.887,1,835.041
463.000,1,42.323,4.950,41.811,3.968,7.042,0.000,12.970,0,1045.545
464.000,1,44.368,4.974,41.951,2.580,4.109,208.779,26.386,0,554.908
465.000,1,36.196,5.096,35.725,2.956,8.628,215.416,21.320,0,690.994
466.000,1,41.698,4.996,39.386,2.319,8.119,41.277,21.835,0,874.941
467.000,1,40.802,4.758,40.305,2.387,7.264,118.450,53.708,1,999.652
468.000,1,42.927,4.843,36.946,2.976,6.136,270.952,37.058,0,876.449
469.000,1,44.376,5.174,39.271,3.271,6.375,41.899,26.998,0,590.035
470.000,1,47.640,4.827,41.443,3.476,7.510,162.836,47.395,1,639.421
471.000,1,47.253,4.976,39.807,3.083,7.562,0.000,50.724,1,869.648
472.000,1,44.544,4.757,42.029,2.896,7.243,110.332,45.795,0,701.167
473.000,1,45.464,4.826,40.485,2.201,7.117,0.000,70.304,1,976.645
474.000,1,46.223,5.202,39.703,3.720,4.706,0.000,26.175,0,711.528
475.000,1,50.530,4.888,48.340,3.000,7.474,273.374,11.261,0,850.351
476.000,1,42.411,4.655,37.702,2.409,5.558,0.000,79.670,0,576.299
477.000,1,42.531,5.089,37.259,2.568,7.675,0.000,45.267,0,701.868
478.000,1,33.830,5.087,42.076,3.926,6.835,135.093,12.861,1,714.550
479.000,1,49.952,5.177,37.984,3.441,7.251,0.000,59.608,1,749.608
480.000,1,44.718,5.209,38.487,3.124,8.785,0.000,61.002,0,921.900
481.000,1,43.534,5.044,39.484,3.488,7.966,0.000,19.471,0,780.571
482.000,1,41.956,4.819,37.136,3.619,7.477,0.000,52.876,0,673.129
483.000,1,34.193,4.849,36.222,2.577,8.738,162.416,18.358,1,963.989
484.000,1,44.371,4.852,44.203,2.265,5.920,0.000,13.774,1,851.755
485.000,1,43.736,4.980,39.475,3.026,6.128,334.817,49.308,0,559.889
486.000,1,46.984,5.060,39.859,2.693,8.015,93.640,13.061,0,837.300
487.000,1,36.456,4.994,39.333,2.564,5.255,0.000,60.599,0,957.006
488.000,1,38.875,4.946,41.220,2.454,5.148,0.000,13.538,0,722.013
489.000,1,39.294,4.868,35.882,2.440,7.113,30.218,72.773,1,933.697
490.000,1,44.220,5.012,40.074,2.543,7.464,0.000,27.551,0,558.390
491.000,1,39.695,5.126,39.714,3.407,5.772,218.224,39.334,0,897.732
492.000,1,39.736,5.248,34.379,3.508,4.692,0.000,54.523,1,427.924
493.000,1,39.241,5.163,39.330,3.506,5.833,118.545,73.026,1,986.506
494.000,1,38.241,5.169,39.928,3.707,7.067,138.669,35.471,1,854.845
495.000,1,39.917,4.866,37.452,2.895,7.483,162.780,30.307,0,905.911
496.000,1,50.198,5.016,40.248,2.209,6.871,252.532,76.116,0,764.634
497.000,1,46.080,5.160,40.999,3.402,7.276,131.076,47.799,0,902.181
498.000,1,32.850,5.039,39.956,5.331,6.081,111.192,62.477,0,970.329
499.000,1,40.475,4.940,39.450,3.795,7.727,254.122,77.511,1,861.694
500.000,1,47.132,4.903,38.308,2.700,5.619,23.165,44.062,0,762.537
501.000,1,41.786,5.253,36.357,3.266,3.964,179.939,44.566,0,559.865
502.000,1,40.130,4.746,38.098,4.011,6.197,0.000,13.931,0,748.115
503.000,1,47.532,5.093,36.565,2.539,5.322,103.723,52.535,0,847.097
504.000,1,48.779,5.225,46.105,2.845,8.777,268.092,21.727,1,858.979
505.000,1,39.113,5.007,42.488,2.656,6.031,49.069,26.673,0,793.601
506.000,1,46.064,4.764,38.875,2.823,8.796,286.756,57.352,1,538.142
507.000,1,49.839,4.854,40.262,3.579,7.607,0.000,56.230,0,679.019
508.000,1,41.195,5.183,38.231,2.919,7.422,97.577,34.486,0,537.485
509.000,1,44.260,5.071,38.844,2.576,8.019,312.588,13.820,0,521.575
510.000,1,40.200,4.770,41.780,3.234,6.398,0.000,73.214,0,903.522
511.000,1,46.822,4.923,41.487,2.254,5.928,0.000,10.446,1,839.193
512.000,1,49.035,5.104,39.013,2.355,7.529,213.557,31.859,0,861.147
513.000,1,43.878,4.734,40.944,2.892,4.321,80.439,52.441,1,584.159
514.000,1,42.267,4.946,32.678,2.628,6.177,313.179,29.154,1,591.188
515.000,1,42.127,4.974,42.844,2.614,8.048,0.000,51.373,0,693.347
516.000,1,41.645,5.392,37.037,2.877,6.388,0.000,29.730,0,588.596
517.000,1,48.702,4.973,43.031,2.675,7.251,292.580,59.166,0,1163.435
518.000,1,42.405,5.008,39.238,2.920,7.994,295.078,28.779,0,703.442
519.000,1,43.572,4.978,37.679,3.281,7.939,75.404,20.818,0,916.163
520.000,1,44.488,5.194,39.811,2.671,7.832,264.705,66.529,1,824.229
521.000,1,45.186,5.095,41.466,3.424,5.795,0.000,54.174,1,715.938
522.000,1,45.943,4.870,40.301,2.357,6.227,0.000,11.871,1,918.551
523.000,1,42.652,4.935,41.183,4.049,7.334,92.567,56.595,0,631.504
524.000,1,47.488,4.892,39.750,3.214,6.116,0.000,29.471,1,871.458
525.000,1,43.358,5.191,41.120,3.372,7.744,0.000,65.203,1,575.922
526.000,1,41.361,4.979,40.058,3.226,8.015,61.775,59.925,1,798.759
527.000,1,50.208,5.100,38.828,4.334,5.490,47.222,30.017,0,478.403
528.000,1,45.880,5.018,41.148,3.517,10.590,0.000,18.239,0,700.613
529.000,1,46.462,5.186,40.526,2.863,5.792,213.900,79.085,0,718.341
530.000,1,44.993,5.124,42.495,4.364,10.313,0.000,19.337,0,766.073
531.000,1,42.169,5.137,39.740,2.512,7.461,0.000,46.461,0,921.897
532.000,1,46.113,4.948,38.080,3.688,8.990,30.195,72.501,0,576.119
533.000,1,49.427,5.086,35.987,2.478,8.939,165.011,48.827,0,817.432
534.000,1,53.118,5.015,38.872,3.143,6.195,155.477,40.547,0,867.834
535.000,1,46.284,5.033,38.464,3.721,7.444,120.308,11.813,1,798.107
536.000,1,56.426,5.039,40.721,2.631,10.392,0.000,47.568,1,829.866
537.000,1,41.602,5.211,44.117,3.622,6.515,286.840,29.763,0,820.930
538.000,1,47.295,4.938,38.665,3.298,8.400,0.000,26.662,0,627.811
539.000,1,48.277,4.842,36.717,2.620,7.255,20.592,22.575,1,432.100
540.000,1,39.915,5.120,39.602,3.457,8.977,250.034,54.260,0,486.841
541.000,1,48.773,5.135,37.355,2.390,7.961,209.676,51.087,0,646.903
542.000,1,43.862,5.046,37.802,3.891,7.760,131.973,52.490,0,806.356
543.000,1,41.945,5.073,41.201,3.459,6.666,191.221,52.413,1,851.906
544.000,1,46.513,4.946,39.804,2.544,6.917,148.061,79.332,0,459.062
545.000,1,43.183,5.045,36.195,4.148,9.748,192.648,29.431,1,649.898
546.000,1,45.460,4.797,40.271,2.882,6.340,154.549,32.968,1,1030.165
547.000,1,50.291,5.173,38.549,2.528,5.060,0.000,24.332,1,795.819
548.000,1,37.973,5.089,36.293,2.744,7.907,67.180,18.003,0,705.019
549.000,1,44.388,4.877,37.958,4.352,9.607,28.773,34.146,1,775.651
550.000,1,36.397,4.977,37.468,2.915,8.332,377.180,17.009,0,798.892
551.000,1,53.046,4.901,41.168,3.083,9.297,0.000,26.043,1,727.121
552.000,1,46.320,4.955,36.326,3.105,5.588,220.430,56.173,0,900.300
553.000,1,43.217,4.638,40.099,3.884,9.579,158.358,40.317,0,494.617
554.000,1,50.554,5.040,37.470,5.024,4.605,191.307,33.323,1,487.505
555.000,1,34.808,5.095,37.165,3.160,7.303,287.417,65.980,1,771.486
556.000,1,46.437,5.053,40.162,3.179,6.392,229.222,42.028,0,455.789
557.000,1,46.384,5.240,40.429,3.301,8.619,0.000,11.426,1,736.370
558.000,1,41.724,4.963,38.468,2.597,7.250,198.164,18.186,0,711.016
559.000,1,48.198,5.056,39.893,2.481,9.259,0.000,41.676,0,585.369
560.000,1,31.934,5.111,40.518,3.251,7.007,0.000,62.453,1,771.784
561.000,1,45.047,4.967,34.711,2.659,6.321,0.000,56.627,1,566.982
562.000,1,40.696,4.963,40.817,2.719,7.277,66.388,42.106,0,477.220
563.000,1,40.715,5.055,40.725,3.219,5.603,277.740,27.350,1,937.309
564.000,1,36.843,4.981,39.694,3.483,7.122,90.296,30.485,0,624.552
565.000,1,54.900,4.992,37.113,4.032,9.317,162.120,41.083,1,672.955
566.000,1,53.483,5.088,44.095,2.727,6.660,0.000,21.677,1,865.180
567.000,1,44.749,5.099,38.043,3.049,5.263,309.375,57.208,0,679.674
568.000,1,47.782,5.092,42.177,2.807,6.525,276.678,32.501,1,672.205
569.000,1,43.987,4.963,39.611,5.365,5.711,363.633,59.886,1,763.223
570.000,1,47.570,4.973,38.914,2.676,7.173,375.169,63.578,0,1011.678
571.000,1,47.866,4.969,41.312,3.238,7.110,326.325,11.361,0,518.454
572.000,1,48.197,4.920,40.222,3.509,5.936,66.216,67.075,1,728.326
573.000,1,37.943,5.065,39.425,2.761,8.626,55.989,42.960,0,783.150
574.000,1,42.490,5.136,41.103,2.548,5.766,79.164,79.091,0,681.137
575.000,1,39.899,5.073,43.638,4.126,7.507,406.291,23.660,0,397.606
576.000,1,39.379,5.350,36.361,4.578,10.634,87.269,10.096,1,818.579
577.000,1,46.553,5.029,40.187,4.772,5.431,27.735,10.894,1,463.886
578.000,1,49.644,5.125,39.916,2.807,6.997,121.956,73.089,0,680.093
579.000,1,42.503,4.825,40.880,2.847,5.862,275.540,12.932,0,401.179
580.000,1,45.808,5.324,39.608,2.485,7.125,402.344,32.850,1,521.546
581.000,1,46.133,5.084,42.577,2.662,6.959,316.582,38.432,0,683.623
582.000,1,41.264,4.818,40.316,4.404,5.513,162.444,57.579,0,575.977
583.000,1,43.818,4.477,38.789,2.566,8.029,0.000,34.494,0,655.921
584.000,1,46.005,4.822,40.809,3.026,8.210,370.661,11.082,0,682.931
585.000,1,48.891,4.758,37.867,3.332,7.541,57.035,33.060,0,374.952
586.000,1,51.048,4.861,38.678,3.181,6.649,310.154,57.843,0,796.679
587.000,1,45.711,4.898,40.832,3.135,5.323,0.000,43.195,1,820.356
588.000,1,39.901,5.032,37.188,4.222,6.398,273.184,35.547,0,419.300
589.000,1,44.063,4.959,39.145,2.669,7.949,430.761,23.266,1,748.896
590.000,1,42.951,5.046,36.373,2.999,7.804,229.220,53.269,1,217.365
591.000,1,34.865,5.084,44.200,2.993,5.796,384.086,36.944,0,373.911
592.000,1,47.120,5.038,39.758,2.827,7.201,0.000,45.482,0,731.315
593.000,1,32.917,5.065,39.875,2.904,5.132,173.247,79.566,0,846.784
594.000,1,43.473,4.955,40.964,2.701,9.223,0.000,16.181,1,697.416
595.000,1,40.838,5.065,37.126,2.616,5.281,53.880,49.418,1,544.598
596.000,1,48.878,5.084,33.154,2.861,6.563,158.587,55.316,1,462.795
597.000,1,50.362,5.218,41.478,4.126,6.632,330.537,66.828,0,690.404
598.000,1,40.985,4.658,39.307,2.874,8.548,19.043,31.323,1,626.523
599.000,1,49.465,4.901,38.788,2.740,8.320,386.801,56.294,1,777.384
600.000,1,44.758,4.863,42.452,3.976,7.308,0.000,70.073,1,822.759
601.000,1,43.169,5.063,41.656,3.184,5.841,60.343,29.417,0,742.949
602.000,1,48.199,4.779,36.967,2.633,5.355,362.229,68.565,1,713.413
603.000,1,46.401,5.087,39.518,5.089,6.858,46.568,24.653,1,749.792
604.000,1,44.715,5.305,36.555,3.207,5.131,48.693,26.850,1,684.155
605.000,1,40.043,4.853,36.991,4.047,5.821,187.551,14.094,1,551.508
606.000,1,38.765,5.183,37.770,2.942,2.542,12.619,38.149,0,754.543
607.000,1,44.983,5.171,41.972,2.825,6.217,437.786,13.059,0,595.372
608.000,1,38.087,5.194,33.603,2.621,7.565,379.257,36.840,1,661.222
609.000,1,42.889,5.104,41.240,2.541,8.612,0.000,31.113,0,886.546
610.000,1,42.551,5.037,39.626,3.033,7.975,0.000,40.710,0,926.825
611.000,1,44.225,4.901,38.097,3.495,5.113,328.592,56.479,1,663.864
612.000,1,52.376,4.743,35.434,3.952,10.452,0.000,36.224,1,343.215
613.000,1,48.763,4.839,35.859,3.432,7.129,100.426,21.613,1,613.623
614.000,1,36.982,5.061,41.407,2.654,6.709,36.452,65.884,1,804.801
615.000,1,38.422,4.950,35.563,2.598,8.199,137.904,50.332,1,765.423
616.000,1,44.893,5.218,39.840,4.065,7.579,387.888,45.347,0,519.598
617.000,1,40.639,4.932,40.227,3.233,6.126,0.000,43.432,0,877.469
618.000,1,40.110,5.139,40.695,3.534,5.619,292.315,46.420,1,500.566
619.000,1,46.845,5.018,38.502,3.431,7.980,36.456,13.113,0,819.579
620.000,1,41.449,5.086,35.830,4.926,8.633,0.000,34.047,1,631.546
621.000,1,45.623,4.911,35.530,2.735,5.585,463.541,73.683,1,488.683
622.000,1,41.874,4.907,40.958,2.732,5.345,93.505,73.161,0,595.352
623.000,1,51.398,4.956,39.333,4.886,8.150,359.239,29.725,0,557.082
624.000,1,42.136,4.937,35.260,3.384,7.434,219.401,74.067,1,559.653
625.000,1,47.131,5.085,38.147,3.398,8.365,213.630,10.915,1,687.378
626.000,1,37.967,5.155,38.811,2.885,7.190,340.429,78.601,0,765.688
627.000,1,39.604,5.201,36.017,2.922,8.089,77.288,63.159,1,500.812
628.000,1,43.043,5.051,41.179,2.893,7.469,0.000,18.036,0,855.738
629.000,1,53.197,5.121,40.718,2.761,6.123,387.308,67.691,0,516.988
630.000,1,42.260,4.795,36.203,3.969,7.135,411.337,27.968,1,345.122
631.000,1,43.926,4.999,39.223,2.888,8.109,345.115,69.511,0,581.647
632.000,1,46.843,5.011,35.242,2.889,9.969,457.199,70.307,0,736.201
633.000,1,42.713,5.086,36.433,3.731,5.734,104.415,61.500,1,735.173
634.000,1,37.150,5.070,30.287,3.144,7.592,422.052,58.755,1,434.030
635.000,1,41.489,4.907,38.810,3.125,7.721,0.000,20.044,1,603.789
636.000,1,49.041,5.087,38.440,3.675,10.642,46.907,53.194,0,615.238
637.000,1,45.360,5.027,41.448,2.952,7.598,363.697,51.140,0,755.446
638.000,1,45.481,4.892,35.953,3.331,7.504,30.864,36.011,1,606.159
639.000,1,40.071,4.960,41.006,3.641,6.911,352.630,53.694,0,519.659
640.000,1,38.612,5.127,40.997,2.752,8.102,0.000,63.872,1,607.446
641.000,1,47.156,5.275,32.644,3.921,9.887,11.600,29.846,1,527.378
642.000,1,38.708,5.116,39.052,4.712,5.579,277.272,62.180,1,760.555
643.000,1,38.994,5.113,39.537,3.582,7.664,428.672,30.799,0,850.250
644.000,1,54.080,5.046,36.910,3.218,8.021,151.299,22.505,1,687.486
645.000,1,44.695,4.838,35.501,5.300,8.969,166.969,53.109,1,753.901
646.000,1,46.681,4.905,36.419,3.935,4.509,438.511,65.151,0,662.541
647.000,1,46.983,5.275,37.682,3.036,6.578,105.408,25.225,1,610.746
648.000,1,51.301,5.119,35.028,2.684,5.855,339.282,43.571,0,673.644
649.000,1,42.503,4.762,37.340,3.589,7.469,289.600,63.698,1,475.521
650.000,1,47.013,4.987,37.146,2.739,6.733,101.324,41.627,0,414.355
651.000,1,44.484,5.037,43.054,3.092,7.389,104.480,10.615,0,685.489
652.000,1,41.615,5.060,36.891,2.792,8.500,328.298,63.630,0,519.945
653.000,1,54.629,4.948,37.480,3.732,7.198,6.829,40.872,0,610.643
654.000,1,43.942,5.003,36.918,3.187,7.051,158.881,34.575,1,659.859
655.000,1,49.641,5.006,34.872,4.079,5.121,124.643,43.289,1,621.143
656.000,1,44.788,5.113,31.841,3.580,8.260,209.325,27.704,1,348.788
657.000,1,45.304,4.941,36.675,4.031,5.248,444.485,66.496,1,579.073
658.000,1,49.617,4.792,36.260,3.855,8.758,51.337,26.749,0,631.705
659.000,1,51.579,5.200,42.532,2.777,6.654,286.254,55.275,1,658.325
660.000,1,49.685,4.898,42.430,3.484,8.064,381.212,42.979,0,391.213
661.000,1,46.027,5.193,39.723,3.635,8.106,403.735,25.553,1,715.268
662.000,1,40.202,4.997,37.479,3.515,5.127,352.732,17.774,1,768.251
663.000,1,49.112,4.867,40.228,3.748,8.178,288.266,35.548,1,721.366
664.000,1,48.317,4.987,46.462,3.002,7.063,106.783,79.462,0,652.686
665.000,1,38.541,4.921,41.176,3.379,7.195,188.152,46.119,0,841.347
666.000,1,43.433,4.917,34.202,3.137,4.059,4.335,48.628,1,404.858
667.000,1,39.617,5.026,37.584,2.813,6.341,0.000,69.122,0,602.180
668.000,1,44.750,4.965,34.314,4.266,5.419,245.638,25.857,1,423.082
669.000,1,39.504,5.100,42.424,3.572,4.807,485.647,36.532,0,745.101
670.000,1,39.516,5.026,41.655,3.145,9.255,0.000,56.161,1,880.288
671.000,1,39.167,4.937,44.891,3.234,7.320,11.106,69.090,0,406.394
672.000,1,35.385,5.092,35.605,3.523,6.626,98.917,72.159,0,644.673
673.000,1,38.465,5.139,37.935,5.789,7.108,92.404,16.097,1,612.780
674.000,1,44.334,5.287,37.822,4.146,8.025,520.420,58.296,1,582.651
675.000,1,47.143,4.896,34.685,3.305,7.055,224.631,29.545,0,757.631
676.000,1,58.117,5.096,38.806,2.786,8.207,486.813,37.328,1,731.131
677.000,1,44.203,5.110,39.391,3.588,3.794,339.754,28.393,0,391.704
678.000,1,34.021,4.994,36.857,2.947,8.162,276.861,74.425,1,675.170
679.000,1,48.285,4.961,38.683,3.724,5.830,481.825,36.512,1,604.820
680.000,1,42.622,4.942,37.643,2.884,8.675,23.129,43.157,0,630.124
681.000,1,46.684,5.051,36.669,3.614,7.144,278.159,36.968,0,971.359
682.000,1,45.899,4.967,35.014,2.760,7.717,28.895,74.277,0,792.349
683.000,1,37.874,5.008,33.342,4.712,6.227,430.075,21.273,0,403.105
684.000,1,43.201,5.114,36.214,4.399,6.737,465.776,38.704,1,412.336
685.000,1,42.703,4.744,37.336,3.569,4.638,178.523,53.209,1,630.673
686.000,1,39.410,4.956,39.932,2.825,8.462,382.410,31.535,0,1071.866
687.000,1,54.432,4.811,38.433,2.960,8.668,356.234,75.099,0,570.293
688.000,1,43.805,4.954,33.928,4.287,6.148,494.328,22.452,1,394.291
689.000,1,38.293,5.044,34.257,4.972,7.173,253.495,11.430,1,561.781
690.000,1,50.038,4.892,39.319,4.466,5.955,30.500,43.564,1,437.996
691.000,1,51.557,4.785,36.103,3.274,6.546,178.181,45.589,0,492.855
692.000,1,49.277,5.233,38.333,3.262,10.608,357.327,48.757,0,562.305
693.000,1,39.963,4.874,36.556,4.544,7.876,515.521,46.338,0,550.544
694.000,1,45.437,4.916,34.528,3.968,5.921,60.760,62.539,0,731.337
695.000,1,39.416,5.022,32.947,3.266,7.556,143.614,66.303,0,685.648
696.000,1,53.214,4.956,38.278,3.346,5.946,405.790,10.950,0,815.805
697.000,1,39.636,4.988,38.217,3.551,8.314,343.961,33.050,0,536.950
698.000,1,55.495,4.885,40.947,3.066,5.646,205.723,77.641,1,428.345
699.000,1,49.953,4.898,39.380,3.315,8.496,341.691,18.029,0,616.863
700.000,1,41.467,5.283,34.266,3.702,4.627,335.802,12.876,1,665.221
701.000,1,43.326,5.114,43.083,3.888,3.379,341.636,14.802,0,864.190
702.000,1,43.017,4.940,38.704,3.005,5.776,285.771,43.802,1,501.557
703.000,1,43.117,5.171,34.468,3.270,9.453,444.351,66.939,1,618.271
704.000,1,42.010,5.174,36.641,3.246,8.556,420.963,23.540,0,488.348
705.000,1,40.004,5.110,39.865,2.828,5.031,23.036,57.420,0,979.312
706.000,1,42.393,4.976,37.590,2.981,8.892,319.752,25.016,0,819.159
707.000,1,45.813,4.702,40.500,3.898,5.282,373.036,35.219,0,634.360
708.000,1,53.616,5.129,37.925,3.776,8.391,119.261,31.774,1,390.011
709.000,1,41.386,4.806,34.629,3.031,8.584,509.295,59.105,1,335.245
710.000,1,38.704,5.016,37.335,4.026,8.816,31.904,25.601,0,664.793
711.000,1,44.759,5.060,40.466,3.348,5.986,14.900,57.644,0,443.937
712.000,1,48.731,5.128,35.447,4.394,7.750,435.061,72.073,1,446.249
713.000,1,49.028,4.870,34.989,3.125,5.768,444.593,75.868,0,476.919
714.000,1,38.174,4.882,39.536,4.287,6.547,456.972,51.082,1,520.367
715.000,1,45.722,5.169,37.460,3.093,7.282,272.188,39.242,0,601.227
716.000,1,53.988,4.975,39.617,3.501,5.795,205.833,67.321,0,591.647
717.000,1,51.490,5.011,39.041,2.906,7.221,412.512,48.199,0,829.259
718.000,1,49.644,5.240,37.856,3.351,8.439,331.259,36.244,1,476.370
719.000,1,36.559,5.268,40.020,3.553,5.336,511.136,17.743,1,617.639
720.000,1,48.928,4.896,35.053,4.383,6.753,390.016,42.190,1,499.444
721.000,1,46.822,5.112,37.056,3.940,8.699,352.522,49.692,0,355.006
722.000,1,43.163,5.019,38.567,3.922,9.468,446.091,22.860,1,594.773
723.000,1,48.840,5.029,39.111,4.430,7.867,374.392,45.729,0,570.658
724.000,1,41.109,4.942,39.102,4.169,7.506,451.100,23.933,0,467.428
725.000,1,42.134,5.017,37.242,4.601,7.461,169.445,10.371,0,456.813
726.000,1,49.437,5.143,38.352,3.475,6.094,408.931,36.920,0,326.957
727.000,1,47.902,5.090,32.062,4.222,4.757,513.424,64.190,1,303.483
728.000,1,52.603,5.160,34.705,2.963,8.286,255.089,51.497,1,437.052
729.000,1,47.930,5.010,35.569,3.912,6.581,86.787,14.451,0,545.540
730.000,1,53.814,5.277,32.752,3.794,7.120,479.675,46.170,1,330.357
731.000,1,47.365,5.004,36.893,3.256,6.124,326.643,55.056,0,603.689
732.000,1,53.354,5.172,38.229,3.006,7.329,429.365,45.486,0,540.139
733.000,1,50.692,4.989,31.058,3.639,5.867,78.233,27.091,1,150.502
734.000,1,35.742,4.881,36.245,3.439,8.191,200.960,24.135,0,413.582
735.000,1,40.517,5.019,41.950,4.106,6.308,113.118,41.624,1,588.726
736.000,1,43.361,5.024,36.129,2.995,11.125,342.064,72.451,1,378.564
737.000,1,41.615,5.263,40.638,5.428,7.627,532.449,79.454,1,389.817
738.000,1,38.046,4.935,34.124,3.054,6.206,457.216,44.495,1,525.046
739.000,1,41.327,4.922,37.233,3.910,6.057,493.434,66.449,1,585.437
740.000,1,41.093,4.984,33.610,4.275,8.530,46.332,55.608,0,734.597
741.000,1,52.455,4.936,36.739,4.900,8.342,584.716,34.109,1,526.631
742.000,1,44.904,4.994,34.604,3.727,7.802,106.248,17.661,0,633.987
743.000,1,45.634,4.813,40.020,5.142,9.988,172.878,21.414,0,452.082
744.000,1,39.958,5.092,35.223,3.757,7.767,444.153,34.371,1,367.708
745.000,1,41.329,5.014,35.971,3.390,8.581,445.670,45.807,0,251.930
746.000,1,35.953,4.736,35.652,3.730,6.979,459.217,59.642,1,644.664
747.000,1,47.701,4.839,35.013,3.759,8.229,68.271,23.790,1,424.869
748.000,1,41.261,5.113,37.428,3.734,7.840,224.220,25.955,1,549.754
749.000,1,50.597,4.770,34.351,3.141,8.104,137.005,48.328,1,478.512
750.000,1,53.737,4.966,38.632,3.431,6.032,583.150,75.840,0,498.478
751.000,1,42.882,5.080,36.732,3.532,7.883,323.704,39.359,1,686.078
752.000,1,45.695,4.889,38.568,3.640,8.007,271.064,49.013,1,398.237
753.000,1,38.470,5.068,41.237,3.552,8.510,225.853,79.816,1,723.698
754.000,1,39.639,4.782,34.698,3.256,9.098,192.817,65.096,0,474.488
755.000,1,42.069,4.993,36.671,3.946,5.487,81.850,65.928,1,637.799
756.000,1,50.362,4.865,37.784,3.867,6.740,220.352,21.015,1,293.387
757.000,1,49.266,5.094,38.403,4.174,6.286,604.283,74.612,1,431.977
758.000,1,44.156,4.847,32.899,3.228,9.992,125.992,68.657,1,416.895
759.000,1,45.629,5.208,43.723,4.543,4.726,171.366,24.784,1,569.897
760.000,1,53.472,4.885,37.856,3.170,5.577,250.775,13.385,0,484.261
761.000,1,46.652,5.099,37.698,3.808,6.585,346.798,14.681,1,588.838
762.000,1,37.818,4.990,37.891,3.152,8.431,413.940,65.484,0,603.598
763.000,1,43.079,4.969,37.228,3.385,5.389,536.835,46.680,1,507.268
764.000,1,44.403,4.948,37.665,3.042,9.476,328.455,32.976,0,603.557
765.000,1,32.045,4.887,37.259,4.558,6.220,110.048,63.303,1,471.212
766.000,1,42.710,5.189,35.258,3.392,6.778,571.520,23.540,1,451.734
767.000,1,43.178,5.041,41.275,3.544,8.121,176.448,13.542,0,426.843
768.000,1,40.941,5.031,35.875,3.455,7.482,586.104,39.420,1,912.564
769.000,1,41.012,4.992,39.303,3.107,8.214,358.663,19.304,0,342.347
770.000,1,47.671,5.126,37.417,3.033,6.801,311.586,27.154,0,545.394
771.000,1,48.117,4.906,39.802,3.834,6.065,298.272,49.252,0,606.144
772.000,1,46.369,4.866,33.355,3.549,8.945,439.942,10.776,1,564.898
773.000,1,46.736,4.972,37.561,4.681,7.622,507.190,59.736,1,382.227
774.000,1,60.152,5.051,37.444,3.288,7.644,213.895,21.821,0,400.179
775.000,1,47.568,4.855,29.821,3.874,9.917,407.858,46.129,1,441.104
776.000,1,39.347,4.897,34.188,3.438,7.128,92.313,41.617,1,475.587
777.000,1,34.229,4.934,35.784,3.417,7.824,320.044,55.925,1,702.740
778.000,1,41.389,4.875,30.718,3.370,8.957,561.152,68.940,0,412.449
779.000,1,44.715,4.918,34.640,3.341,6.500,83.257,55.433,0,755.432
780.000,1,51.774,4.842,36.535,4.255,8.870,218.770,47.486,1,469.880
781.000,1,48.530,4.988,36.270,3.124,8.035,95.989,56.037,1,496.708
782.000,1,50.190,4.998,33.248,3.207,7.870,605.186,61.648,1,518.247
783.000,1,50.806,5.124,32.192,3.895,9.293,155.224,79.769,1,471.208
784.000,1,37.049,5.094,32.344,3.350,5.252,489.712,17.102,1,392.494
785.000,1,48.869,5.231,35.001,3.454,10.423,337.550,19.436,1,520.312
786.000,1,35.492,4.977,36.788,4.679,9.120,100.160,72.792,1,504.680
787.000,1,47.744,5.077,37.066,3.761,7.257,395.450,61.231,1,461.262
788.000,1,56.928,5.175,40.681,3.557,6.334,219.446,63.335,0,502.095
789.000,1,43.376,5.025,40.307,4.356,8.811,456.672,38.056,0,923.806
790.000,1,55.392,5.059,39.397,4.468,11.315,477.729,70.089,0,698.389
791.000,1,48.071,5.213,35.548,4.296,7.710,269.236,41.522,0,342.181
792.000,1,45.647,4.896,34.901,3.407,5.350,531.130,29.115,0,291.228
793.000,1,47.879,4.722,38.152,3.204,6.972,468.241,38.768,0,291.561
794.000,1,42.635,5.090,37.589,4.676,11.847,311.004,15.618,1,566.525
795.000,1,42.743,5.112,32.671,3.144,7.964,482.094,48.207,0,415.918
796.000,1,45.445,4.670,35.735,5.087,6.187,499.560,58.259,1,582.659
797.000,1,46.867,5.047,33.395,3.438,10.810,133.080,41.297,1,624.976
798.000,1,42.166,5.092,37.308,3.452,7.632,319.713,77.029,0,652.126
799.000,1,46.667,4.940,37.660,3.788,8.967,124.602,54.744,0,464.599
800.000,1,45.988,4.978,34.620,3.408,7.265,425.344,65.504,0,632.906
801.000,1,41.631,5.125,39.801,3.786,7.639,421.111,65.998,0,318.261
802.000,1,40.016,5.162,37.814,3.829,8.700,197.674,49.049,1,657.808
803.000,1,37.174,4.998,43.473,3.663,5.779,308.992,33.690,0,546.215
804.000,1,46.281,4.750,37.141,3.190,8.021,250.783,14.200,0,556.647
805.000,1,39.313,4.910,33.659,4.221,7.243,587.669,45.623,1,275.475
806.000,1,46.157,5.330,36.674,3.483,6.600,585.813,36.328,0,124.963
807.000,1,42.809,4.963,36.729,3.491,5.885,128.251,47.160,1,432.529
808.000,1,45.155,4.854,35.168,4.376,6.676,343.800,43.806,1,410.757
809.000,1,48.628,5.080,35.068,3.418,9.439,342.547,39.244,1,526.895
810.000,1,47.990,5.075,35.409,4.814,6.798,226.779,60.214,1,303.201
811.000,1,44.131,4.979,35.296,3.475,6.554,592.755,47.388,1,470.739
812.000,1,52.598,5.147,35.240,3.322,6.056,242.881,61.390,1,456.549
813.000,1,47.620,5.355,32.539,4.145,7.886,487.527,19.625,1,521.629
814.000,1,41.071,5.108,37.790,3.952,8.075,441.204,34.433,0,338.444
815.000,1,43.075,4.815,34.858,3.367,5.258,377.576,22.913,1,529.436
816.000,1,47.593,5.153,39.026,3.502,6.409,632.554,65.559,0,206.428
817.000,1,44.144,4.935,34.825,3.212,5.571,335.681,23.820,0,378.749
818.000,1,40.200,4.977,35.449,3.705,7.965,205.259,48.952,0,550.084
819.000,1,50.471,4.999,34.171,3.702,7.549,490.755,24.019,1,416.164
820.000,1,65.739,4.979,38.572,3.951,6.791,285.673,40.423,1,589.181
821.000,1,50.089,5.021,34.081,4.328,7.262,406.226,59.076,1,358.045
822.000,1,47.580,5.215,31.269,4.163,4.412,586.180,43.050,1,90.192
823.000,1,49.262,4.878,32.278,5.281,7.194,281.939,76.507,1,518.699
824.000,1,49.071,5.407,31.180,3.883,7.651,167.716,71.647,1,329.576
825.000,1,39.466,4.995,38.204,3.404,6.836,339.744,12.797,0,384.834
826.000,1,41.463,5.004,36.885,3.645,5.767,194.265,62.059,0,623.491
827.000,1,49.311,4.939,37.801,4.820,5.888,439.747,47.517,1,657.150
828.000,1,41.554,4.735,34.373,5.057,8.516,293.347,60.433,1,192.880
829.000,1,50.719,4.850,34.936,3.421,8.925,207.083,24.522,0,715.553
830.000,1,43.417,5.148,34.351,4.147,7.035,529.921,45.961,1,585.519
831.000,1,49.951,4.766,35.420,3.201,7.885,286.388,44.420,1,413.205
832.000,1,48.087,5.131,34.483,3.372,7.930,596.731,11.493,0,615.022
833.000,1,44.405,4.721,37.632,4.382,7.117,192.934,10.014,0,325.197
834.000,1,52.148,5.018,39.657,4.217,8.510,493.856,51.834,1,232.697
835.000,1,44.150,5.037,33.746,4.079,8.580,356.429,31.253,1,378.080
836.000,1,42.579,5.042,38.738,3.260,7.966,646.226,29.054,1,296.918
837.000,1,39.901,5.139,38.888,3.313,7.102,175.857,16.338,0,667.862
838.000,1,46.573,4.864,39.504,3.247,8.895,561.331,20.912,0,266.963
839.000,1,47.272,4.904,36.953,3.662,6.008,446.298,60.799,0,164.535
840.000,1,43.220,4.921,36.736,3.505,7.063,229.604,15.444,0,419.696
841.000,1,42.344,5.066,36.267,3.371,8.945,414.016,59.138,0,561.366
842.000,1,45.636,5.140,34.001,3.499,6.994,681.355,53.480,0,416.572
843.000,1,38.271,4.804,37.831,3.619,9.072,524.744,66.311,1,526.423
844.000,1,45.428,5.092,36.207,3.299,7.756,587.681,61.366,0,381.739
845.000,1,40.290,4.979,33.053,3.799,7.260,509.722,30.000,1,546.141
846.000,1,45.102,5.105,35.247,4.036,7.929,429.986,55.671,1,662.563
847.000,1,43.271,4.939,39.124,3.577,9.514,179.543,21.481,0,530.301
848.000,1,44.184,4.906,33.950,4.899,4.616,278.597,13.715,1,522.086
849.000,1,37.868,4.924,33.371,3.397,8.818,646.851,33.357,1,170.483
850.000,1,42.943,5.196,37.661,3.783,7.709,251.082,70.899,0,597.406
851.000,1,54.662,5.118,36.327,3.363,8.597,316.062,76.392,0,621.306
852.000,1,48.636,4.969,36.327,4.750,8.153,552.086,26.221,0,504.922
853.000,1,35.425,5.112,31.372,4.289,8.557,685.341,58.675,1,188.638
854.000,1,43.724,5.189,36.718,3.467,6.583,248.238,38.148,1,430.782
855.000,1,43.739,5.170,36.189,4.262,10.685,517.516,20.333,1,192.359
856.000,1,39.854,5.214,36.294,3.320,9.606,264.548,19.504,1,610.295
857.000,1,44.685,4.931,35.360,3.627,6.855,647.674,18.066,1,519.312
858.000,1,42.509,4.977,38.743,3.461,6.845,207.604,15.287,0,652.600
859.000,1,48.669,5.180,38.843,3.469,6.788,694.506,59.221,0,737.976
860.000,1,49.262,4.740,36.424,3.887,9.069,682.572,70.404,0,534.661
861.000,1,41.586,4.751,35.148,4.381,8.524,502.728,61.458,1,703.363
862.000,1,42.327,5.004,35.859,3.894,8.380,248.978,50.792,1,294.172
863.000,1,50.756,4.911,37.696,4.377,11.439,526.369,58.456,1,412.202
864.000,1,47.036,5.019,37.610,4.686,7.756,299.663,33.343,0,426.950
865.000,1,48.719,5.156,38.244,3.579,9.901,613.394,58.998,0,372.021
866.000,1,46.570,4.705,37.515,4.718,8.966,455.598,21.505,1,528.631
867.000,1,46.632,4.988,36.700,3.872,5.765,569.825,57.963,0,441.079
868.000,1,42.364,5.053,31.529,4.980,5.995,228.797,76.173,1,307.824
869.000,1,47.869,5.070,35.168,3.921,6.932,508.535,23.289,1,103.464
870.000,1,36.167,5.069,34.198,3.500,7.235,655.164,47.523,1,328.841
871.000,1,34.761,4.974,31.598,3.483,8.681,559.550,24.849,1,291.715
872.000,1,45.236,4.967,35.155,4.098,7.984,445.223,53.167,1,594.596
873.000,1,40.474,4.841,38.746,3.654,7.791,693.521,16.854,1,412.885
874.000,1,47.237,5.188,34.474,4.118,8.997,621.584,71.772,1,419.170
875.000,1,40.389,5.090,34.792,4.264,6.806,367.574,46.604,1,476.241
876.000,1,43.191,5.041,35.231,4.549,7.768,664.143,75.539,0,422.814
877.000,1,37.898,5.054,34.798,4.722,11.078,200.641,35.929,1,487.639
878.000,1,48.428,4.847,36.178,3.443,8.587,271.773,49.685,0,443.860
879.000,1,44.051,5.174,35.618,4.807,5.599,322.996,48.084,1,392.859
880.000,1,44.808,5.012,33.551,4.056,10.165,448.404,37.454,1,318.281
881.000,1,45.041,5.007,32.815,3.771,9.095,597.653,41.496,1,271.421
882.000,1,35.665,5.017,35.019,3.633,8.224,548.629,62.418,1,397.573
883.000,1,47.151,5.179,37.484,4.344,7.031,439.165,38.513,1,650.191
884.000,1,48.400,5.077,36.347,4.830,6.537,258.963,22.262,1,453.919
885.000,1,50.000,4.772,34.886,4.681,5.104,609.255,68.418,0,310.184
886.000,1,49.987,5.039,30.320,3.508,9.733,416.162,61.976,1,154.183
887.000,1,36.934,5.369,37.270,5.519,7.013,418.509,71.996,1,666.483
888.000,1,36.875,4.848,32.428,4.027,6.942,549.425,67.463,1,355.342
889.000,1,40.606,5.031,32.413,4.811,8.126,381.366,28.865,0,530.971
890.000,1,50.339,5.077,35.972,3.986,9.504,735.778,76.975,1,379.811
891.000,1,43.330,4.978,37.657,4.008,4.448,271.518,15.917,1,544.291
892.000,1,45.588,4.827,32.885,3.776,7.152,631.112,19.723,1,416.698
893.000,1,55.055,5.022,35.794,4.182,7.034,690.635,30.300,1,160.419
894.000,1,49.189,4.593,32.692,4.859,8.613,350.854,46.167,1,299.443
895.000,1,39.525,4.928,35.128,3.509,8.722,636.349,59.087,0,383.141
896.000,1,43.100,5.096,34.978,4.597,8.479,360.658,17.099,1,468.407
897.000,1,36.542,5.057,33.901,4.626,8.935,443.418,65.861,0,336.071
898.000,1,42.837,5.221,36.901,3.883,7.954,506.152,65.640,0,543.260
899.000,1,42.052,5.028,33.243,3.465,8.819,523.622,36.821,1,324.766
900.000,1,40.861,4.970,36.222,3.835,7.819,358.049,51.850,0,123.502
901.000,1,58.689,4.975,36.223,4.649,6.976,703.686,29.633,1,293.692
902.000,1,45.441,5.026,34.410,3.579,5.802,350.697,38.695,1,263.921
903.000,1,39.455,5.028,35.425,3.554,9.884,237.543,42.038,0,293.808
904.000,1,42.865,4.893,31.051,3.740,10.743,322.547,33.413,1,338.105
905.000,1,40.315,5.019,37.014,3.893,7.990,237.733,20.578,0,431.241
906.000,1,36.613,4.939,34.668,4.323,7.524,510.815,60.487,1,333.078
907.000,1,46.039,5.003,32.315,4.025,9.299,580.949,25.648,1,372.082
908.000,1,42.106,4.912,35.045,5.174,7.028,250.895,79.213,1,401.201
909.000,1,45.299,5.168,32.604,3.449,11.444,243.992,72.682,1,86.285
910.000,1,40.442,4.915,39.870,5.197,7.730,277.931,34.921,0,219.442
911.000,1,42.894,4.865,39.259,4.589,10.000,741.364,57.225,0,326.247
912.000,1,42.466,5.180,38.428,4.619,8.813,750.677,76.840,1,423.326
913.000,1,54.485,5.107,32.121,4.322,8.212,514.929,15.686,1,380.739
914.000,1,45.649,4.974,38.123,3.944,8.702,594.788,19.253,0,353.836
915.000,1,44.672,5.002,34.849,5.205,7.683,494.152,18.697,0,359.180
916.000,1,41.499,5.181,33.894,4.450,8.759,368.055,62.465,1,191.679
917.000,1,44.296,5.312,30.978,3.759,9.459,253.400,30.643,1,159.860
918.000,1,40.637,4.854,31.958,4.643,7.273,387.926,23.202,1,35.942
919.000,1,47.107,4.782,36.505,4.110,6.779,747.351,61.440,0,443.797
920.000,1,49.071,4.977,37.468,3.647,9.036,571.430,16.032,1,260.060
921.000,1,47.345,5.045,33.887,4.457,8.380,562.162,27.619,1,278.369
922.000,1,47.944,4.932,35.674,4.283,6.220,293.086,30.000,0,292.432
923.000,1,48.031,4.869,31.289,3.560,8.667,395.569,16.503,1,305.013
924.000,1,49.034,4.900,32.865,4.487,8.488,306.843,49.368,1,144.937
925.000,1,39.705,5.199,33.809,4.275,8.474,677.960,65.364,1,210.386
926.000,1,45.379,5.058,34.635,4.138,6.032,533.624,72.986,1,504.435
927.000,1,56.468,4.859,33.725,4.475,8.536,372.067,31.088,1,325.527
928.000,1,40.783,4.830,36.938,4.468,5.201,361.192,55.461,1,323.867
929.000,1,38.378,5.111,35.674,3.806,9.582,568.821,66.022,0,298.028
930.000,1,42.194,5.027,34.541,3.988,5.224,396.150,50.302,1,146.152
931.000,1,49.314,5.073,34.497,3.873,8.405,466.195,16.823,0,402.749
932.000,1,47.521,4.739,32.563,4.002,7.236,763.437,46.447,1,167.845
933.000,1,45.746,4.875,31.751,4.465,9.542,306.426,74.694,1,471.924
934.000,1,39.962,5.245,34.352,4.281,6.616,263.614,69.787,0,282.479
935.000,1,44.397,4.981,34.453,3.951,7.193,402.097,45.030,1,310.826
936.000,1,48.771,4.997,35.385,4.400,11.057,440.404,44.058,1,270.642
937.000,1,49.501,4.825,34.360,3.716,9.907,618.509,57.255,1,644.997
938.000,1,54.419,4.892,36.999,3.996,7.590,664.733,53.067,1,283.642
939.000,1,37.770,4.970,33.533,3.900,6.451,475.576,18.570,1,282.024
940.000,1,41.011,4.900,34.868,3.613,7.294,761.021,57.272,1,330.903
941.000,1,44.486,4.760,34.922,3.740,6.142,633.690,36.811,0,549.642
942.000,1,41.670,5.137,35.928,4.635,7.349,776.018,70.282,1,358.347
943.000,1,36.902,4.984,30.780,4.192,6.263,312.086,29.302,1,85.494
944.000,1,51.657,5.273,35.986,4.082,8.011,659.550,52.310,0,710.115
945.000,1,45.329,5.166,35.003,4.172,8.312,635.172,16.248,1,335.846
946.000,1,46.763,5.134,38.382,4.339,8.092,567.995,22.823,1,378.598
947.000,1,42.765,4.962,34.443,4.022,5.531,743.272,76.310,0,470.855
948.000,1,47.920,4.955,33.776,3.627,10.714,350.731,43.518,1,435.417
949.000,1,40.799,4.736,29.782,3.828,8.124,522.508,76.282,1,0.000
950.000,1,44.262,4.880,39.549,5.525,9.699,785.817,57.065,1,261.785
951.000,1,45.045,4.758,31.795,4.676,5.401,786.227,36.984,1,276.285
952.000,1,40.151,5.020,38.163,3.718,7.097,524.843,28.333,0,588.381
953.000,1,47.747,4.875,38.852,3.829,6.915,571.959,69.673,1,661.144
954.000,1,45.344,5.002,36.599,4.985,8.912,518.679,79.923,1,637.950
955.000,1,42.073,4.892,36.226,4.366,8.927,384.228,70.781,1,324.417
956.000,1,45.411,5.105,33.907,5.109,8.359,553.873,42.817,1,278.244
957.000,1,49.400,5.091,32.255,4.268,8.357,416.977,13.225,1,221.679
958.000,1,38.862,4.989,33.595,4.297,9.266,281.415,42.727,0,70.247
959.000,1,43.585,5.145,38.758,4.101,8.715,561.723,24.382,1,545.920
960.000,1,44.837,4.713,37.157,3.815,7.442,439.361,59.982,1,315.596
961.000,1,47.835,5.127,36.446,4.583,6.140,470.122,45.374,1,185.876
962.000,1,41.172,5.189,37.145,4.761,10.410,378.975,25.728,1,322.418
963.000,1,50.410,5.122,34.031,3.599,6.909,800.275,70.448,0,519.390
964.000,1,44.277,5.074,36.438,3.806,7.757,808.756,48.084,1,437.879
965.000,1,50.699,5.075,35.904,3.959,7.127,290.799,65.934,1,501.237
966.000,1,51.121,4.952,35.857,3.843,7.675,552.092,44.140,0,301.075
967.000,1,37.090,5.327,35.466,4.033,7.781,277.453,10.480,1,607.030
968.000,1,41.623,4.741,33.628,4.894,6.957,639.637,26.951,1,0.000
969.000,1,45.641,4.953,32.869,5.310,7.188,492.818,78.849,1,370.931
970.000,1,38.284,4.926,34.414,3.829,7.589,359.524,59.541,1,105.457
971.000,1,39.640,5.073,31.502,4.967,8.524,361.007,15.185,1,174.666
972.000,1,45.155,5.131,37.430,3.995,7.488,348.294,56.495,0,449.114
973.000,1,39.466,5.284,36.154,4.966,7.608,506.863,50.106,1,435.645
974.000,1,42.181,5.138,36.261,3.739,8.182,597.790,35.853,1,530.769
975.000,1,46.094,4.932,35.100,4.656,10.627,319.043,64.599,1,266.700
976.000,1,46.388,5.014,27.510,4.638,7.895,532.078,43.778,1,307.316
977.000,1,42.181,5.095,34.032,4.005,6.399,792.903,59.923,1,447.278
978.000,1,46.501,5.301,31.981,4.904,8.998,658.078,53.322,0,97.361
979.000,1,43.324,5.175,33.114,3.918,8.047,485.024,64.547,0,38.188
980.000,1,37.684,5.157,29.568,4.155,4.684,442.154,66.547,1,294.345
981.000,1,48.170,4.775,29.743,5.060,9.167,318.966,74.820,1,87.675
982.000,1,32.950,4.894,34.301,4.751,6.095,424.316,76.969,1,336.903
983.000,1,38.308,4.881,34.880,4.553,10.412,511.878,38.927,1,178.489
984.000,1,54.865,5.161,34.726,4.831,7.569,303.116,19.545,1,411.004
985.000,1,45.550,5.065,32.559,4.045,8.669,337.213,66.940,0,66.520
986.000,1,48.879,5.076,33.763,4.062,8.610,652.808,11.526,1,0.000
987.000,1,48.019,5.165,32.183,4.563,8.253,322.071,60.884,1,103.966
988.000,1,38.559,5.184,34.722,3.997,8.606,582.021,28.535,1,274.551
989.000,1,41.155,5.202,34.242,3.933,6.284,608.498,11.148,1,492.227
990.000,1,44.379,4.993,35.884,4.063,9.242,390.572,73.770,0,529.530
991.000,1,41.034,4.745,34.808,4.413,6.909,588.856,20.378,1,369.463
992.000,1,41.107,4.842,34.484,3.952,8.687,630.564,32.915,0,239.449
993.000,1,51.291,5.043,33.261,4.488,9.114,479.142,57.376,1,13.266
994.000,1,52.692,4.918,35.830,4.425,7.695,559.459,55.025,1,423.986
995.000,1,39.967,4.910,39.709,4.126,6.683,807.788,27.699,1,656.728
996.000,1,39.714,5.074,32.909,4.062,9.252,389.853,46.712,1,478.665
997.000,1,41.364,4.815,38.038,4.755,9.146,610.131,67.713,1,491.016
998.000,1,40.104,4.939,30.099,4.591,7.896,678.062,27.055,1,467.203
999.000,1,48.715,5.073,39.208,3.901,7.084,689.540,59.886,0,320.197
0.000,2,43.913,4.812,49.967,1.076,7.123,0.000,51.525,1,915.264
1.000,2,47.876,4.909,44.448,1.989,4.152,0.000,58.597,0,1063.581
2.000,2,43.497,5.209,43.694,0.714,7.823,0.000,52.879,0,1221.075
3.000,2,48.192,5.192,50.280,1.010,6.452,0.000,58.425,1,1079.410
4.000,2,49.041,4.871,48.274,0.961,5.948,0.000,36.984,1,974.961
5.000,2,53.925,5.077,41.182,0.767,5.994,0.000,19.799,0,1017.742
6.000,2,45.532,5.116,46.333,1.454,6.048,0.000,49.543,0,1373.879
7.000,2,56.674,5.294,48.591,2.322,6.185,0.000,75.820,0,1011.035
8.000,2,47.547,5.007,42.311,1.267,3.847,0.000,37.772,0,984.940
9.000,2,44.221,4.955,44.771,1.351,3.638,0.000,65.454,0,1181.554
10.000,2,48.253,4.810,46.272,2.369,2.953,0.000,23.550,0,1243.437
11.000,2,44.575,5.010,39.797,1.158,6.286,0.000,56.830,1,1085.562
12.000,2,41.116,4.847,48.075,1.951,5.332,0.000,34.415,1,1009.507
13.000,2,41.929,4.821,42.726,0.826,4.286,0.000,30.069,0,647.908
14.000,2,49.808,4.786,43.503,1.200,3.689,0.000,60.815,0,1293.037
15.000,2,49.601,5.043,42.190,2.373,4.967,0.000,59.084,0,1253.597
16.000,2,41.123,5.050,44.900,0.818,4.398,0.000,32.957,0,908.676
17.000,2,50.715,4.813,55.553,3.058,5.226,0.000,12.324,1,1095.579
18.000,2,50.751,5.147,41.986,1.035,8.235,0.000,50.258,0,1141.876
19.000,2,44.244,5.130,48.291,1.045,4.835,0.000,63.218,0,846.311
20.000,2,49.028,4.793,45.992,1.551,2.259,0.000,31.632,0,1160.368
21.000,2,41.240,5.025,49.220,1.967,7.867,0.000,32.656,0,1253.766
22.000,2,54.705,4.940,42.501,0.880,3.345,0.000,35.573,0,957.955
23.000,2,50.812,4.926,44.154,1.638,6.238,0.000,15.675,0,1220.989
24.000,2,50.368,4.840,44.396,1.230,5.236,0.000,34.901,1,1132.009
25.000,2,51.056,5.124,51.200,0.803,4.921,0.000,13.537,0,1150.577
26.000,2,45.544,5.044,45.199,1.771,3.037,0.000,13.005,0,972.838
27.000,2,56.123,4.810,45.461,1.329,3.884,0.000,40.295,0,1250.347
28.000,2,45.730,4.990,46.061,1.229,6.491,0.000,39.349,0,1051.817
29.000,2,35.821,5.009,47.670,1.715,7.739,0.000,15.930,0,1177.011
30.000,2,48.404,5.243,51.825,2.544,6.095,0.000,71.570,0,1109.151
31.000,2,53.035,5.154,47.007,1.190,3.576,0.000,53.245,1,1299.769
32.000,2,39.011,5.299,46.538,1.392,6.562,0.000,49.579,1,1020.618
33.000,2,45.975,4.966,40.950,1.508,6.876,0.000,59.132,1,1272.831
34.000,2,45.309,5.179,49.390,0.838,8.812,0.000,54.829,1,1182.370
35.000,2,43.171,5.072,47.059,1.285,4.389,0.000,29.455,0,1076.775
36.000,2,46.765,5.109,44.882,1.052,4.958,0.000,39.885,0,749.868
37.000,2,45.241,4.793,45.211,2.166,6.478,0.000,30.334,0,1115.750
38.000,2,47.115,5.126,42.717,1.079,2.831,0.000,63.360,0,1028.318
39.000,2,50.781,4.948,41.434,1.506,4.810,0.000,49.025,0,1017.142
40.000,2,43.443,5.088,46.237,1.520,7.636,0.000,74.802,0,913.600
41.000,2,49.134,4.936,50.040,0.875,8.210,0.000,30.686,0,1132.189
42.000,2,47.708,4.945,43.905,1.271,1.475,0.000,51.895,0,1217.731
43.000,2,40.700,4.927,45.125,3.882,6.129,0.000,72.224,1,1024.817
44.000,2,44.320,5.213,42.733,1.605,7.427,0.000,55.932,0,1364.758
45.000,2,44.436,5.027,43.808,1.918,5.037,0.000,68.945,0,1257.525
46.000,2,48.848,5.032,43.506,2.240,4.100,0.000,66.166,0,1260.705
47.000,2,47.704,4.784,48.250,2.106,7.217,0.000,62.753,0,1145.227
48.000,2,42.055,4.716,46.347,1.265,7.565,0.000,61.122,1,1060.835
49.000,2,50.844,5.034,43.300,1.558,8.420,0.000,51.232,0,1101.948
50.000,2,47.976,5.074,47.439,2.077,6.856,0.000,49.471,0,1094.355
51.000,2,41.232,5.200,46.327,3.033,5.938,0.000,76.899,1,1232.649
52.000,2,50.986,4.979,45.850,1.157,7.758,0.000,20.713,0,1277.753
53.000,2,37.045,5.110,46.752,1.136,4.937,0.000,75.086,0,686.243
54.000,2,50.000,4.975,45.076,1.021,4.381,0.000,34.088,1,1084.896
55.000,2,48.084,4.706,43.143,2.201,4.947,0.000,32.072,0,1133.618
56.000,2,41.967,4.838,42.588,1.055,6.619,0.000,14.919,0,1034.342
57.000,2,49.356,5.060,43.974,1.102,3.991,0.000,53.050,0,1094.586
58.000,2,48.790,4.868,45.608,1.361,6.402,0.000,15.162,0,1108.408
59.000,2,49.804,4.941,48.411,2.282,7.028,0.000,44.987,0,1185.147
60.000,2,44.874,4.850,45.608,0.972,4.162,0.000,37.980,1,1182.740
61.000,2,49.234,5.002,48.375,2.297,4.446,0.000,17.175,0,948.559
62.000,2,43.970,5.073,45.294,1.569,5.359,0.000,56.678,1,969.424
63.000,2,42.152,4.972,45.963,1.281,7.854,0.000,57.797,0,903.673
64.000,2,48.281,5.004,43.963,2.443,5.136,0.000,21.633,0,1018.102
65.000,2,33.261,5.032,42.676,2.842,6.138,0.000,10.410,0,980.020
66.000,2,45.753,5.048,46.456,2.244,3.847,0.000,51.421,0,1007.891
67.000,2,41.932,5.024,47.010,1.282,3.825,0.000,29.269,0,1069.502
68.000,2,42.974,5.289,45.905,0.916,3.981,0.000,14.832,0,1007.322
69.000,2,47.576,5.015,43.269,1.093,5.530,0.000,70.025,0,1170.948
70.000,2,47.217,4.997,41.874,2.600,5.150,0.000,12.344,0,617.880
71.000,2,49.474,5.157,46.641,3.253,4.232,0.000,18.550,1,595.573
72.000,2,39.752,4.917,46.504,1.141,7.179,0.000,17.638,0,1119.553
73.000,2,54.321,5.170,46.645,0.970,5.675,0.000,72.802,0,1077.709
74.000,2,42.755,4.889,47.120,1.485,5.651,0.000,44.929,0,1101.711
75.000,2,45.004,4.911,43.879,2.947,6.827,0.000,24.178,0,953.640
76.000,2,39.310,4.780,39.943,1.099,5.403,0.000,55.464,1,890.000
77.000,2,45.666,5.237,43.338,1.638,3.547,0.000,13.134,0,872.339
78.000,2,51.245,4.857,46.362,1.061,8.260,0.000,35.021,0,740.671
79.000,2,47.964,5.051,45.577,1.179,8.018,0.000,71.233,0,872.136
80.000,2,45.307,5.124,43.011,1.283,4.469,0.000,72.838,1,1028.698
81.000,2,45.670,5.059,42.918,1.177,4.415,0.000,39.298,0,962.913
82.000,2,46.472,5.099,47.633,1.186,4.335,0.000,62.460,1,1105.652
83.000,2,41.766,5.075,42.874,1.888,7.465,0.000,76.876,0,1203.302
84.000,2,55.560,5.098,44.125,1.664,8.723,0.000,68.689,1,967.955
85.000,2,43.010,5.172,43.444,1.899,6.033,0.000,34.422,0,1025.700
86.000,2,47.578,5.022,43.172,1.592,7.912,0.000,58.448,0,1036.261
87.000,2,49.544,5.073,47.708,1.228,5.726,0.000,52.398,0,1050.199
88.000,2,45.152,5.133,43.256,1.096,7.113,0.000,25.228,0,843.740
89.000,2,41.830,5.012,45.774,1.825,2.600,0.000,57.705,0,1196.809
90.000,2,43.308,4.952,45.320,1.531,3.548,0.000,40.564,1,1261.131
91.000,2,55.772,5.120,49.520,2.798,6.372,0.000,27.915,1,782.572
92.000,2,38.096,5.214,35.675,2.096,5.075,0.000,78.611,1,948.028
93.000,2,45.767,4.899,46.647,2.532,4.930,0.000,58.340,0,1132.100
94.000,2,49.136,5.323,39.760,1.824,5.632,0.000,32.365,0,943.486
95.000,2,56.294,5.210,43.164,2.529,5.118,0.000,37.132,0,975.784
96.000,2,55.982,4.893,43.168,2.407,6.358,0.000,21.111,0,1003.554
97.000,2,47.136,5.154,48.106,1.325,4.991,0.000,73.199,1,1080.005
98.000,2,44.660,4.707,39.875,1.183,6.187,0.000,43.675,0,1067.613
99.000,2,49.781,5.086,42.569,2.436,9.067,0.000,31.669,0,1026.947
100.000,2,43.514,4.891,45.062,2.443,6.003,0.000,75.649,0,914.854
101.000,2,42.655,4.747,41.870,1.671,4.861,0.000,76.065,0,932.334
102.000,2,43.607,5.007,44.702,1.060,7.473,0.000,21.005,0,1038.462
103.000,2,42.529,4.826,46.812,1.260,3.559,0.000,33.036,0,926.783
104.000,2,39.671,4.835,46.862,2.391,3.453,0.000,54.448,0,839.650
105.000,2,50.766,5.119,42.626,2.038,5.222,0.000,73.043,0,1055.014
106.000,2,41.116,5.069,42.556,1.856,6.987,0.000,56.387,0,955.722
107.000,2,43.481,5.092,43.787,2.119,4.292,0.000,67.217,0,1123.757
108.000,2,51.279,5.219,43.764,1.297,6.755,0.000,37.117,0,691.207
109.000,2,39.443,5.083,48.704,1.226,4.948,0.000,74.658,0,1023.338
110.000,2,50.226,4.883,43.793,2.361,4.621,0.000,60.686,1,933.394
111.000,2,34.105,5.183,44.494,1.248,11.161,0.000,44.730,0,1132.278
112.000,2,48.676,5.159,47.555,2.098,2.262,0.000,72.667,1,789.431
113.000,2,49.507,4.992,44.842,1.369,7.773,0.000,14.089,0,1090.025
114.000,2,43.006,4.989,48.405,1.162,4.724,0.000,45.668,0,960.667
115.000,2,47.710,5.042,43.530,1.947,5.339,0.000,64.099,0,987.332
116.000,2,50.190,5.027,50.628,1.724,4.409,0.000,73.020,1,1077.859
117.000,2,39.909,5.001,40.359,1.767,7.131,0.000,36.606,1,864.586
118.000,2,45.877,5.174,40.571,1.529,1.985,0.000,52.414,0,946.302
119.000,2,41.224,5.002,44.207,1.208,6.622,0.000,17.920,1,863.799
120.000,2,44.195,5.020,43.591,2.351,5.129,0.000,38.619,0,868.942
121.000,2,42.068,5.139,41.675,2.561,5.940,0.000,36.672,0,999.155
122.000,2,52.666,4.783,47.925,1.443,6.983,0.000,54.284,0,1125.876
123.000,2,45.406,5.082,47.739,1.515,6.690,0.000,49.052,0,867.337
124.000,2,54.301,5.009,44.818,1.855,2.702,0.000,77.334,0,1005.180
125.000,2,46.187,5.268,47.978,1.102,4.972,0.000,72.335,0,1409.963
126.000,2,31.747,4.859,43.703,1.810,7.637,0.000,53.147,0,1124.219
127.000,2,45.651,4.875,42.500,1.810,8.300,0.000,53.243,0,1139.446
128.000,2,49.135,5.028,43.082,1.709,5.533,0.000,69.240,1,1096.543
129.000,2,43.368,5.172,46.219,1.906,8.431,0.000,73.965,1,785.037
130.000,2,46.771,5.038,47.284,1.924,3.957,0.000,46.701,0,1009.483
131.000,2,40.718,4.831,44.936,1.107,8.052,0.000,71.226,1,623.807
132.000,2,44.351,4.992,45.945,1.840,3.979,0.000,10.379,0,1008.396
133.000,2,42.999,5.269,41.903,1.646,2.928,0.000,46.243,0,1006.202
134.000,2,46.823,4.938,46.900,3.647,7.584,0.000,59.839,0,987.737
135.000,2,45.857,4.878,49.030,1.635,6.107,0.000,17.943,1,1160.115
136.000,2,44.980,5.348,40.765,2.027,4.679,0.000,10.553,0,1203.189
137.000,2,45.458,5.125,43.854,2.959,5.966,0.000,15.850,1,669.596
138.000,2,43.138,4.835,39.876,1.936,4.297,0.000,61.095,0,759.450
139.000,2,55.832,4.872,42.926,1.455,7.712,0.000,76.737,0,1083.588
140.000,2,46.579,5.302,45.650,1.489,4.348,0.000,35.869,1,870.696
141.000,2,50.271,4.990,43.228,2.009,6.615,0.000,26.848,0,1047.720
142.000,2,51.753,5.042,45.382,1.407,4.263,0.000,33.551,1,935.919
143.000,2,41.345,4.998,44.468,2.143,5.357,0.000,48.951,0,929.881
144.000,2,49.177,5.128,43.935,1.305,5.676,0.000,66.185,0,918.565
145.000,2,38.375,4.939,42.056,1.748,5.111,0.000,74.338,1,1121.035
146.000,2,44.305,4.749,43.491,1.149,7.257,0.000,13.223,1,1008.720
147.000,2,46.770,4.838,43.505,1.668,4.418,0.000,51.420,0,1010.805
148.000,2,35.137,5.125,44.667,1.986,6.743,0.000,45.010,1,1091.809
149.000,2,53.404,5.166,44.114,2.410,2.856,0.000,36.515,1,1129.031
150.000,2,37.414,5.011,49.575,1.750,8.028,0.000,53.969,0,1143.669
151.000,2,51.016,4.941,43.248,1.827,7.797,0.000,62.208,0,948.370
152.000,2,39.802,5.216,43.646,2.711,6.768,0.000,61.214,1,1288.011
153.000,2,49.687,5.268,40.644,1.476,7.985,0.000,53.115,0,1010.644
154.000,2,40.897,4.904,46.115,1.772,7.113,0.000,13.713,0,776.374
155.000,2,42.563,5.211,39.592,1.252,7.437,0.000,26.865,1,1085.020
156.000,2,51.959,4.839,40.953,1.202,6.897,0.000,35.314,1,962.878
157.000,2,47.374,4.940,46.481,2.379,5.462,0.000,41.839,1,901.234
158.000,2,45.176,5.224,42.803,2.416,7.721,0.000,78.387,0,1110.200
159.000,2,46.180,5.143,47.306,2.540,5.636,0.000,27.180,0,872.061
160.000,2,48.334,4.996,39.861,1.257,7.494,0.000,33.802,0,1201.165
161.000,2,49.828,4.847,45.879,2.192,4.306,0.000,45.118,0,775.719
162.000,2,53.017,4.734,41.124,2.000,6.593,0.000,40.409,0,1005.539
163.000,2,44.684,4.715,42.507,2.357,6.509,0.000,44.392,0,920.694
164.000,2,50.123,5.069,45.280,1.474,5.346,0.000,20.005,0,878.114
165.000,2,43.269,4.784,46.527,1.551,5.547,0.000,48.602,0,1187.978
166.000,2,41.318,4.980,39.835,2.761,6.648,0.000,20.127,0,745.747
167.000,2,39.631,4.804,44.682,1.795,5.468,0.000,12.791,1,926.217
168.000,2,51.398,4.657,41.859,1.418,5.579,0.000,17.647,0,840.008
169.000,2,47.865,4.874,41.912,3.840,6.868,0.000,54.592,0,846.371
170.000,2,45.494,5.021,44.499,1.483,5.600,0.000,56.847,1,1072.730
171.000,2,42.165,5.200,39.764,1.660,5.546,0.000,25.129,1,964.390
172.000,2,43.458,4.809,48.223,2.489,5.589,0.000,55.492,0,829.518
173.000,2,45.423,4.817,45.273,2.395,4.813,0.000,55.189,1,1066.079
174.000,2,40.461,4.713,40.327,2.584,4.758,0.000,42.370,0,1169.148
175.000,2,44.801,5.235,45.192,1.362,6.253,0.000,59.430,0,1052.294
176.000,2,48.425,5.165,39.823,1.876,5.112,0.000,56.050,0,988.890
177.000,2,41.288,5.006,48.637,3.719,4.341,19.079,18.169,0,647.402
178.000,2,43.041,4.930,47.241,2.271,7.760,0.000,61.090,0,809.701
179.000,2,41.614,4.921,44.564,3.359,7.218,0.000,59.517,0,775.228
180.000,2,58.519,4.941,43.043,1.640,6.985,0.000,48.843,0,964.746
181.000,2,39.634,5.261,45.518,2.293,6.116,0.000,76.622,1,842.172
182.000,2,49.738,5.111,43.338,2.405,6.109,0.000,66.066,0,1152.435
183.000,2,42.836,4.960,45.336,3.361,4.890,0.000,49.045,0,871.659
184.000,2,44.824,5.184,47.777,1.344,5.074,0.000,62.584,0,919.174
185.000,2,37.669,5.150,45.335,3.064,5.821,0.000,14.482,0,816.513
186.000,2,52.166,5.131,44.954,1.381,3.877,0.000,26.400,0,920.313
187.000,2,37.242,4.869,44.662,1.408,4.247,0.000,54.335,0,789.631
188.000,2,48.369,5.220,40.151,1.595,8.531,0.000,21.183,0,685.109
189.000,2,44.614,5.177,40.039,2.211,2.962,0.000,73.021,0,858.448
190.000,2,48.153,4.972,42.824,1.727,8.238,0.000,57.382,1,1039.253
191.000,2,42.341,4.948,42.795,1.450,8.567,6.874,60.259,0,1216.874
192.000,2,57.064,5.130,43.309,1.372,5.818,0.000,14.218,0,847.620
193.000,2,50.031,4.729,41.205,2.189,7.401,0.000,48.721,0,936.099
194.000,2,53.570,4.924,42.678,2.376,6.239,0.000,66.477,1,933.417
195.000,2,48.183,4.707,43.840,1.614,6.955,0.000,48.337,0,1007.535
196.000,2,47.923,4.856,44.055,1.706,5.036,0.000,22.719,0,1146.154
197.000,2,46.960,4.818,49.845,2.409,3.730,0.000,68.692,0,886.368
198.000,2,52.932,5.068,40.680,1.316,6.568,0.000,25.112,0,876.467
199.000,2,39.712,5.049,46.362,1.779,6.065,0.000,48.284,0,962.198
200.000,2,49.272,4.920,43.648,1.329,7.464,0.000,65.305,0,1287.898
201.000,2,46.014,5.187,46.847,3.115,6.096,0.000,70.663,1,751.115
202.000,2,46.018,5.089,42.770,2.262,4.892,0.000,26.448,1,675.262
203.000,2,51.021,5.323,44.303,1.381,5.261,0.000,12.139,0,970.594
204.000,2,48.800,5.118,46.020,1.502,2.905,0.000,63.275,0,968.993
205.000,2,53.290,5.073,42.365,2.475,8.927,0.000,33.294,0,922.323
206.000,2,49.638,5.311,46.259,3.218,4.853,0.000,10.590,1,828.893
207.000,2,43.376,5.053,41.364,1.744,8.057,0.000,52.642,0,796.231
208.000,2,55.785,5.066,49.007,2.309,7.336,0.000,70.616,0,926.372
209.000,2,46.190,4.854,43.876,1.509,5.194,0.000,76.677,0,1065.667
210.000,2,43.247,5.045,44.912,2.145,6.730,0.000,29.502,0,1256.327
211.000,2,45.912,4.981,44.788,2.313,7.682,0.000,11.864,0,898.751
212.000,2,39.082,5.162,41.426,1.355,5.218,0.000,59.778,0,1056.455
213.000,2,51.891,4.774,39.548,1.877,7.572,0.000,18.378,0,833.952
214.000,2,44.681,4.733,39.243,2.111,5.443,0.000,28.792,0,822.367
215.000,2,37.372,4.992,43.189,2.510,7.473,0.000,68.535,0,667.321
216.000,2,48.879,4.753,43.034,2.382,4.852,0.000,47.818,1,830.671
217.000,2,42.567,5.170,43.001,2.376,6.079,0.000,18.402,0,845.828
218.000,2,45.530,4.924,41.122,1.689,5.203,0.000,68.156,0,812.665
219.000,2,49.365,4.956,38.788,1.579,8.415,0.000,16.442,0,926.018
220.000,2,42.310,4.926,38.796,1.765,7.270,0.000,27.468,0,1034.153
221.000,2,42.968,4.906,41.758,3.592,8.353,0.000,29.645,1,1029.057
222.000,2,41.373,5.002,46.689,2.471,6.555,0.000,61.799,1,888.287
223.000,2,41.348,4.990,44.760,2.523,3.885,0.000,12.163,1,984.715
224.000,2,49.162,5.082,42.730,2.227,1.912,31.196,69.007,0,820.680
225.000,2,52.938,5.295,43.489,2.100,5.886,0.000,33.681,1,808.024
226.000,2,51.618,5.074,41.593,2.243,5.462,0.000,70.181,1,900.795
227.000,2,45.459,4.819,42.433,1.805,6.575,0.000,48.129,0,1052.005
228.000,2,49.389,5.113,44.671,3.445,4.759,0.000,12.212,0,779.597
229.000,2,45.806,4.940,35.971,1.733,4.975,0.000,40.018,0,615.528
230.000,2,48.557,5.225,42.700,1.782,6.909,0.000,24.097,0,1040.670
231.000,2,39.951,5.009,39.227,3.537,4.504,0.000,76.071,0,843.310
232.000,2,48.080,5.144,48.694,2.861,8.596,0.000,44.538,0,910.804
233.000,2,49.982,5.196,44.952,1.977,7.411,0.000,33.948,0,937.197
234.000,2,42.643,4.820,48.008,2.470,6.856,0.000,30.043,1,1051.968
235.000,2,50.577,4.840,44.502,2.312,4.382,0.000,32.788,0,959.730
236.000,2,43.513,5.166,47.156,4.264,4.079,0.000,64.765,1,935.830
237.000,2,41.167,4.748,42.027,1.438,5.936,0.000,48.701,0,937.939
238.000,2,41.851,4.954,41.749,2.780,4.591,0.000,66.271,1,1150.367
239.000,2,53.922,4.886,48.016,1.548,7.738,0.000,68.068,0,754.690
240.000,2,54.577,5.075,40.120,1.465,4.197,57.218,28.501,0,956.937
241.000,2,44.088,4.731,44.262,2.125,4.836,0.000,17.411,0,1133.970
242.000,2,39.090,4.844,40.722,2.645,6.638,79.317,18.014,0,1197.311
243.000,2,42.221,4.987,40.145,1.526,7.758,0.000,65.234,0,773.615
244.000,2,43.369,5.071,43.034,1.951,6.907,0.000,38.791,0,1049.159
245.000,2,43.639,4.934,43.557,3.981,5.052,0.000,66.874,1,1007.912
246.000,2,46.081,4.870,41.070,2.471,6.903,0.000,19.314,0,683.859
247.000,2,45.090,4.941,42.816,2.143,6.567,89.488,61.083,0,953.741
248.000,2,40.058,5.019,41.519,2.695,7.140,38.221,35.253,0,970.530
249.000,2,51.922,4.836,45.847,3.347,6.514,94.785,41.949,0,580.394
250.000,2,40.789,5.117,45.900,1.612,6.944,0.000,42.885,0,917.959
251.000,2,55.043,5.189,40.349,2.970,6.625,0.000,32.430,0,815.776
252.000,2,50.840,4.963,44.339,1.934,8.666,71.307,59.033,0,768.460
253.000,2,42.285,4.864,46.768,2.035,10.015,0.000,13.943,1,798.225
254.000,2,45.912,5.072,43.914,1.625,4.802,24.142,43.473,1,971.666
255.000,2,47.604,5.013,40.087,3.031,3.874,0.000,14.368,1,958.533
256.000,2,50.405,5.167,45.163,2.570,5.031,0.000,31.866,0,972.246
257.000,2,40.049,4.540,42.315,1.648,6.261,60.516,64.171,0,696.787
258.000,2,45.140,5.102,45.087,1.486,7.654,0.000,31.855,0,1122.469
259.000,2,50.992,4.926,44.217,3.186,5.221,0.000,35.351,0,1019.528
260.000,2,47.039,5.202,44.544,1.499,3.951,0.000,40.684,0,930.571
261.000,2,51.881,4.917,41.361,1.560,4.552,0.000,74.514,0,820.942
262.000,2,49.669,5.185,44.257,2.098,6.545,0.000,46.442,0,1089.804
263.000,2,38.703,4.611,40.179,2.016,7.064,0.000,46.202,0,1143.510
264.000,2,48.328,5.318,34.980,1.714,5.171,0.000,60.661,1,807.726
265.000,2,47.504,4.755,46.261,1.746,7.016,0.000,76.533,0,913.574
266.000,2,43.964,5.182,43.705,2.088,5.541,0.000,73.245,1,879.741
267.000,2,44.588,5.075,40.441,2.309,5.008,0.000,67.995,0,909.818
268.000,2,47.580,4.749,44.145,1.715,5.321,0.000,38.661,0,766.653
269.000,2,43.497,5.212,44.051,2.231,6.815,0.000,72.201,0,797.993
270.000,2,44.124,4.842,42.654,1.838,7.783,0.000,32.466,1,821.371
271.000,2,48.991,4.964,41.787,2.480,3.684,0.000,68.928,0,795.274
272.000,2,47.266,5.138,42.647,2.527,8.030,33.660,45.061,0,676.094
273.000,2,44.033,4.999,41.722,2.720,4.983,0.000,33.428,1,955.192
274.000,2,39.358,5.154,42.177,3.925,8.695,0.000,67.207,1,791.645
275.000,2,42.091,5.109,41.177,2.028,9.423,0.000,10.870,0,961.057
276.000,2,40.440,5.098,42.348,2.037,8.196,0.000,26.900,0,807.634
277.000,2,39.908,4.976,40.360,2.104,6.265,0.000,45.344,0,1524.575
278.000,2,46.069,5.163,41.990,2.797,5.536,0.000,27.596,1,1093.410
279.000,2,41.285,4.970,41.522,2.304,8.150,0.000,69.033,0,909.248
280.000,2,45.961,5.171,37.810,2.121,5.871,0.000,40.942,0,787.606
281.000,2,48.502,5.249,41.177,1.770,8.441,0.000,22.044,0,1021.515
282.000,2,42.013,5.026,45.144,3.033,4.459,101.209,27.862,0,1032.697
283.000,2,50.553,4.976,40.497,1.950,4.803,20.127,52.207,1,862.049
284.000,2,46.597,5.000,43.916,2.224,4.469,0.000,67.456,0,1112.041
285.000,2,29.275,5.000,44.011,1.894,6.055,0.000,12.239,1,933.341
286.000,2,42.788,4.906,40.880,1.694,4.680,0.000,31.865,0,963.711
287.000,2,44.071,4.802,44.298,1.913,6.333,125.950,41.572,0,862.093
288.000,2,53.854,5.012,39.597,1.808,3.003,0.000,68.799,0,543.694
289.000,2,47.338,5.103,45.568,2.229,4.098,0.000,17.023,0,928.721
290.000,2,42.148,5.340,40.343,1.649,6.060,0.000,69.159,0,1111.221
291.000,2,53.468,4.894,37.245,2.922,6.800,39.699,35.208,0,955.990
292.000,2,53.968,4.942,42.057,3.248,7.227,0.000,13.506,0,808.269
293.000,2,47.846,4.790,44.676,3.131,7.026,0.000,20.996,1,667.366
294.000,2,38.428,5.101,39.861,2.093,6.072,11.114,69.621,0,799.450
295.000,2,42.079,5.244,48.077,2.896,4.866,0.000,34.690,0,1070.097
296.000,2,50.816,4.885,43.511,2.674,4.357,0.000,14.188,0,882.239
297.000,2,48.459,5.132,41.802,1.653,5.248,0.000,10.991,1,757.998
298.000,2,55.658,5.036,38.320,1.630,5.986,0.000,79.939,1,836.985
299.000,2,39.846,4.999,45.434,1.691,6.344,0.000,46.386,0,792.305
300.000,2,37.527,4.976,42.868,1.718,5.909,0.000,55.335,0,904.689
301.000,2,54.298,4.859,42.520,1.863,6.315,0.000,32.022,0,845.000
302.000,2,41.169,5.172,41.616,1.897,5.129,0.000,20.659,0,1020.060
303.000,2,41.045,5.126,40.318,1.788,7.378,126.135,48.768,1,848.397
304.000,2,43.946,5.026,42.206,1.730,5.136,0.000,46.348,0,853.043
305.000,2,50.112,5.213,44.457,1.684,5.266,0.000,56.573,0,1038.426
306.000,2,44.540,5.162,42.980,1.689,7.317,148.232,67.211,0,790.794
307.000,2,41.122,4.958,45.366,2.702,6.426,43.598,45.504,0,733.890
308.000,2,39.902,4.957,42.448,2.297,7.379,140.450,10.710,0,868.962
309.000,2,48.900,5.252,45.290,1.854,3.248,0.000,48.129,1,1040.578
310.000,2,36.619,4.998,41.026,1.895,7.217,108.918,10.626,0,946.367
311.000,2,54.660,5.195,42.143,1.816,5.237,0.000,67.323,0,708.406
312.000,2,51.981,4.864,47.033,2.071,7.046,0.000,49.725,1,993.740
313.000,2,49.243,4.699,44.142,1.930,5.123,0.000,57.337,0,830.594
314.000,2,49.035,5.119,44.242,2.589,8.079,0.000,15.504,0,815.566
315.000,2,47.128,5.090,43.565,1.734,5.476,0.000,47.081,0,887.087
316.000,2,46.246,4.848,38.276,3.633,4.833,0.000,43.759,0,838.516
317.000,2,42.759,4.667,41.708,2.900,5.686,0.000,77.534,1,1076.630
318.000,2,43.338,5.079,40.395,2.498,4.922,0.000,69.477,0,709.511
319.000,2,49.135,4.979,44.917,3.093,6.260,0.000,24.581,0,542.997
320.000,2,43.484,4.953,42.161,2.250,6.837,31.956,66.081,0,875.635
321.000,2,59.532,5.132,46.080,2.647,4.389,0.000,50.882,0,718.968
322.000,2,47.508,4.637,40.800,1.705,5.650,90.579,62.328,1,902.071
323.000,2,44.023,5.061,42.705,2.047,6.656,0.000,46.350,1,734.516
324.000,2,46.584,5.146,38.884,3.094,7.209,61.062,21.620,0,1097.673
325.000,2,52.535,4.970,43.696,2.053,6.386,0.000,66.205,0,830.876
326.000,2,50.626,5.061,39.976,1.705,6.255,0.000,70.921,0,816.738
327.000,2,46.002,5.082,34.283,2.074,6.700,0.000,59.104,1,772.965
328.000,2,45.745,5.212,47.859,3.349,7.215,0.000,75.196,0,789.365
329.000,2,48.565,4.856,46.306,2.774,5.815,0.000,61.924,0,872.221
330.000,2,51.358,4.908,41.595,2.398,6.532,0.000,13.601,0,770.639
331.000,2,47.090,4.841,39.972,2.286,6.406,0.000,59.006,0,751.300
332.000,2,43.710,4.952,39.097,2.929,6.154,0.000,11.081,1,900.459
333.000,2,44.243,5.027,43.128,2.523,9.144,0.000,78.603,0,899.608
334.000,2,47.350,4.958,41.258,2.573,8.038,0.000,72.246,1,915.343
335.000,2,50.549,5.050,43.608,2.789,5.391,0.000,43.707,0,975.614
336.000,2,45.585,5.025,48.426,2.538,4.888,178.656,51.867,0,971.181
337.000,2,41.681,4.772,40.819,2.406,7.377,0.000,48.163,0,835.330
338.000,2,46.643,5.060,39.991,2.504,4.620,0.000,10.357,1,1050.400
339.000,2,54.536,5.006,39.549,3.363,7.266,0.000,46.040,1,882.419
340.000,2,41.877,5.006,44.273,2.253,7.141,0.000,59.586,1,900.340
341.000,2,42.350,5.200,45.494,2.453,7.097,0.000,31.437,0,928.013
342.000,2,35.054,4.905,41.700,2.340,6.339,0.000,14.776,0,707.707
343.000,2,52.148,4.937,41.938,2.414,6.643,0.000,70.807,0,1079.789
344.000,2,44.642,4.920,38.721,2.453,4.938,21.121,51.839,0,1018.526
345.000,2,40.203,4.838,40.233,3.304,6.997,122.657,43.988,1,728.439
346.000,2,54.500,4.821,41.280,3.296,5.708,0.000,38.057,1,1108.885
347.000,2,41.069,4.902,42.323,3.113,7.408,0.000,41.470,0,750.258
348.000,2,40.632,4.860,40.506,2.556,6.458,66.692,51.625,1,1145.237
349.000,2,42.274,4.654,40.130,3.347,6.553,0.000,12.547,1,998.184
350.000,2,43.669,5.025,47.154,2.649,7.336,89.720,18.440,1,1028.322
351.000,2,49.760,4.838,39.572,2.747,6.736,91.634,61.528,0,812.378
352.000,2,44.881,5.356,43.286,1.818,6.511,0.000,35.964,1,825.391
353.000,2,40.737,5.036,38.248,2.131,6.342,69.486,36.966,0,912.505
354.000,2,47.797,5.179,41.043,2.247,7.928,0.000,55.700,1,799.697
355.000,2,54.427,5.044,42.198,2.041,6.775,0.000,23.042,0,947.973
356.000,2,41.725,5.022,46.677,2.233,3.608,0.000,63.428,0,791.245
357.000,2,48.026,4.924,38.342,2.897,11.513,0.000,69.005,0,796.481
358.000,2,45.273,5.014,45.500,3.699,6.885,54.429,52.419,0,828.615
359.000,2,42.070,4.841,45.164,2.808,6.538,27.053,50.318,1,792.219
360.000,2,53.728,4.842,43.195,2.002,6.034,0.000,29.066,1,964.559
361.000,2,41.348,4.851,44.032,3.022,2.492,168.015,37.015,1,656.497
362.000,2,52.472,5.065,38.744,3.418,6.340,103.461,59.011,1,1139.093
363.000,2,46.394,4.905,42.712,3.078,4.678,0.000,60.489,0,769.119
364.000,2,46.325,5.222,40.031,2.213,7.232,0.000,53.597,0,1298.397
365.000,2,49.013,4.824,44.324,3.111,6.929,178.195,61.679,1,612.392
366.000,2,42.849,5.026,44.341,2.525,8.131,0.000,19.496,0,827.340
367.000,2,44.214,5.087,40.211,2.956,4.982,0.000,16.663,0,943.753
368.000,2,41.224,5.067,40.565,2.599,5.002,0.000,58.771,0,713.313
369.000,2,60.976,5.053,42.191,2.046,5.973,0.000,21.322,0,1116.320
370.000,2,41.722,4.989,42.365,3.008,5.975,0.000,75.108,0,750.713
371.000,2,48.614,4.966,39.085,2.900,7.916,0.000,73.786,0,1010.641
372.000,2,50.597,4.950,40.338,2.375,6.647,0.000,33.969,0,931.477
373.000,2,40.919,4.824,39.255,1.865,4.074,0.000,58.516,0,1050.851
374.000,2,41.057,5.186,43.348,2.300,3.995,0.000,21.235,0,623.377
375.000,2,48.508,4.825,38.780,3.403,5.757,0.000,63.410,1,710.935
376.000,2,49.958,5.196,41.156,3.152,9.622,155.545,60.717,0,870.665
377.000,2,48.091,5.182,39.224,2.512,4.515,0.000,61.601,0,919.781
378.000,2,37.887,4.910,39.611,2.360,8.660,18.133,34.231,0,1031.865
379.000,2,43.861,5.048,45.319,1.984,7.486,79.220,62.984,1,1053.277
380.000,2,44.332,5.062,41.166,2.799,7.626,0.000,47.909,0,745.337
381.000,2,51.556,5.042,39.406,2.190,5.282,196.542,25.049,1,968.672
382.000,2,37.746,5.344,41.180,2.369,7.923,0.000,12.597,0,806.913
383.000,2,48.157,4.872,43.540,3.053,5.776,0.000,54.109,0,908.568
384.000,2,40.400,5.111,43.881,1.854,5.029,186.304,26.569,0,808.188
385.000,2,45.511,5.069,41.696,2.538,5.226,0.000,28.448,0,833.140
386.000,2,45.957,4.972,39.366,2.915,7.471,37.990,78.524,0,930.018
387.000,2,40.098,5.054,41.994,4.267,7.809,0.000,36.952,0,698.122
388.000,2,53.001,5.247,37.971,3.370,8.049,93.627,79.593,1,813.420
389.000,2,35.669,5.145,38.813,3.282,3.510,0.000,38.824,0,777.519
390.000,2,51.552,4.983,44.878,2.126,6.510,0.000,23.670,0,871.684
391.000,2,43.194,5.235,36.537,1.963,5.940,0.000,40.937,1,596.596
392.000,2,41.427,5.030,43.143,2.850,5.297,83.125,55.223,1,901.065
393.000,2,44.364,5.109,36.064,1.903,4.401,158.740,36.728,1,706.038
394.000,2,47.564,5.002,39.449,3.354,7.675,0.000,78.949,0,929.598
395.000,2,43.257,4.817,41.530,2.488,3.005,0.000,69.528,0,889.379
396.000,2,36.168,4.696,41.935,2.751,8.069,206.804,40.106,0,1032.598
397.000,2,37.998,5.119,46.894,2.847,7.205,0.000,69.935,0,848.743
398.000,2,45.466,4.992,46.409,2.458,7.923,0.000,43.698,0,625.941
399.000,2,44.866,5.017,41.361,2.234,7.382,166.037,36.108,1,710.833
400.000,2,43.602,5.009,38.730,3.311,7.641,0.000,58.089,0,834.718
401.000,2,45.651,4.843,44.998,1.916,6.808,0.000,64.516,0,628.854
402.000,2,39.844,5.109,40.645,2.361,7.335,158.961,54.466,0,1123.360
403.000,2,46.645,4.909,39.173,2.088,7.283,143.157,50.854,0,660.691
404.000,2,52.078,5.099,42.365,2.435,6.716,144.352,72.024,0,554.677
405.000,2,40.059,5.147,36.919,2.130,5.931,0.000,10.896,0,766.794
406.000,2,46.881,4.824,42.430,2.615,4.981,0.000,20.373,1,893.455
407.000,2,46.814,5.111,39.890,3.108,4.033,119.901,23.919,0,702.135
408.000,2,46.635,5.283,39.693,2.345,6.467,0.000,21.667,1,737.589
409.000,2,43.004,5.117,38.778,3.635,9.858,29.746,49.325,1,976.507
410.000,2,47.188,4.927,42.706,2.790,6.970,76.092,39.475,0,868.887
411.000,2,52.404,5.119,41.591,2.422,7.028,194.748,63.914,0,784.801
412.000,2,48.125,5.105,38.626,1.976,8.532,201.576,36.944,0,852.892
413.000,2,42.100,4.980,39.851,2.222,6.483,0.000,74.106,0,839.630
414.000,2,42.940,5.204,40.443,3.117,6.601,0.000,43.495,0,663.469
415.000,2,36.497,4.910,44.891,3.286,5.443,0.000,21.636,0,692.871
416.000,2,48.709,5.164,41.736,2.762,8.110,0.000,61.714,0,928.233
417.000,2,45.930,5.018,40.568,2.641,6.092,0.000,45.328,0,739.840
418.000,2,46.119,4.906,37.335,2.973,6.374,0.000,23.165,0,464.371
419.000,2,48.499,5.112,38.967,2.499,7.003,0.000,10.380,1,596.251
420.000,2,48.226,4.937,40.465,2.464,3.659,132.099,79.219,0,818.792
421.000,2,45.223,4.835,41.635,2.137,5.867,265.274,78.770,1,787.325
422.000,2,43.910,4.841,39.688,2.335,6.185,0.000,28.299,1,948.871
423.000,2,41.286,4.624,37.899,2.489,9.679,173.959,77.788,1,1088.158
424.000,2,35.244,4.826,38.825,2.496,7.020,270.732,25.701,0,1109.552
425.000,2,47.651,5.055,42.868,3.304,4.362,0.000,58.575,0,1031.711
426.000,2,46.198,4.804,39.701,4.427,8.828,0.000,67.275,0,655.260
427.000,2,43.935,5.256,34.215,3.207,5.823,167.326,67.961,0,711.889
428.000,2,50.306,5.188,39.276,2.124,5.195,0.000,76.971,0,732.692
429.000,2,45.360,4.934,40.519,2.062,6.635,35.578,42.266,0,1171.219
430.000,2,41.425,5.079,41.008,2.046,9.362,46.294,27.202,0,761.617
431.000,2,51.347,5.096,37.133,2.989,6.200,183.994,67.860,0,592.111
432.000,2,36.004,5.183,38.627,3.280,7.607,0.000,34.692,1,1021.502
433.000,2,46.203,4.955,39.794,2.369,9.496,0.000,77.254,0,992.214
434.000,2,43.906,5.022,40.067,2.493,6.611,0.000,42.941,0,1042.249
435.000,2,43.682,4.851,47.814,3.462,6.742,114.136,79.077,0,1024.886
436.000,2,42.993,5.222,42.253,2.917,7.546,0.000,63.363,0,871.901
437.000,2,52.628,4.975,38.576,2.388,8.505,0.000,18.037,0,1118.565
438.000,2,42.857,5.003,39.989,3.389,6.018,0.000,36.477,0,581.848
439.000,2,47.892,5.076,43.219,4.128,8.077,0.000,45.831,0,841.673
440.000,2,42.180,4.862,39.531,3.289,6.390,242.629,65.881,1,679.469
441.000,2,41.322,5.113,37.046,3.683,5.137,32.121,38.477,1,750.850
442.000,2,42.743,4.882,42.853,2.452,7.927,285.862,44.257,0,920.709
443.000,2,37.413,4.857,37.147,4.507,7.974,0.000,12.661,1,955.892
444.000,2,50.478,4.640,45.064,2.627,6.263,0.000,76.844,1,654.944
445.000,2,44.358,4.997,39.522,2.296,7.551,0.000,41.715,0,739.423
446.000,2,46.338,4.774,41.439,3.542,4.046,5.502,45.072,1,893.413
447.000,2,39.489,4.765,36.585,4.267,6.135,153.887,59.295,0,880.140
448.000,2,41.965,5.158,40.581,2.249,3.987,0.000,17.146,0,698.885
449.000,2,42.383,5.012,35.479,2.244,6.144,277.427,63.620,0,649.687
450.000,2,43.442,4.913,36.107,3.562,6.376,0.000,53.966,1,843.796
451.000,2,46.663,4.828,42.400,2.542,4.672,137.442,43.110,0,994.919
452.000,2,40.592,5.035,42.383,3.055,6.923,0.000,66.150,0,698.390
453.000,2,44.490,4.726,40.432,4.320,6.749,190.346,16.029,1,593.213
454.000,2,47.689,5.165,38.716,4.512,8.084,81.327,62.189,0,573.716
455.000,2,46.200,5.227,39.160,3.014,7.774,0.000,53.333,0,1069.892
456.000,2,35.234,5.043,37.346,2.608,11.543,0.000,22.305,1,601.855
457.000,2,46.898,5.079,35.991,2.646,7.821,181.214,19.183,1,908.058
458.000,2,39.857,4.926,42.068,2.346,7.251,18.532,16.377,0,641.006
459.000,2,45.113,5.114,42.109,3.732,8.392,116.961,56.464,0,669.553
460.000,2,53.292,5.141,40.549,2.826,4.616,0.000,55.558,0,469.633
461.000,2,37.659,5.057,41.726,3.010,8.016,0.000,72.294,0,723.935
462.000,2,46.632,5.053,41.613,3.203,4.884,8.242,56.765,0,909.623
463.000,2,49.899,4.799,37.407,3.282,5.014,0.000,11.673,0,863.735
464.000,2,47.436,4.966,39.069,3.348,7.944,0.000,36.703,1,934.807
465.000,2,48.314,4.850,45.439,2.237,5.369,187.942,68.309,0,650.140
466.000,2,46.029,4.974,39.373,2.495,8.316,188.216,35.334,0,569.669
467.000,2,41.707,5.024,35.714,3.242,7.661,306.097,30.400,1,851.938
468.000,2,42.622,5.260,39.616,2.871,4.618,253.125,39.047,0,1173.819
469.000,2,46.455,5.086,39.304,2.910,4.557,176.716,76.556,0,746.346
470.000,2,46.870,5.186,41.613,5.029,8.732,246.998,28.514,1,480.366
471.000,2,38.697,5.235,35.358,2.169,5.609,289.394,16.238,0,579.230
472.000,2,53.844,4.882,39.455,3.140,6.430,96.669,13.168,0,728.507
473.000,2,45.856,5.101,40.389,3.034,3.098,90.297,56.605,0,909.986
474.000,2,44.667,5.225,40.961,2.895,7.760,286.411,32.308,0,833.976
475.000,2,46.145,4.884,43.585,2.193,8.097,59.986,45.728,0,809.562
476.000,2,42.574,5.072,37.563,2.188,6.567,317.906,29.671,0,601.526
477.000,2,59.107,5.083,39.147,3.452,5.457,108.004,22.798,0,784.270
478.000,2,42.078,4.889,39.353,3.023,5.913,0.000,34.194,1,786.117
479.000,2,36.596,5.205,39.380,2.592,9.423,0.000,54.157,1,961.896
480.000,2,47.645,5.098,42.941,3.962,5.733,0.000,15.673,0,550.040
481.000,2,56.910,4.992,39.610,2.842,7.399,0.000,37.179,1,768.129
482.000,2,45.103,5.098,39.337,2.749,4.393,294.009,60.701,0,630.066
483.000,2,51.676,4.978,44.470,2.648,6.937,0.000,23.265,1,950.772
484.000,2,36.572,5.084,36.436,2.466,7.333,251.694,48.846,0,663.588
485.000,2,31.318,4.909,41.891,4.146,6.037,0.000,30.949,0,694.129
486.000,2,53.094,5.034,39.476,3.140,6.028,152.811,37.833,1,807.285
487.000,2,39.657,5.092,43.038,3.145,7.352,209.191,76.237,1,521.626
488.000,2,43.390,5.005,35.164,2.184,6.138,0.000,21.463,0,702.909
489.000,2,45.028,4.976,36.815,4.791,7.446,171.187,39.287,1,808.108
490.000,2,46.100,4.964,35.390,3.694,3.105,62.665,40.495,0,747.870
491.000,2,41.024,5.136,36.556,3.008,5.698,0.000,38.387,1,841.188
492.000,2,38.140,4.900,36.162,3.273,7.339,237.814,50.034,0,969.212
493.000,2,39.423,5.282,37.735,3.185,6.232,98.658,39.509,0,541.840
494.000,2,45.101,4.832,42.113,2.806,7.293,0.000,70.872,1,864.523
495.000,2,41.092,4.960,41.817,2.260,4.604,246.681,45.805,0,691.319
496.000,2,47.586,4.825,39.412,2.581,6.233,239.176,55.798,0,639.521
497.000,2,45.612,5.330,41.219,3.146,7.148,263.745,21.906,0,763.384
498.000,2,35.470,4.866,39.032,2.946,7.840,158.953,69.277,1,488.145
499.000,2,44.772,4.969,44.711,2.935,6.465,262.235,10.367,1,595.655
500.000,2,49.807,4.809,40.388,2.471,6.462,238.670,21.358,0,665.191
501.000,2,48.046,4.873,41.436,3.326,5.750,56.891,22.244,0,714.668
502.000,2,38.679,4.860,40.717,2.484,6.372,87.090,19.523,0,967.790
503.000,2,44.322,5.175,35.099,2.216,7.728,0.000,73.313,0,742.925
504.000,2,48.149,4.995,41.211,2.769,6.722,143.504,34.808,0,837.467
505.000,2,43.059,5.128,38.493,3.174,7.701,0.000,61.998,0,676.094
506.000,2,40.187,5.064,41.794,2.640,4.781,150.777,60.126,0,738.829
507.000,2,39.432,4.814,38.728,2.249,4.808,0.000,63.047,0,662.933
508.000,2,33.983,5.154,43.199,2.255,5.808,29.758,73.454,0,653.579
509.000,2,34.535,5.038,40.728,3.054,6.731,0.000,66.204,0,861.134
510.000,2,38.088,4.956,40.601,4.599,6.783,83.277,43.809,0,772.060
511.000,2,47.095,4.950,43.434,3.792,6.388,339.737,26.810,0,686.164
512.000,2,44.078,4.977,40.181,2.746,6.762,41.055,68.663,0,621.040
513.000,2,44.950,5.126,40.826,3.188,6.511,3.039,79.699,0,910.933
514.000,2,45.578,4.937,40.737,2.850,9.234,34.957,28.028,0,747.180
515.000,2,43.897,4.988,39.634,3.236,6.621,0.000,35.276,0,764.724
516.000,2,49.223,5.064,42.526,2.329,6.381,268.125,22.075,0,933.463
517.000,2,41.741,5.019,37.622,2.370,6.835,215.484,33.533,0,930.218
518.000,2,45.112,5.087,40.086,3.226,4.659,286.489,64.269,0,777.697
519.000,2,64.046,5.155,41.453,2.721,7.875,127.757,15.906,0,596.601
520.000,2,46.233,5.206,39.743,2.904,7.373,0.000,49.374,0,789.224
521.000,2,42.818,5.184,40.899,4.563,6.518,206.722,14.180,1,438.009
522.000,2,40.444,4.847,35.519,3.396,7.864,300.984,48.296,0,842.262
523.000,2,45.995,5.090,37.064,3.610,9.293,33.528,58.416,1,791.652
524.000,2,44.352,5.130,40.721,2.390,7.306,187.525,70.481,1,759.370
525.000,2,41.913,4.854,35.443,3.715,8.202,288.777,10.239,0,841.018
526.000,2,46.074,4.722,40.715,4.196,6.450,81.679,45.161,0,616.090
527.000,2,43.502,4.870,39.232,2.472,6.027,170.967,32.998,0,570.788
528.000,2,45.639,5.240,41.249,2.642,8.024,0.000,37.914,1,721.974
529.000,2,47.617,4.877,40.485,2.883,10.011,216.880,60.225,1,900.004
530.000,2,46.041,5.002,42.971,2.919,6.202,163.584,19.786,1,775.371
531.000,2,52.222,4.918,39.125,3.239,2.982,48.182,65.782,0,704.570
532.000,2,49.168,5.137,39.392,2.416,5.906,0.000,33.697,0,736.021
533.000,2,43.510,5.312,34.839,2.608,6.578,219.741,32.091,1,759.900
534.000,2,46.846,4.847,36.794,2.735,5.475,214.665,29.307,0,870.011
535.000,2,47.888,4.811,36.630,3.337,6.969,132.556,77.441,1,640.434
536.000,2,53.566,5.038,45.480,3.752,5.906,92.293,69.172,1,841.708
537.000,2,43.861,4.882,35.616,3.494,3.885,0.000,74.575,1,465.648
538.000,2,44.805,4.923,40.119,2.429,8.369,246.028,21.273,0,1080.060
539.000,2,50.213,4.769,41.147,3.472,8.011,0.000,19.578,0,633.825
540.000,2,42.846,5.109,39.787,2.928,7.387,0.000,63.672,0,640.800
541.000,2,40.869,4.895,38.323,2.558,9.173,11.907,65.669,0,926.257
542.000,2,45.663,4.681,38.535,2.374,5.905,42.708,42.533,0,1076.075
543.000,2,43.074,4.883,37.621,4.107,3.233,315.819,30.009,0,470.812
544.000,2,46.774,5.066,39.240,2.647,5.829,3.434,15.466,0,944.658
545.000,2,33.845,5.253,40.712,2.343,7.702,101.269,60.124,1,878.433
546.000,2,47.813,5.256,35.239,2.474,7.466,94.883,78.276,1,567.084
547.000,2,45.201,4.809,40.713,2.716,7.582,262.936,22.754,0,789.211
548.000,2,47.114,5.136,39.479,3.751,6.519,116.916,19.561,0,692.467
549.000,2,43.031,4.768,41.379,4.376,8.733,88.450,70.687,1,841.955
550.000,2,48.719,4.972,41.445,3.241,6.978,256.077,31.729,0,747.688
551.000,2,46.972,4.937,43.088,2.754,6.381,68.927,18.421,0,727.347
552.000,2,35.083,4.889,37.433,4.420,8.355,277.901,70.105,1,543.000
553.000,2,45.359,4.775,39.739,2.608,5.091,0.000,51.459,1,527.806
554.000,2,42.798,4.863,40.923,2.445,8.069,172.084,36.245,0,660.428
555.000,2,45.707,5.035,40.696,4.016,7.900,25.829,60.105,0,883.727
556.000,2,39.393,5.058,45.321,4.168,3.890,327.722,63.183,1,683.137
557.000,2,41.687,5.090,39.047,3.395,5.672,219.784,70.683,0,932.246
558.000,2,44.810,5.015,44.927,3.158,7.292,0.000,46.808,0,734.689
559.000,2,48.335,4.683,40.599,3.761,8.465,304.715,64.878,1,460.160
560.000,2,46.175,5.074,43.470,4.755,7.998,0.000,66.003,1,751.342
561.000,2,39.008,5.157,40.474,2.641,6.255,281.900,40.706,0,772.381
562.000,2,46.579,4.741,40.202,3.682,9.510,278.814,33.127,1,684.106
563.000,2,54.755,4.985,42.625,2.547,6.061,165.891,30.875,0,753.295
564.000,2,41.341,4.938,42.606,3.570,6.628,365.624,45.969,0,822.614
565.000,2,41.915,5.194,44.980,4.101,9.486,219.226,61.496,0,715.621
566.000,2,39.255,5.181,40.714,3.086,7.951,346.160,79.987,1,603.091
567.000,2,47.706,5.186,42.398,5.994,7.256,410.243,78.662,1,276.349
568.000,2,41.909,4.967,35.531,2.421,6.792,343.848,45.823,0,805.497
569.000,2,50.213,5.251,42.391,3.827,2.910,396.718,39.649,0,482.928
570.000,2,52.916,5.144,41.651,2.878,5.379,0.000,51.729,0,801.035
571.000,2,41.704,5.122,38.592,2.433,7.357,157.815,51.283,0,662.754
572.000,2,43.420,4.943,40.792,4.229,7.542,0.000,10.027,0,641.554
573.000,2,38.861,5.059,38.647,3.148,8.636,295.420,41.713,0,744.498
574.000,2,49.136,4.831,38.291,3.279,6.956,0.000,26.835,0,675.758
575.000,2,49.179,4.771,43.060,3.630,6.087,101.219,76.932,0,913.409
576.000,2,43.955,5.071,38.628,2.770,9.268,88.297,56.892,0,1054.159
577.000,2,41.269,5.160,43.426,2.566,7.651,0.000,30.235,0,969.054
578.000,2,41.841,4.933,38.644,2.683,6.447,289.792,66.318,0,832.152
579.000,2,37.600,4.847,35.758,2.620,8.299,204.987,23.917,1,554.696
580.000,2,41.587,5.082,42.370,2.893,6.458,164.646,43.627,1,681.002
581.000,2,45.603,4.981,40.132,2.685,6.229,415.055,60.791,0,760.725
582.000,2,49.546,4.827,38.328,2.844,7.270,62.293,30.250,1,671.750
583.000,2,40.066,5.024,39.633,2.488,6.206,68.398,60.096,0,680.846
584.000,2,40.064,4.676,38.346,3.452,7.703,0.000,30.135,1,581.686
585.000,2,52.982,4.863,40.876,3.082,5.389,331.764,56.713,1,662.398
586.000,2,36.792,4.906,39.958,2.655,8.019,232.185,65.447,0,770.744
587.000,2,43.994,5.260,35.692,3.184,8.961,22.943,12.341,0,967.463
588.000,2,41.037,5.189,33.527,3.212,7.242,50.656,75.613,1,606.082
589.000,2,46.809,5.023,37.096,2.932,6.945,49.520,23.475,1,575.564
590.000,2,45.374,5.038,38.827,2.664,5.933,235.078,59.471,0,555.886
591.000,2,47.144,4.890,37.782,3.035,7.225,14.200,54.349,1,952.517
592.000,2,49.283,4.954,33.866,3.200,8.155,4.819,78.639,1,490.729
593.000,2,51.548,5.297,38.723,4.396,7.797,120.766,14.358,1,421.573
594.000,2,44.057,4.991,37.162,3.087,8.506,18.543,51.430,1,532.689
595.000,2,39.403,5.332,36.907,3.572,5.207,0.000,15.027,0,794.849
596.000,2,49.778,4.896,40.203,2.620,7.211,17.189,20.987,0,786.963
597.000,2,46.158,4.968,37.300,2.550,6.242,0.000,32.345,1,764.847
598.000,2,42.741,4.832,37.070,3.136,6.161,13.537,51.216,0,460.297
599.000,2,45.146,4.921,38.761,3.651,4.778,0.000,72.793,1,673.962
600.000,2,45.211,4.992,38.403,3.565,6.690,0.000,19.193,0,683.167
601.000,2,43.952,4.916,37.555,3.520,6.865,0.000,70.277,1,490.302
602.000,2,44.820,4.850,39.447,2.819,6.792,91.144,76.103,1,731.234
603.000,2,49.693,5.077,33.844,3.494,6.654,94.748,60.138,1,481.906
604.000,2,45.653,4.791,41.123,3.552,7.442,8.381,54.987,0,993.638
605.000,2,51.383,4.998,43.273,2.662,6.765,157.339,63.027,1,537.772
606.000,2,57.475,5.046,36.154,3.347,8.050,304.616,23.273,0,583.176
607.000,2,47.968,5.105,35.748,4.346,6.215,148.292,48.323,1,466.173
608.000,2,44.798,5.408,40.544,2.742,5.580,423.395,56.407,1,676.626
609.000,2,49.810,5.116,40.676,4.146,7.225,207.588,67.376,1,715.218
610.000,2,32.878,5.257,37.489,3.936,9.142,363.543,14.217,1,496.556
611.000,2,47.156,5.069,41.288,2.907,8.482,264.907,54.824,1,895.430
612.000,2,52.399,5.206,44.650,3.421,8.806,438.830,18.345,0,511.788
613.000,2,51.084,5.110,37.524,4.981,8.094,145.016,73.835,1,705.779
614.000,2,48.006,4.820,36.728,2.883,7.540,0.000,43.645,1,606.485
615.000,2,43.813,4.835,34.048,3.489,6.578,417.828,37.304,1,603.581
616.000,2,46.255,4.986,37.451,2.833,6.223,425.072,57.494,0,588.464
617.000,2,44.308,4.736,40.060,2.744,7.655,57.102,69.873,0,1090.454
618.000,2,42.865,4.802,43.262,3.964,8.602,436.849,27.428,0,619.343
619.000,2,45.763,5.024,37.304,3.704,4.464,392.648,16.793,1,793.485
620.000,2,45.655,4.892,45.887,3.129,6.038,113.897,64.958,0,697.219
621.000,2,38.497,5.175,35.265,2.742,8.617,32.928,24.945,1,871.948
622.000,2,43.292,5.051,35.463,3.043,6.984,0.000,79.758,0,355.041
623.000,2,49.453,4.794,39.136,2.755,8.236,128.599,11.689,1,676.922
624.000,2,37.549,4.873,34.686,4.792,6.153,90.423,20.299,1,401.546
625.000,2,42.361,5.035,34.921,3.588,7.595,382.821,69.000,1,440.095
626.000,2,50.545,4.788,42.528,4.282,7.332,393.414,36.159,0,789.313
627.000,2,43.987,4.870,40.383,3.471,8.337,16.283,45.803,0,645.608
628.000,2,43.935,4.831,39.756,3.867,4.060,0.000,63.185,1,524.112
629.000,2,49.779,5.191,37.932,4.320,5.075,120.902,50.383,0,496.221
630.000,2,47.416,5.021,33.944,3.007,6.923,146.540,32.994,1,332.722
631.000,2,39.669,4.920,38.466,3.951,6.229,35.869,23.250,0,455.059
632.000,2,45.802,4.901,38.823,3.762,8.397,366.126,52.572,1,834.912
633.000,2,48.096,5.124,40.670,2.771,9.075,0.000,35.201,0,781.336
634.000,2,50.517,5.272,44.313,3.220,2.904,204.890,72.826,1,798.169
635.000,2,37.268,5.234,38.864,2.934,3.238,353.736,52.620,1,857.221
636.000,2,51.239,4.875,33.911,2.980,6.712,0.000,33.259,0,687.584
637.000,2,44.136,4.769,38.590,2.802,7.851,0.000,13.453,0,643.472
638.000,2,49.789,4.935,39.292,2.974,7.356,0.000,59.662,0,546.596
639.000,2,35.558,5.132,36.027,3.412,6.404,264.373,25.618,0,641.057
640.000,2,51.344,5.103,40.349,3.402,7.696,447.758,39.441,0,638.108
641.000,2,39.720,4.736,38.127,2.971,6.014,271.495,25.192,1,533.232
642.000,2,41.109,4.947,33.658,4.405,7.055,361.478,57.772,1,580.805
643.000,2,36.198,5.030,39.488,3.221,10.755,306.818,27.048,1,634.274
644.000,2,45.496,5.279,27.108,3.143,6.433,207.069,45.012,1,683.978
645.000,2,47.563,5.113,38.897,3.002,6.639,141.360,41.884,0,494.512
646.000,2,43.091,5.029,36.851,3.237,5.703,151.277,47.900,1,474.919
647.000,2,48.012,5.005,39.383,3.301,2.155,435.431,76.456,0,579.261
648.000,2,43.968,4.844,41.556,5.803,8.652,399.212,15.997,1,688.191
649.000,2,38.655,5.090,33.773,2.764,8.186,178.644,37.726,0,534.518
650.000,2,51.368,4.950,37.278,3.540,4.284,20.274,76.569,0,398.022
651.000,2,43.499,5.010,37.846,2.759,7.877,210.988,27.436,1,819.718
652.000,2,43.650,5.051,42.529,3.358,5.454,214.448,60.605,0,482.557
653.000,2,46.259,4.992,37.494,3.642,6.535,225.346,53.361,1,551.325
654.000,2,39.114,4.947,37.962,3.393,6.106,411.124,19.585,0,638.900
655.000,2,40.271,4.851,38.374,2.959,5.704,99.045,15.121,0,544.797
656.000,2,50.149,5.169,38.898,2.675,7.393,487.074,22.675,0,459.275
657.000,2,52.145,5.157,43.393,2.868,7.114,12.399,33.330,1,510.654
658.000,2,42.146,5.045,34.887,4.170,6.255,250.776,65.431,0,545.466
659.000,2,42.737,4.878,37.607,2.688,6.645,438.902,24.114,0,957.865
660.000,2,41.185,4.854,42.029,3.917,7.390,397.980,64.606,1,633.411
661.000,2,40.475,5.247,38.935,3.144,5.987,114.911,41.745,1,473.548
662.000,2,42.237,5.070,39.406,3.363,7.875,146.249,74.550,1,706.717
663.000,2,43.225,4.801,33.991,3.005,5.830,440.962,77.280,0,568.578
664.000,2,46.261,5.155,32.042,4.390,7.075,68.160,13.946,1,195.204
665.000,2,41.646,4.898,37.456,4.216,4.601,197.611,21.759,1,661.709
666.000,2,44.009,5.188,38.296,3.778,6.710,124.445,65.054,1,526.042
667.000,2,45.753,4.759,34.892,3.008,6.731,475.613,14.222,0,494.093
668.000,2,44.533,4.918,40.827,3.277,7.346,31.686,31.131,0,796.584
669.000,2,41.378,5.139,40.215,3.468,9.044,20.959,14.777,1,737.039
670.000,2,43.060,4.685,37.612,3.760,4.486,31.047,55.202,1,478.109
671.000,2,35.535,4.791,35.376,4.001,5.238,275.851,38.859,0,510.317
672.000,2,52.175,5.026,40.201,4.049,5.924,328.150,77.078,0,663.404
673.000,2,52.937,4.801,38.207,3.470,5.639,372.015,17.789,0,905.310
674.000,2,51.517,4.667,38.811,2.838,9.004,162.838,23.629,1,714.473
675.000,2,59.075,4.783,36.751,3.611,7.371,478.218,73.334,1,658.087
676.000,2,50.704,4.994,35.858,3.333,5.874,182.542,50.687,1,477.257
677.000,2,48.096,5.192,43.885,3.571,7.386,410.378,47.549,1,631.478
678.000,2,38.284,5.108,39.724,3.000,7.113,360.925,53.718,0,498.911
679.000,2,42.151,4.804,40.081,4.208,6.067,180.447,38.254,1,347.355
680.000,2,51.763,5.014,34.109,2.858,7.018,223.219,15.301,0,321.280
681.000,2,48.020,4.897,40.836,3.933,8.068,38.056,52.311,0,776.883
682.000,2,43.780,4.966,38.575,3.229,6.747,18.364,41.867,0,644.002
683.000,2,46.442,5.180,39.322,3.811,7.916,184.730,62.520,0,308.947
684.000,2,41.065,4.880,38.584,3.325,8.394,293.628,47.495,0,719.971
685.000,2,38.578,5.268,37.985,3.778,8.964,272.901,23.536,1,958.680
686.000,2,51.836,5.020,36.835,4.741,8.642,518.698,10.525,0,575.039
687.000,2,50.250,5.223,40.262,4.844,6.690,486.459,38.773,1,858.029
688.000,2,47.859,4.932,40.899,4.098,10.050,512.287,34.158,0,632.146
689.000,2,47.842,4.878,38.415,3.166,9.587,80.020,17.871,0,938.953
690.000,2,42.095,5.164,38.181,4.040,5.957,206.914,41.710,0,771.242
691.000,2,41.139,4.927,37.369,3.489,8.294,464.488,63.705,0,520.926
692.000,2,44.389,5.080,40.258,2.857,7.690,274.187,60.757,0,726.330
693.000,2,43.046,5.109,41.095,4.952,6.813,91.944,31.169,0,654.590
694.000,2,45.059,4.954,35.347,3.214,10.152,543.500,61.196,0,668.120
695.000,2,48.694,4.750,42.023,2.840,6.200,183.097,51.512,1,723.977
696.000,2,50.063,5.016,38.905,4.716,6.420,146.560,29.250,1,638.396
697.000,2,47.638,4.857,36.112,2.833,6.489,227.611,44.899,1,591.077
698.000,2,47.363,5.263,38.065,2.843,8.325,318.279,77.286,0,739.841
699.000,2,59.961,4.817,32.755,3.966,5.866,48.928,64.761,0,491.225
700.000,2,42.301,5.247,40.777,2.841,8.523,521.956,29.449,0,487.231
701.000,2,44.222,5.093,38.542,2.859,4.649,435.628,78.722,1,501.376
702.000,2,43.338,5.024,40.451,5.327,8.426,454.997,22.218,1,523.525
703.000,2,38.456,5.294,39.453,2.842,5.684,471.394,40.857,0,646.065
704.000,2,42.048,4.719,37.145,4.335,7.270,116.486,38.312,1,473.970
705.000,2,40.220,4.966,35.104,3.858,9.356,317.898,44.864,1,664.789
706.000,2,43.667,5.081,35.813,4.194,6.943,505.437,57.510,1,600.556
707.000,2,40.743,5.118,36.120,2.972,3.676,533.142,29.704,0,626.142
708.000,2,40.834,5.094,38.568,3.309,5.372,58.440,23.887,0,587.176
709.000,2,45.068,5.140,40.474,3.093,8.762,412.679,51.730,1,469.768
710.000,2,47.344,5.115,40.907,3.320,6.879,376.407,19.463,1,616.203
711.000,2,44.200,5.021,32.704,3.205,7.380,171.803,44.678,0,316.625
712.000,2,43.856,4.913,35.897,3.031,6.866,167.432,72.465,0,406.609
713.000,2,50.743,5.026,37.263,3.209,8.298,55.962,48.632,1,350.242
714.000,2,44.342,4.929,35.821,3.502,10.199,71.448,43.193,1,670.226
715.000,2,37.237,4.942,36.735,3.385,6.428,124.000,74.146,1,744.947
716.000,2,40.199,5.301,41.311,3.126,6.077,470.514,35.819,1,349.420
717.000,2,41.030,5.063,37.952,4.367,7.079,281.708,40.411,1,808.598
718.000,2,41.839,5.000,41.630,2.887,5.612,233.864,74.380,0,569.271
719.000,2,46.294,5.013,41.537,3.739,6.265,42.492,37.154,0,642.518
720.000,2,42.544,5.133,34.147,3.414,7.904,120.889,45.345,0,474.888
721.000,2,45.715,5.188,33.748,3.868,9.395,305.890,45.818,1,632.890
722.000,2,40.491,4.846,37.735,3.768,6.686,285.480,28.011,1,552.171
723.000,2,43.452,4.845,35.184,3.016,8.959,371.439,34.855,1,303.526
724.000,2,38.288,5.395,39.532,3.266,7.709,505.990,22.798,1,526.974
725.000,2,52.817,4.732,37.683,3.447,5.819,102.145,73.509,0,554.633
726.000,2,41.887,5.026,36.793,4.007,4.986,349.296,40.601,1,339.078
727.000,2,43.756,4.918,39.920,3.142,4.379,294.093,36.763,0,766.486
728.000,2,51.621,5.089,35.371,3.500,8.551,40.828,67.492,1,495.669
729.000,2,37.607,5.081,38.272,5.415,4.574,367.932,68.648,0,484.060
730.000,2,40.891,4.970,38.474,2.906,6.589,493.847,31.397,0,541.522
731.000,2,50.976,5.257,37.666,2.905,8.619,31.568,69.216,0,791.998
732.000,2,44.864,4.977,41.262,3.682,8.216,525.541,26.287,0,446.388
733.000,2,42.511,5.105,36.906,4.206,5.735,451.442,51.364,0,708.730
734.000,2,41.115,4.807,40.462,3.165,4.669,521.582,71.206,0,720.942
735.000,2,38.719,5.127,38.779,4.461,5.638,283.527,56.114,0,457.483
736.000,2,39.433,5.208,36.966,4.476,7.821,121.755,29.157,0,853.274
737.000,2,52.952,4.954,37.401,4.809,7.116,446.124,64.067,1,506.482
738.000,2,48.825,4.951,35.557,3.113,7.271,567.634,69.055,1,690.526
739.000,2,61.010,5.022,34.896,4.359,9.010,60.255,40.197,1,658.824
740.000,2,50.722,4.933,35.532,3.704,8.824,159.998,23.928,1,759.240
741.000,2,43.771,5.060,39.887,3.331,5.418,358.142,25.316,0,643.592
742.000,2,43.812,5.027,36.565,3.593,5.055,426.069,56.386,1,466.304
743.000,2,51.632,5.015,36.303,3.522,9.821,424.663,64.572,0,434.387
744.000,2,41.959,4.949,40.878,3.297,5.940,340.311,22.281,1,553.384
745.000,2,40.301,5.020,37.074,3.066,6.136,94.886,30.206,0,324.051
746.000,2,47.053,5.105,35.930,3.427,9.575,569.289,28.738,0,410.571
747.000,2,41.770,5.237,36.418,3.902,7.129,449.883,77.321,1,449.256
748.000,2,47.143,4.847,34.776,3.074,6.847,125.055,39.352,1,677.123
749.000,2,40.127,4.764,39.862,3.553,8.744,429.065,37.271,0,480.799
750.000,2,43.064,4.981,36.819,4.454,5.993,285.577,26.618,1,456.624
751.000,2,45.840,4.944,35.166,3.789,8.659,123.985,38.944,0,189.996
752.000,2,43.061,5.162,38.678,3.565,6.190,410.833,55.375,1,693.609
753.000,2,47.963,4.768,37.482,4.141,7.029,481.082,49.324,0,218.881
754.000,2,39.901,5.082,37.759,4.100,6.356,235.810,60.605,0,483.626
755.000,2,43.015,5.030,35.712,3.186,6.768,442.154,63.650,0,223.700
756.000,2,42.131,5.212,39.294,3.445,6.736,425.339,46.243,0,427.222
757.000,2,48.871,4.954,37.415,3.347,9.126,532.726,55.206,0,387.412
758.000,2,53.335,5.056,37.267,3.441,10.649,405.204,21.585,0,340.204
759.000,2,36.838,4.991,39.488,3.156,8.689,196.925,46.300,0,361.589
760.000,2,41.365,4.953,31.706,3.008,6.160,548.915,72.063,1,443.396
761.000,2,44.017,5.095,37.191,3.251,6.928,467.325,33.378,1,388.771
762.000,2,52.586,4.989,39.383,3.784,7.266,396.226,56.086,0,523.951
763.000,2,49.153,5.012,35.254,3.495,10.000,356.665,31.445,1,516.736
764.000,2,52.393,4.897,34.981,3.014,7.797,94.828,13.604,1,724.589
765.000,2,34.234,4.963,36.501,3.797,8.152,230.032,29.796,0,456.932
766.000,2,48.420,5.213,37.249,3.114,9.438,252.485,65.153,0,435.594
767.000,2,41.889,5.163,37.271,3.758,8.069,155.987,18.228,1,839.081
768.000,2,48.937,5.187,36.105,3.633,7.964,449.136,45.985,0,602.797
769.000,2,42.918,4.928,37.051,3.116,4.790,582.655,31.072,0,732.727
770.000,2,47.735,5.103,35.877,3.765,6.774,332.346,56.200,0,296.313
771.000,2,42.651,4.900,38.210,3.952,7.428,367.241,61.707,0,459.637
772.000,2,44.642,4.830,33.127,3.853,9.674,259.123,59.176,1,360.161
773.000,2,45.228,4.589,38.674,5.225,5.881,101.357,70.722,1,253.035
774.000,2,45.529,5.038,38.366,3.135,9.180,108.563,48.117,0,795.595
775.000,2,35.534,5.251,35.497,3.806,8.066,394.620,49.108,0,474.697
776.000,2,45.067,4.812,36.986,3.782,8.814,380.533,51.738,0,756.767
777.000,2,45.118,5.148,40.821,3.913,7.476,521.063,31.748,1,460.049
778.000,2,50.684,4.838,30.919,5.610,7.296,354.995,61.393,1,201.556
779.000,2,43.641,4.896,40.791,3.586,8.512,335.851,51.986,0,767.581
780.000,2,48.198,4.842,33.888,3.758,4.325,559.122,57.649,1,516.102
781.000,2,44.211,5.149,38.313,4.934,6.040,240.557,47.718,0,666.842
782.000,2,36.095,4.851,38.555,4.219,6.936,328.887,60.015,0,650.043
783.000,2,50.094,5.358,40.547,4.293,6.826,605.145,68.954,0,497.671
784.000,2,43.834,4.927,39.857,3.775,8.288,531.494,45.743,0,652.123
785.000,2,55.986,4.933,36.758,3.720,4.662,600.506,61.035,1,500.697
786.000,2,44.755,4.874,37.245,5.032,5.505,409.972,78.044,1,458.732
787.000,2,50.019,5.266,40.469,3.775,7.531,225.331,59.383,1,361.280
788.000,2,47.434,4.937,33.408,4.007,7.847,92.456,24.495,1,356.867
789.000,2,47.009,5.391,38.962,3.283,8.669,623.263,79.640,0,603.095
790.000,2,46.890,4.957,39.846,3.468,8.182,118.888,55.784,0,425.482
791.000,2,43.450,5.113,34.966,3.692,9.106,220.589,79.438,1,660.077
792.000,2,40.953,5.152,37.673,3.486,7.330,639.107,47.431,0,507.934
793.000,2,52.674,5.153,39.784,3.386,7.374,471.675,33.957,1,656.088
794.000,2,34.813,5.125,34.164,4.703,7.388,493.030,57.497,0,421.555
795.000,2,38.698,5.072,34.401,3.186,4.887,629.272,33.539,1,215.570
796.000,2,47.116,4.901,33.994,3.315,3.548,183.700,11.285,1,251.546
797.000,2,44.683,4.881,35.273,3.876,9.697,544.789,27.634,0,392.296
798.000,2,44.760,4.841,35.315,3.674,6.194,229.946,78.022,0,432.976
799.000,2,48.557,5.056,40.063,4.942,8.360,203.839,23.044,0,446.587
800.000,2,50.266,5.325,37.471,3.358,8.624,342.326,49.020,0,191.713
801.000,2,33.051,5.069,32.727,3.282,6.999,595.932,61.637,1,153.862
802.000,2,56.084,4.957,34.653,4.236,4.732,428.810,31.740,1,325.784
803.000,2,45.621,5.067,37.416,3.632,9.816,228.037,47.746,1,476.461
804.000,2,46.249,5.001,31.689,3.633,6.637,622.374,31.720,1,232.098
805.000,2,41.653,5.114,33.889,3.877,6.065,626.822,51.280,1,465.538
806.000,2,40.088,5.068,42.144,3.955,7.188,539.063,43.889,1,751.984
807.000,2,48.927,5.139,37.390,5.683,8.932,542.934,15.485,1,158.430
808.000,2,45.636,4.912,37.668,4.958,12.310,447.827,71.355,1,669.024
809.000,2,49.723,4.965,34.870,3.197,8.061,197.119,70.928,1,491.439
810.000,2,48.162,5.022,37.789,3.248,9.089,297.615,27.413,0,548.633
811.000,2,43.770,4.674,36.939,4.539,6.080,345.154,14.613,1,319.648
812.000,2,44.709,4.883,39.840,3.179,9.298,554.189,18.106,0,896.286
813.000,2,38.286,4.878,39.852,3.818,5.206,155.429,65.991,1,589.350
814.000,2,47.951,5.119,38.696,3.180,6.448,473.703,66.426,0,547.560
815.000,2,40.122,4.992,37.168,4.062,6.351,567.867,67.807,0,537.589
816.000,2,46.174,4.948,38.510,3.949,6.359,567.181,15.108,0,519.848
817.000,2,44.917,4.876,36.394,3.381,6.915,462.508,36.811,1,573.256
818.000,2,46.748,4.969,35.167,6.772,7.595,319.138,13.756,1,195.650
819.000,2,44.803,5.095,34.974,5.431,9.226,544.285,46.194,1,554.215
820.000,2,41.858,4.755,36.556,3.979,9.747,488.291,13.727,1,470.701
821.000,2,52.318,5.302,32.104,4.621,9.013,431.857,47.235,1,167.917
822.000,2,50.054,4.734,39.250,3.878,9.048,155.322,53.478,0,416.838
823.000,2,43.425,5.183,38.707,4.060,7.651,647.200,64.644,1,391.916
824.000,2,45.757,5.005,34.305,5.258,10.246,484.912,24.741,1,244.448
825.000,2,47.869,4.971,36.078,3.600,8.197,538.967,76.332,0,288.367
826.000,2,56.079,5.152,34.505,3.240,9.234,139.105,58.155,1,357.994
827.000,2,46.285,5.042,35.526,3.962,6.469,189.217,56.237,1,645.348
828.000,2,47.142,4.814,36.431,4.096,9.987,495.137,75.749,1,203.920
829.000,2,46.521,4.919,31.913,4.998,7.290,278.653,42.685,1,257.051
830.000,2,47.164,5.170,36.492,4.313,7.393,592.864,55.749,1,365.964
831.000,2,41.899,4.907,35.305,4.006,8.737,273.697,76.749,1,454.459
832.000,2,51.055,4.822,35.599,3.273,7.626,210.904,15.439,0,640.091
833.000,2,35.663,4.973,33.263,3.420,9.699,351.647,11.858,0,457.025
834.000,2,39.563,5.089,36.843,3.307,7.074,389.633,76.778,0,534.371
835.000,2,40.232,5.024,34.773,4.282,8.779,596.994,17.984,1,313.842
836.000,2,46.988,5.072,37.843,3.304,8.428,619.386,58.702,0,900.207
837.000,2,49.143,5.069,35.793,4.688,9.168,270.451,12.849,0,551.963
838.000,2,40.331,5.054,37.109,5.418,6.202,444.205,72.759,0,368.979
839.000,2,46.050,4.744,40.295,3.512,8.486,249.200,19.479,1,369.070
840.000,2,46.717,5.220,34.811,4.223,9.623,685.966,48.752,1,328.177
841.000,2,34.052,4.931,31.922,4.171,8.328,519.352,61.648,1,288.153
842.000,2,42.644,4.899,35.010,3.891,6.223,273.739,58.538,0,565.856
843.000,2,40.729,4.943,35.290,3.777,7.712,583.718,36.597,0,715.330
844.000,2,43.277,4.988,36.834,3.976,9.125,607.178,43.715,0,463.111
845.000,2,45.350,5.079,39.357,3.498,8.407,234.260,42.614,0,520.269
846.000,2,36.416,4.972,36.415,3.385,10.455,473.630,68.510,1,123.345
847.000,2,45.796,4.951,33.346,3.751,6.539,613.948,34.465,1,532.670
848.000,2,40.241,4.880,38.947,4.501,6.625,511.048,39.898,1,676.999
849.000,2,52.431,4.949,33.805,5.235,7.592,153.969,43.595,1,71.552
850.000,2,49.139,5.103,36.255,4.377,6.973,437.083,32.528,0,476.779
851.000,2,44.829,5.013,31.952,3.716,6.864,363.838,59.761,1,186.084
852.000,2,50.042,5.075,36.876,4.700,7.228,200.911,73.988,0,455.772
853.000,2,48.044,5.042,37.628,3.341,7.506,305.094,24.719,0,530.093
854.000,2,35.215,4.760,38.642,3.322,8.208,160.683,10.134,0,578.907
855.000,2,43.651,4.773,38.782,3.534,9.624,162.425,41.366,1,578.323
856.000,2,36.496,5.030,33.922,4.372,10.703,270.898,12.961,0,323.110
857.000,2,45.764,5.046,38.678,3.394,6.556,400.958,18.093,1,363.770
858.000,2,42.840,5.163,35.420,3.721,4.228,228.035,51.291,1,380.556
859.000,2,35.974,5.045,36.147,4.220,6.228,360.637,55.987,1,296.251
860.000,2,50.610,4.892,32.707,3.303,7.618,273.887,64.110,1,405.246
861.000,2,52.770,5.244,32.141,4.111,6.823,664.792,43.656,1,384.921
862.000,2,44.486,4.970,37.666,4.265,8.989,666.256,44.977,1,624.853
863.000,2,43.327,4.617,38.817,3.289,6.772,339.016,69.992,1,508.662
864.000,2,36.574,4.991,34.309,3.983,7.800,587.744,37.919,1,318.748
865.000,2,42.777,4.956,35.133,4.422,10.421,317.603,72.308,1,461.236
866.000,2,52.775,5.014,31.593,3.874,7.551,499.753,71.783,1,503.165
867.000,2,46.561,4.910,33.268,3.462,8.680,530.497,21.347,1,315.087
868.000,2,39.225,5.124,31.816,4.336,7.848,659.017,42.535,1,662.830
869.000,2,47.996,4.819,31.419,3.656,7.806,193.670,28.447,0,407.776
870.000,2,48.493,5.055,34.716,4.754,6.059,504.144,10.778,1,370.415
871.000,2,48.719,4.861,38.300,3.698,6.412,461.252,12.616,0,582.171
872.000,2,48.786,5.026,32.668,3.932,5.628,558.289,43.174,1,348.606
873.000,2,42.704,4.938,39.323,3.496,8.864,614.697,63.601,0,377.206
874.000,2,38.163,5.084,33.526,4.080,6.664,273.461,51.327,1,357.576
875.000,2,44.319,5.058,39.832,3.762,7.856,256.647,29.955,0,364.591
876.000,2,50.068,5.121,35.331,4.698,11.210,459.207,34.588,0,412.687
877.000,2,43.465,5.064,34.860,3.507,6.500,651.111,30.442,1,467.414
878.000,2,46.057,5.016,36.830,3.348,8.462,646.833,55.678,0,617.055
879.000,2,39.960,5.047,38.489,4.992,5.766,195.570,63.526,1,388.203
880.000,2,42.332,5.169,34.637,3.645,5.666,259.448,78.364,1,321.620
881.000,2,44.437,5.103,35.181,3.650,8.119,223.040,65.795,0,604.553
882.000,2,45.342,4.815,33.116,4.201,8.507,358.737,62.570,1,214.448
883.000,2,41.578,4.965,38.148,4.200,10.154,241.374,28.266,0,246.064
884.000,2,41.266,4.987,34.751,3.670,8.100,311.122,61.662,1,390.651
885.000,2,50.816,4.769,36.416,6.144,6.778,234.875,49.088,1,383.523
886.000,2,53.792,5.071,35.015,3.894,5.779,334.708,54.884,1,449.276
887.000,2,49.451,5.099,37.969,3.457,7.807,589.642,64.253,1,466.616
888.000,2,42.620,4.967,38.288,3.477,5.994,338.825,43.331,0,814.782
889.000,2,44.931,5.147,30.859,4.088,9.224,251.965,47.881,1,279.171
890.000,2,51.782,4.992,31.562,3.385,6.931,239.895,39.352,1,364.507
891.000,2,37.638,5.403,38.067,3.690,9.984,416.912,27.014,1,289.464
892.000,2,39.135,5.145,32.682,4.157,6.350,258.405,28.392,1,255.667
893.000,2,44.920,5.148,35.276,3.790,6.260,604.262,39.366,1,519.459
894.000,2,53.473,4.937,36.971,3.390,9.059,355.177,73.334,0,237.275
895.000,2,43.930,5.122,36.210,5.346,6.156,459.112,68.709,1,302.604
896.000,2,45.942,4.975,32.405,3.913,6.732,606.500,34.038,1,397.123
897.000,2,35.478,5.046,37.047,4.048,6.795,301.788,49.868,1,409.706
898.000,2,48.486,5.087,35.226,4.392,5.881,547.127,27.957,1,457.377
899.000,2,50.430,5.095,35.578,4.384,7.686,235.074,71.047,1,292.427
900.000,2,53.497,5.168,35.643,3.988,8.948,469.064,43.357,1,576.856
901.000,2,43.804,4.710,32.813,3.781,8.287,273.369,63.564,1,335.009
902.000,2,36.463,5.014,31.876,4.447,12.275,747.456,50.512,1,446.655
903.000,2,42.247,5.119,37.853,3.730,8.142,628.912,60.310,0,696.105
904.000,2,52.077,4.823,34.748,4.008,8.635,531.433,52.655,1,300.458
905.000,2,51.974,4.955,33.596,4.468,9.844,549.493,52.451,1,479.255
906.000,2,47.648,4.986,34.387,3.702,5.882,639.867,42.012,1,489.126
907.000,2,43.380,5.105,32.822,3.771,6.750,712.227,60.457,1,78.699
908.000,2,41.123,4.836,33.993,4.169,7.332,622.662,46.344,0,260.425
909.000,2,43.520,4.802,34.907,4.846,6.542,289.860,40.925,1,365.735
910.000,2,40.169,4.892,36.468,3.724,9.203,328.542,40.150,0,169.174
911.000,2,49.485,5.135,35.617,4.213,6.666,639.094,64.388,1,455.821
912.000,2,44.702,5.072,34.620,4.254,9.268,385.135,52.290,1,423.976
913.000,2,45.103,5.074,35.484,4.744,8.602,423.577,59.699,1,124.208
914.000,2,48.388,5.254,38.445,3.463,6.895,576.617,44.849,1,226.149
915.000,2,49.082,4.917,37.104,4.582,8.058,534.016,19.268,1,337.573
916.000,2,42.934,5.081,32.818,3.521,9.368,226.586,61.940,1,308.224
917.000,2,33.618,4.929,38.004,5.407,8.166,451.996,27.181,1,311.600
918.000,2,45.356,4.882,34.550,4.141,9.303,522.052,30.160,1,287.849
919.000,2,45.013,4.864,35.326,3.721,6.389,274.035,50.723,0,564.776
920.000,2,43.477,4.603,33.447,3.463,8.585,551.837,69.374,1,287.201
921.000,2,41.862,5.068,36.451,3.667,7.925,647.267,13.601,1,805.037
922.000,2,48.762,4.818,35.030,5.485,7.545,497.628,79.798,1,435.876
923.000,2,45.394,5.051,33.338,4.610,8.106,597.055,46.159,1,345.034
924.000,2,40.416,4.854,36.869,5.038,8.244,450.356,48.320,1,297.749
925.000,2,38.148,4.986,35.396,5.151,6.978,737.061,26.825,1,576.936
926.000,2,49.382,4.985,35.990,3.524,8.038,490.153,54.228,1,531.375
927.000,2,45.414,4.977,32.013,3.516,6.954,313.697,61.119,0,373.972
928.000,2,44.699,4.843,32.802,4.484,8.530,504.347,57.574,0,438.988
929.000,2,42.878,5.114,34.631,4.169,5.914,615.090,40.849,1,503.007
930.000,2,50.751,5.073,31.306,3.983,8.226,372.231,75.279,1,187.419
931.000,2,43.351,4.993,33.452,3.950,7.617,369.866,47.479,1,363.650
932.000,2,28.966,5.001,34.561,4.756,8.348,240.747,46.243,1,323.589
933.000,2,54.170,5.173,30.645,4.034,10.311,458.220,67.990,1,83.155
934.000,2,49.831,5.012,31.809,6.155,7.683,346.367,32.124,1,95.530
935.000,2,41.411,4.828,34.489,6.410,8.052,703.388,29.963,1,411.591
936.000,2,40.509,4.908,35.012,4.198,7.859,508.934,45.957,1,391.574
937.000,2,48.580,5.301,33.568,4.007,8.624,563.102,53.042,1,211.576
938.000,2,50.292,4.893,38.564,5.405,7.531,334.434,50.698,1,604.540
939.000,2,49.229,4.968,31.833,3.760,7.098,648.893,12.263,1,610.128
940.000,2,45.274,4.847,36.846,4.471,10.731,247.301,72.440,0,368.674
941.000,2,49.744,5.293,34.330,5.635,8.644,401.415,38.466,1,0.000
942.000,2,49.534,5.076,31.359,3.678,8.983,566.017,55.234,1,538.040
943.000,2,53.945,4.700,34.281,4.373,6.536,249.551,58.752,1,603.234
944.000,2,42.222,4.648,31.712,5.321,7.785,686.234,44.408,1,175.266
945.000,2,55.686,4.859,39.516,4.067,6.146,413.172,33.250,0,336.311
946.000,2,52.516,5.100,37.442,3.873,9.511,439.089,79.436,1,457.024
947.000,2,45.438,5.040,33.294,4.125,6.532,369.939,47.667,1,118.042
948.000,2,44.874,5.363,39.928,3.758,7.747,655.116,31.738,0,660.950
949.000,2,43.147,4.858,31.758,4.123,7.296,314.439,22.271,1,276.770
950.000,2,52.779,5.004,37.341,5.693,10.578,320.303,29.978,1,0.000
951.000,2,51.685,5.188,29.240,4.412,7.054,794.893,28.371,1,402.360
952.000,2,51.667,4.643,34.329,4.253,10.551,599.128,77.460,1,516.209
953.000,2,41.291,4.982,34.492,4.288,10.648,642.804,28.301,0,60.824
954.000,2,40.344,4.967,39.060,4.142,6.677,516.934,14.338,0,448.416
955.000,2,38.413,5.054,32.952,3.899,5.621,269.718,78.608,1,208.606
956.000,2,57.037,5.020,34.892,4.089,5.842,542.962,69.636,0,387.926
957.000,2,43.800,5.137,36.368,4.134,10.583,667.530,35.186,1,342.553
958.000,2,40.032,4.973,30.429,3.724,10.388,722.795,59.952,1,276.837
959.000,2,51.486,4.866,31.017,4.204,10.616,656.409,63.071,1,306.142
960.000,2,43.920,5.026,31.239,5.838,7.580,321.988,37.272,1,123.878
961.000,2,42.646,4.970,36.685,4.281,6.391,454.625,33.007,1,258.536
962.000,2,45.300,5.191,33.085,4.743,5.908,616.117,14.215,1,58.050
963.000,2,48.829,4.862,35.315,4.107,10.204,307.634,46.280,0,627.217
964.000,2,47.339,5.259,34.862,4.122,11.223,529.719,76.918,1,262.218
965.000,2,52.907,5.125,32.882,6.536,8.142,806.944,31.303,1,115.663
966.000,2,49.422,4.937,33.542,4.100,7.662,531.812,65.110,1,266.950
967.000,2,39.735,5.051,31.930,3.966,8.037,749.939,25.650,1,190.431
968.000,2,42.013,5.102,34.922,4.403,10.435,322.167,41.364,0,289.515
969.000,2,39.756,5.250,31.846,4.058,9.177,757.395,46.272,1,522.162
970.000,2,44.835,4.915,39.791,4.439,5.159,320.805,24.334,1,359.931
971.000,2,40.998,5.245,33.144,4.514,8.663,800.798,38.291,1,295.678
972.000,2,46.616,5.005,33.337,3.681,7.858,317.672,61.560,0,502.961
973.000,2,36.809,5.186,35.645,4.735,7.737,394.853,20.501,1,422.329
974.000,2,40.033,4.904,33.821,4.076,7.657,440.089,25.551,1,568.889
975.000,2,39.150,5.002,36.854,4.568,7.298,709.820,14.046,1,203.389
976.000,2,40.078,4.904,32.377,5.212,6.558,492.278,21.433,1,207.053
977.000,2,50.180,5.054,35.227,4.565,9.585,649.204,30.406,1,112.867
978.000,2,38.926,5.168,35.815,4.121,10.259,562.136,70.456,1,229.397
979.000,2,41.277,4.914,32.387,3.742,8.477,319.317,52.925,1,404.807
980.000,2,39.875,4.788,37.477,5.182,7.008,583.961,50.025,1,443.322
981.000,2,41.059,4.944,33.987,4.300,5.725,742.530,62.590,1,438.197
982.000,2,44.743,5.071,30.379,5.097,7.284,498.241,15.415,1,163.199
983.000,2,46.912,4.932,32.186,3.686,7.752,404.677,62.823,1,319.614
984.000,2,50.868,5.217,34.660,4.028,7.289,439.227,69.370,1,0.000
985.000,2,44.803,4.901,35.296,4.530,7.038,664.361,23.091,1,238.465
986.000,2,45.473,5.159,34.222,4.010,6.160,408.150,37.270,1,191.473
987.000,2,43.607,4.977,34.980,3.770,7.553,515.954,74.219,1,405.899
988.000,2,44.415,5.129,34.640,5.840,7.740,539.902,31.900,1,550.745
989.000,2,44.247,4.885,35.206,3.866,8.947,329.331,33.230,1,333.513
990.000,2,41.592,4.735,33.968,3.909,7.173,471.286,15.363,1,265.090
991.000,2,40.332,4.872,32.492,4.545,9.721,329.180,14.090,1,527.025
992.000,2,43.131,5.163,37.638,3.701,8.160,334.825,58.951,1,535.040
993.000,2,46.833,4.792,35.767,3.703,9.645,539.607,78.470,0,314.331
994.000,2,44.646,5.022,39.375,5.223,8.440,675.885,43.311,0,456.292
995.000,2,41.182,4.901,35.313,5.771,6.332,632.721,20.261,1,478.516
996.000,2,47.193,4.948,30.278,5.152,7.532,481.482,24.898,1,117.790
997.000,2,42.131,5.073,37.314,3.713,9.483,434.891,15.262,0,512.479
998.000,2,39.951,5.187,31.117,4.698,10.373,463.416,44.609,1,0.000
999.000,2,43.813,4.863,30.483,3.947,5.048,397.304,28.198,1,43.018
0.000,3,40.659,4.923,46.822,0.839,4.712,0.000,47.202,0,1171.838
1.000,3,46.814,4.882,46.784,0.712,5.229,0.000,17.425,0,1120.617
2.000,3,43.235,5.132,48.407,2.952,6.974,0.000,46.341,0,1446.106
3.000,3,44.746,5.114,49.444,1.647,6.381,0.000,74.279,0,989.931
4.000,3,43.731,5.025,45.249,0.931,4.394,0.000,77.255,0,913.012
5.000,3,46.727,5.273,45.574,1.046,3.512,0.000,61.210,0,1012.946
6.000,3,35.751,5.077,45.920,2.823,4.076,0.000,40.380,0,927.099
7.000,3,43.561,4.961,49.808,0.989,5.383,0.000,68.094,0,1171.020
8.000,3,38.614,5.099,49.404,1.867,6.010,0.000,63.196,1,1027.225
9.000,3,39.365,4.987,42.700,1.356,2.907,0.000,73.806,0,1104.547
10.000,3,41.868,5.093,46.979,1.593,5.315,0.000,29.746,1,1190.312
11.000,3,43.794,5.281,45.822,2.443,5.466,0.000,67.359,0,1236.618
12.000,3,51.694,5.170,45.352,1.621,5.775,0.000,36.017,1,859.584
13.000,3,52.674,4.784,47.541,2.755,5.444,0.000,25.609,0,1029.933
14.000,3,44.014,4.935,48.008,1.528,5.793,0.000,68.282,0,1132.344
15.000,3,44.797,5.145,43.091,0.866,5.849,0.000,14.635,0,1229.468
16.000,3,45.836,4.985,46.225,0.954,8.010,0.000,23.249,0,921.571
17.000,3,48.716,5.155,47.341,1.299,3.522,0.000,63.019,1,1220.901
18.000,3,37.682,5.041,45.521,0.987,2.792,0.000,31.582,0,945.711
19.000,3,47.126,4.831,45.248,2.296,5.400,0.000,76.639,0,1284.976
20.000,3,41.801,4.865,45.753,1.145,3.510,0.000,73.243,0,1163.993
21.000,3,46.310,4.828,49.809,3.439,2.345,0.000,21.826,0,1026.396
22.000,3,47.380,4.946,39.984,1.175,1.716,0.000,24.752,0,965.595
23.000,3,46.347,4.809,43.279,2.251,6.263,0.000,74.337,0,1079.557
24.000,3,35.073,5.089,46.381,1.175,7.067,0.000,18.402,0,1152.057
25.000,3,54.373,4.976,44.279,1.238,6.553,0.000,46.571,0,1205.817
26.000,3,39.379,5.075,44.748,2.069,6.095,0.000,59.874,1,1039.256
27.000,3,43.030,5.092,48.542,1.621,4.497,0.000,37.203,0,745.939
28.000,3,44.026,4.721,48.823,0.852,2.378,0.000,42.633,0,1202.008
29.000,3,48.092,5.042,46.958,1.146,7.456,0.000,34.375,0,1253.199
30.000,3,36.270,4.860,42.232,0.800,5.745,0.000,57.236,0,1012.036
31.000,3,52.950,5.173,44.765,2.043,7.402,0.000,30.168,0,954.377
32.000,3,44.418,5.172,48.419,0.941,5.797,0.000,29.838,0,917.097
33.000,3,37.958,5.221,44.976,0.941,7.269,0.000,35.511,0,1121.098
34.000,3,45.908,4.993,43.972,1.912,4.725,0.000,17.802,1,1055.476
35.000,3,40.361,4.771,45.732,0.922,6.035,0.000,76.822,0,1137.143
36.000,3,35.666,4.851,48.373,1.186,6.109,0.000,36.988,0,1212.916
37.000,3,40.989,5.066,42.773,1.609,5.482,0.000,17.643,0,1112.171
38.000,3,48.180,5.084,44.221,1.919,3.430,0.000,47.699,0,1091.844
39.000,3,50.552,5.005,49.299,1.106,3.700,0.000,21.615,0,1220.665
40.000,3,44.954,5.127,41.570,0.876,5.826,0.000,29.768,0,993.741
41.000,3,33.593,4.699,44.583,0.963,4.911,0.000,18.232,0,1027.685
42.000,3,43.733,5.055,45.692,1.632,4.465,0.000,57.761,0,1057.535
43.000,3,53.794,5.044,46.395,0.946,6.517,0.000,64.627,0,1142.359
44.000,3,39.138,4.982,46.167,1.143,5.537,0.000,18.677,0,926.461
45.000,3,47.283,5.007,47.146,1.515,3.576,0.000,26.077,1,1100.402
46.000,3,38.256,5.052,42.748,2.708,5.547,0.000,36.041,0,950.173
47.000,3,39.757,5.133,46.589,0.966,4.562,0.000,37.192,0,1127.995
48.000,3,46.134,5.068,49.420,1.446,4.840,0.000,34.746,0,874.024
49.000,3,40.311,4.732,43.315,2.958,7.083,0.000,10.831,0,1112.107
50.000,3,49.396,4.695,46.559,1.031,5.286,0.000,10.783,1,1017.006
51.000,3,41.574,4.970,48.034,1.815,4.791,0.000,74.489,0,1097.079
52.000,3,44.682,4.998,46.973,2.532,4.568,0.000,16.054,1,1117.323
53.000,3,36.858,5.045,44.009,1.765,6.278,0.000,57.847,0,876.635
54.000,3,35.532,5.061,46.921,1.204,6.474,0.000,13.420,0,1215.411
55.000,3,45.314,5.180,38.759,1.291,6.093,0.000,26.259,0,1235.352
56.000,3,37.110,4.989,44.066,1.153,3.595,0.000,46.068,0,963.793
57.000,3,50.891,5.172,45.358,1.492,5.570,0.000,58.546,1,987.619
58.000,3,45.324,4.906,45.777,1.566,5.183,0.000,31.822,0,1007.482
59.000,3,47.350,5.005,46.333,2.247,5.417,0.000,31.851,1,1251.569
60.000,3,45.278,4.870,46.000,2.274,8.736,0.000,19.502,1,1133.893
61.000,3,49.606,4.846,46.721,1.147,6.721,0.000,31.775,0,1105.973
62.000,3,40.247,4.962,50.657,1.611,5.336,0.000,39.137,1,1074.198
63.000,3,44.770,4.976,48.342,2.336,6.016,0.000,37.749,0,1282.176
64.000,3,42.788,5.103,43.461,1.148,2.721,0.000,75.683,0,1017.637
65.000,3,53.215,4.716,45.432,2.952,2.870,0.000,11.657,1,1094.252
66.000,3,40.644,4.865,47.678,1.519,6.182,0.000,51.437,0,1160.237
67.000,3,45.564,5.015,44.215,1.688,7.469,0.000,17.299,1,989.340
68.000,3,34.920,4.727,44.327,2.817,6.248,0.000,50.401,1,1047.292
69.000,3,42.298,5.248,47.445,2.473,7.552,0.000,21.867,1,1227.936
70.000,3,45.476,5.015,40.912,1.838,5.448,0.000,51.788,0,1205.923
71.000,3,38.103,5.245,46.759,2.829,6.450,0.000,18.255,0,875.690
72.000,3,48.577,4.997,46.388,1.390,4.105,0.000,28.920,0,915.184
73.000,3,44.440,5.027,44.139,2.053,5.342,0.000,61.656,0,1094.320
74.000,3,47.274,4.908,43.328,1.252,5.608,0.000,44.379,0,1212.376
75.000,3,42.108,4.638,45.802,1.016,3.411,0.000,64.936,1,1098.973
76.000,3,55.229,4.960,42.041,2.821,6.051,0.000,42.623,0,798.363
77.000,3,41.052,5.200,40.632,2.048,5.991,0.000,53.805,0,902.936
78.000,3,38.148,5.172,44.184,1.662,6.695,0.000,35.209,0,979.040
79.000,3,50.877,5.094,41.060,2.001,4.753,0.000,28.268,0,1130.887
80.000,3,38.109,5.021,46.498,2.360,6.926,0.000,19.719,0,1143.603
81.000,3,43.742,5.151,42.688,2.465,5.423,0.000,50.447,0,1059.672
82.000,3,50.875,4.819,43.663,1.265,5.342,0.000,70.545,1,890.604
83.000,3,54.217,4.946,44.094,2.375,2.548,0.000,31.642,1,1182.280
84.000,3,44.844,4.970,43.210,1.030,2.941,0.000,24.644,1,1130.101
85.000,3,48.751,5.206,51.082,2.736,7.050,0.000,23.943,0,1105.912
86.000,3,44.316,5.045,44.717,1.599,7.728,0.000,13.136,1,735.353
87.000,3,52.552,5.282,43.866,2.864,10.796,0.000,24.925,1,822.931
88.000,3,41.702,4.847,45.967,1.099,6.133,0.000,51.285,1,944.289
89.000,3,50.512,5.153,45.115,1.813,6.612,0.000,38.122,0,608.763
90.000,3,45.346,4.841,47.899,1.252,9.011,0.000,43.393,1,950.658
91.000,3,44.478,5.190,43.406,1.758,6.017,0.000,17.139,0,1131.127
92.000,3,52.425,5.207,44.674,1.155,5.649,0.000,33.218,1,1058.277
93.000,3,40.103,4.911,44.864,0.997,5.895,0.000,22.474,0,1039.699
94.000,3,42.302,5.081,42.528,1.085,4.917,0.000,19.283,1,1151.343
95.000,3,39.816,5.115,41.459,1.158,5.784,0.000,14.024,0,1388.278
96.000,3,49.857,5.018,45.697,1.164,9.331,0.000,19.158,0,1209.611
97.000,3,39.927,4.647,42.779,1.824,3.432,0.000,43.794,1,963.919
98.000,3,46.888,5.096,46.110,1.879,4.776,0.000,45.011,1,851.580
99.000,3,47.878,4.889,45.300,1.910,5.336,0.000,63.388,0,734.024
100.000,3,38.222,4.806,44.987,1.722,7.794,0.000,42.757,0,980.783
101.000,3,46.751,4.952,44.168,1.583,5.624,0.000,37.035,0,1150.528
102.000,3,35.812,5.084,41.976,1.648,3.270,0.000,64.786,0,959.098
103.000,3,45.954,4.939,48.106,1.895,5.028,0.000,10.517,1,1230.849
104.000,3,49.111,5.022,44.354,1.513,6.052,0.000,11.851,1,1111.772
105.000,3,43.645,5.112,44.548,1.124,5.489,0.000,41.888,0,1023.716
106.000,3,47.194,4.811,45.694,1.922,8.257,0.000,20.799,1,965.999
107.000,3,43.605,5.289,45.079,1.724,7.271,0.000,42.739,1,897.629
108.000,3,45.212,5.154,44.667,1.318,5.133,0.000,76.865,0,715.270
109.000,3,56.448,4.999,46.234,1.354,5.743,0.000,78.724,0,962.844
110.000,3,44.682,5.275,43.851,1.058,8.303,0.000,36.306,0,881.577
111.000,3,38.043,5.056,41.911,2.358,5.036,0.000,27.659,1,805.255
112.000,3,50.383,4.853,41.368,1.274,7.640,0.000,76.014,1,880.562
113.000,3,53.850,5.073,45.862,2.001,5.273,0.000,51.887,0,724.678
114.000,3,49.321,5.027,39.857,3.565,3.767,0.000,35.821,0,1025.138
115.000,3,45.270,5.083,41.715,1.777,5.097,0.000,79.172,0,941.491
116.000,3,45.440,4.993,41.888,1.615,6.953,0.000,22.925,0,859.606
117.000,3,51.637,4.925,45.840,1.306,4.951,0.000,76.784,1,1152.469
118.000,3,49.675,5.118,48.716,1.070,4.955,0.000,10.912,0,1154.192
119.000,3,42.887,4.914,40.673,1.622,5.100,0.000,78.996,0,1143.160
120.000,3,44.901,4.922,47.234,1.531,3.233,0.000,11.605,0,1006.937
121.000,3,41.938,4.973,47.373,2.782,5.718,0.000,76.355,1,1181.339
122.000,3,45.194,4.954,45.176,1.177,4.581,0.000,17.005,0,943.415
123.000,3,48.499,4.911,46.305,1.933,6.018,0.000,16.289,0,1011.936
124.000,3,43.422,4.821,43.154,2.038,5.824,0.000,70.657,0,1361.162
125.000,3,41.043,5.063,46.149,2.137,4.616,0.000,16.859,0,1061.655
126.000,3,53.937,4.884,42.078,1.577,6.755,0.000,36.521,0,1455.312
127.000,3,51.849,4.990,42.536,2.747,6.100,0.000,37.648,0,1138.410
128.000,3,35.934,5.019,42.963,1.819,5.734,0.000,16.938,1,1149.152
129.000,3,44.473,4.957,44.006,1.416,5.049,0.000,51.253,1,932.768
130.000,3,50.164,4.839,43.184,1.115,4.788,0.000,68.617,1,932.226
131.000,3,36.649,5.007,42.320,1.980,6.445,0.000,64.883,0,1271.764
132.000,3,47.099,5.051,48.350,3.089,4.465,0.000,31.110,1,1044.651
133.000,3,39.102,4.708,45.060,2.984,4.578,0.000,18.547,0,880.442
134.000,3,43.037,4.826,42.730,3.286,3.994,0.000,18.300,1,676.640
135.000,3,43.469,5.000,41.072,2.133,7.241,0.000,64.704,0,1201.835
136.000,3,40.026,5.031,44.488,2.613,5.930,0.000,36.767,0,867.122
137.000,3,42.572,5.097,38.191,1.264,7.036,0.000,72.943,0,1254.859
138.000,3,53.791,4.980,45.080,1.183,7.210,0.000,57.477,0,1192.688
139.000,3,50.191,4.896,37.749,1.389,7.775,0.000,66.405,0,940.063
140.000,3,47.957,5.199,44.729,2.270,7.835,0.000,68.689,0,891.062
141.000,3,47.325,5.143,47.248,1.846,4.581,0.000,38.240,0,1061.521
142.000,3,43.389,5.341,38.609,1.511,6.135,0.000,75.836,1,989.738
143.000,3,40.121,5.149,42.981,1.353,2.879,0.000,17.652,0,932.110
144.000,3,39.749,4.701,45.114,3.654,6.836,0.000,13.113,1,1000.965
145.000,3,45.636,5.056,40.516,1.540,8.644,0.000,65.744,0,1028.838
146.000,3,50.154,5.243,43.359,1.297,7.387,0.000,58.593,1,817.479
147.000,3,50.466,5.023,46.946,1.149,5.917,0.000,12.569,1,1149.123
148.000,3,36.574,4.916,42.889,1.774,4.295,0.000,49.148,0,1031.925
149.000,3,40.018,4.933,44.552,2.170,6.785,0.000,64.055,0,852.628
150.000,3,46.957,4.983,43.665,2.467,7.019,0.000,69.796,0,1079.154
151.000,3,37.638,4.791,45.844,1.609,3.826,0.000,63.591,0,1129.401
152.000,3,45.816,5.089,47.371,2.497,6.557,0.000,12.750,0,859.528
153.000,3,43.544,4.991,42.089,2.337,7.067,0.000,38.419,0,1040.074
154.000,3,46.352,5.023,40.898,1.696,5.928,0.000,59.617,0,864.667
155.000,3,53.319,5.082,43.328,1.878,7.108,0.000,28.681,0,1052.746
156.000,3,49.367,5.007,44.986,2.231,4.508,0.000,75.928,0,788.600
157.000,3,42.403,4.992,43.455,2.082,4.443,0.000,66.039,0,864.648
158.000,3,44.239,5.225,41.300,2.052,7.343,0.000,27.681,0,675.645
159.000,3,38.481,4.920,43.502,1.894,8.432,0.000,18.771,0,1125.585
160.000,3,46.561,4.880,45.229,1.742,4.782,0.000,43.074,0,891.799
161.000,3,41.228,5.181,47.147,1.840,4.230,0.000,15.559,0,1222.532
162.000,3,44.966,4.758,38.992,2.863,6.102,0.000,49.110,0,1080.611
163.000,3,53.521,4.671,45.117,1.571,7.907,0.000,27.550,1,1127.424
164.000,3,37.811,4.983,44.443,2.932,5.040,0.000,28.485,0,1046.142
165.000,3,47.819,5.178,40.641,1.670,6.463,0.000,74.076,1,903.930
166.000,3,37.651,4.814,45.208,1.595,6.705,0.000,68.676,0,892.059
167.000,3,45.143,5.035,46.109,1.308,6.274,5.458,65.303,0,851.671
168.000,3,45.203,5.018,43.122,2.234,7.380,0.000,40.948,1,1099.579
169.000,3,49.657,5.069,43.909,1.750,7.186,5.805,63.242,1,696.347
170.000,3,41.618,4.720,51.755,3.239,6.938,0.000,25.676,1,1080.438
171.000,3,46.325,5.011,44.137,1.504,3.606,0.000,29.990,1,1349.150
172.000,3,44.858,4.749,42.872,1.432,5.500,0.000,54.313,0,758.177
173.000,3,44.640,5.034,45.767,2.664,6.617,0.000,73.625,0,1039.292
174.000,3,40.643,4.796,43.571,1.235,6.912,0.000,20.220,0,1115.758
175.000,3,33.257,5.141,43.931,1.717,4.996,0.000,50.975,0,1050.072
176.000,3,45.274,5.023,44.680,1.629,5.956,0.000,61.860,0,1320.967
177.000,3,38.110,4.976,44.195,2.205,2.832,0.000,53.704,0,1124.185
178.000,3,51.127,5.097,41.186,2.538,4.854,0.000,17.907,0,971.828
179.000,3,41.798,5.362,41.708,2.568,5.812,0.942,61.017,0,702.830
180.000,3,35.898,4.827,49.493,2.157,7.409,0.000,59.669,0,955.608
181.000,3,40.822,4.955,46.169,3.016,3.006,0.000,54.168,0,1176.495
182.000,3,36.268,5.013,45.444,1.940,7.785,0.000,59.162,0,938.436
183.000,3,42.888,4.839,40.367,1.571,9.689,0.000,15.110,1,954.588
184.000,3,44.246,4.798,45.434,1.875,6.708,0.000,62.503,0,1008.827
185.000,3,48.843,4.775,39.272,3.616,6.998,0.000,65.730,0,1010.440
186.000,3,39.499,4.677,45.070,4.284,4.518,0.000,11.893,1,605.012
187.000,3,45.830,5.102,43.920,3.751,6.272,0.000,31.110,1,1031.674
188.000,3,44.379,4.702,46.223,2.884,2.768,0.000,22.494,0,785.355
189.000,3,56.906,4.990,40.945,2.204,6.117,9.391,19.122,0,1010.272
190.000,3,43.404,5.120,45.217,1.910,5.015,0.000,13.902,0,1029.373
191.000,3,45.103,4.885,40.563,1.825,6.188,0.000,79.275,1,1059.920
192.000,3,42.095,4.819,40.909,1.669,4.855,0.000,65.209,1,865.221
193.000,3,43.117,5.178,38.650,2.287,6.764,0.000,13.589,1,1224.406
194.000,3,39.893,5.167,44.034,1.502,4.842,0.000,63.988,0,898.234
195.000,3,40.908,4.792,51.627,3.185,7.450,0.000,34.870,1,959.603
196.000,3,36.736,5.100,41.152,2.110,5.708,0.000,12.095,0,943.981
197.000,3,50.550,4.869,38.919,1.771,6.643,0.000,46.964,1,910.292
198.000,3,41.374,4.884,45.101,1.915,4.740,6.269,12.103,0,896.460
199.000,3,39.172,5.036,42.313,1.557,6.203,0.000,78.178,0,1053.031
200.000,3,41.474,5.098,43.656,3.631,6.994,1.492,43.887,0,1085.582
201.000,3,49.141,4.912,47.008,2.204,7.396,0.000,53.817,0,1113.638
202.000,3,42.969,5.102,45.508,1.447,5.398,0.000,15.837,0,854.960
203.000,3,40.077,5.096,45.436,1.456,6.692,0.000,44.157,0,919.297
204.000,3,45.650,4.949,44.747,2.387,3.840,0.000,61.183,0,929.163
205.000,3,52.261,4.971,45.066,1.836,6.319,0.000,49.889,0,912.552
206.000,3,47.034,5.352,42.365,1.399,6.332,0.000,23.710,0,627.078
207.000,3,46.161,5.063,45.317,1.920,5.811,0.000,47.804,0,750.807
208.000,3,49.447,5.148,43.779,1.654,6.872,0.000,52.850,0,1189.994
209.000,3,43.378,4.833,44.846,2.444,4.476,0.000,56.909,0,735.277
210.000,3,44.453,5.255,42.889,4.645,4.610,0.000,23.081,1,677.006
211.000,3,44.120,4.972,40.753,3.190,8.591,0.000,38.518,0,669.876
212.000,3,45.273,5.000,45.907,3.487,5.149,0.000,11.577,0,799.325
213.000,3,47.658,5.078,45.648,3.568,7.923,0.000,61.254,0,966.555
214.000,3,40.393,4.710,42.396,1.946,5.739,0.000,38.360,0,789.833
215.000,3,38.409,4.790,44.110,1.795,8.230,0.000,19.456,0,941.407
216.000,3,50.481,5.125,40.991,2.366,6.830,0.000,28.788,0,573.417
217.000,3,46.640,5.018,41.571,1.920,5.810,36.161,40.172,0,1068.507
218.000,3,42.727,4.764,44.119,2.558,8.040,0.000,45.677,0,527.481
219.000,3,31.026,5.342,40.874,2.423,3.745,0.000,35.726,1,1023.702
220.000,3,47.555,4.990,42.239,1.392,6.177,0.000,33.347,0,1050.608
221.000,3,40.772,5.017,45.591,2.564,4.981,0.000,40.085,1,1034.955
222.000,3,52.951,5.022,44.298,1.385,7.165,0.000,32.092,0,954.981
223.000,3,47.061,4.983,42.023,2.408,5.814,0.000,29.358,0,828.591
224.000,3,51.289,4.958,46.273,3.341,7.607,0.000,12.753,1,812.456
225.000,3,39.100,4.985,45.898,1.417,8.051,0.000,13.352,0,1121.814
226.000,3,51.824,5.144,42.251,3.534,4.470,13.238,32.271,0,929.270
227.000,3,41.249,4.899,41.268,3.026,7.246,0.000,27.167,0,1074.622
228.000,3,42.321,5.044,40.736,2.346,3.826,0.000,31.337,0,1120.851
229.000,3,40.256,5.085,42.178,2.418,7.551,0.000,45.612,0,1359.032
230.000,3,43.255,4.735,43.074,1.960,5.672,0.000,64.640,1,991.357
231.000,3,42.556,4.961,41.797,2.471,7.303,0.000,59.027,0,971.076
232.000,3,40.589,5.025,41.039,1.744,6.045,79.254,41.683,0,1003.848
233.000,3,38.316,5.078,49.299,1.915,5.590,0.000,44.923,1,1122.391
234.000,3,47.136,5.082,45.108,1.646,6.740,0.000,15.703,1,882.508
235.000,3,39.699,4.841,44.473,2.502,4.699,0.000,54.752,0,1047.835
236.000,3,47.283,4.948,42.249,2.264,4.221,0.000,69.109,1,946.423
237.000,3,53.819,5.177,44.210,2.755,3.768,0.000,49.957,0,830.966
238.000,3,46.251,5.162,42.805,1.449,7.036,0.000,64.691,0,832.596
239.000,3,43.783,5.039,42.224,2.350,5.512,0.000,72.248,0,845.666
240.000,3,46.921,4.951,45.281,1.774,7.787,0.000,12.775,0,642.181
241.000,3,45.037,4.880,42.961,2.981,6.001,0.000,27.197,1,687.978
242.000,3,49.042,4.910,41.016,1.920,2.309,0.000,44.868,0,884.980
243.000,3,40.978,4.960,43.987,1.651,6.904,0.000,78.170,0,765.326
244.000,3,36.037,4.993,42.984,2.673,5.211,0.000,60.682,0,1082.327
245.000,3,42.999,4.734,44.511,1.779,6.560,0.000,12.438,1,1002.942
246.000,3,43.529,4.820,43.835,2.321,7.130,0.000,67.934,0,1007.649
247.000,3,47.548,5.039,43.529,2.128,6.083,0.000,29.258,0,990.488
248.000,3,44.844,5.014,44.715,2.071,7.154,0.000,41.691,0,1141.922
249.000,3,47.141,5.042,41.741,1.867,5.867,91.161,21.900,0,914.982
250.000,3,42.654,5.105,43.517,1.575,4.471,0.000,51.001,1,1038.162
251.000,3,41.518,4.997,41.088,1.755,6.489,0.000,45.362,0,943.317
252.000,3,40.891,5.055,42.379,2.143,4.592,91.443,44.851,0,1208.268
253.000,3,52.636,4.883,41.768,1.466,5.536,0.000,30.474,0,1110.739
254.000,3,46.729,4.935,44.149,2.470,5.197,0.000,42.350,0,876.254
255.000,3,51.927,4.828,41.102,1.890,5.147,0.000,20.534,0,846.526
256.000,3,42.600,4.973,44.980,1.555,5.032,0.000,51.766,1,1126.849
257.000,3,47.290,4.889,44.281,3.268,6.746,0.000,12.167,0,1193.752
258.000,3,43.771,5.181,40.222,2.104,4.549,0.000,74.852,1,1224.898
259.000,3,42.235,4.849,39.572,2.126,5.888,0.000,22.994,0,833.699
260.000,3,44.625,5.149,42.208,2.821,4.649,0.000,58.585,0,995.007
261.000,3,49.168,4.963,43.019,1.819,3.729,0.000,73.246,0,1281.305
262.000,3,39.421,5.019,41.014,1.891,7.124,0.000,75.412,0,893.194
263.000,3,55.991,4.990,43.052,2.650,6.738,0.000,77.596,1,667.819
264.000,3,47.022,4.852,41.647,2.956,5.615,0.000,73.196,1,999.028
265.000,3,48.984,4.779,45.818,1.671,4.895,0.000,55.557,0,939.976
266.000,3,53.702,4.991,39.941,1.858,7.557,0.000,42.181,0,1000.340
267.000,3,44.820,5.082,45.022,2.123,4.569,0.000,29.257,0,953.090
268.000,3,50.174,4.856,39.630,1.629,6.815,0.000,67.339,0,779.196
269.000,3,41.403,5.063,40.520,1.527,4.794,0.000,43.967,0,674.685
270.000,3,35.880,4.945,42.594,1.778,4.551,0.000,29.452,1,1055.941
271.000,3,48.874,5.025,45.135,2.584,7.655,0.000,26.639,0,999.273
272.000,3,44.129,4.873,41.595,3.618,7.660,0.000,27.255,1,749.945
273.000,3,50.358,5.048,40.270,2.487,4.691,0.000,75.781,0,1025.079
274.000,3,48.000,5.108,47.590,1.649,4.959,0.000,37.029,0,917.260
275.000,3,51.186,5.059,47.273,2.169,5.539,0.000,42.148,0,1020.856
276.000,3,34.850,4.796,42.814,2.779,5.039,0.000,31.535,1,881.590
277.000,3,45.312,5.005,42.138,2.227,5.516,0.000,36.424,0,825.918
278.000,3,40.803,4.759,42.063,2.849,7.970,0.000,37.403,0,802.594
279.000,3,46.851,5.003,41.302,2.159,6.129,0.000,61.973,0,1102.562
280.000,3,38.478,5.176,41.395,1.802,6.170,113.292,68.594,0,980.080
281.000,3,47.480,5.132,40.935,1.790,6.273,0.000,22.439,0,749.306
282.000,3,38.751,5.042,40.804,4.527,3.587,48.143,76.024,0,843.482
283.000,3,60.109,5.160,43.505,2.022,7.982,0.000,45.360,1,894.277
284.000,3,42.675,4.850,40.266,2.771,5.016,9.866,75.401,0,839.762
285.000,3,57.837,5.066,44.707,1.955,6.343,0.000,31.807,0,557.868
286.000,3,52.652,5.113,43.420,1.649,7.927,16.736,49.834,0,1078.853
287.000,3,37.903,4.974,39.173,2.181,6.871,0.000,21.756,0,966.036
288.000,3,52.872,4.823,42.557,1.597,6.551,0.000,54.453,0,871.331
289.000,3,43.926,4.976,44.327,2.615,8.798,0.000,64.980,0,939.619
290.000,3,48.268,4.874,43.165,3.736,6.597,26.885,76.547,1,715.660
291.000,3,34.364,4.794,41.064,3.037,6.217,0.000,79.671,0,708.634
292.000,3,50.152,4.990,44.880,2.935,6.833,115.206,65.146,0,1128.567
293.000,3,41.793,5.145,39.789,2.811,9.236,72.850,20.340,0,754.867
294.000,3,45.388,4.867,40.721,2.733,6.087,0.000,33.111,0,1129.321
295.000,3,39.569,5.270,38.119,1.891,3.909,38.684,33.143,0,989.231
296.000,3,48.446,5.109,43.382,1.896,4.898,0.000,19.115,0,906.665
297.000,3,45.677,5.162,40.259,1.605,5.855,0.000,13.671,0,735.647
298.000,3,44.724,5.065,37.050,1.888,5.179,0.000,24.331,1,834.932
299.000,3,42.236,5.094,43.811,1.687,3.994,0.000,47.350,1,1110.531
300.000,3,41.024,5.145,39.837,1.776,7.701,0.000,10.536,0,1286.891
301.000,3,51.478,4.677,45.391,3.884,6.154,55.466,35.983,1,873.866
302.000,3,46.665,4.931,42.171,2.029,3.980,0.000,10.635,0,1143.772
303.000,3,41.818,4.938,39.630,2.669,8.198,0.000,19.217,0,1056.573
304.000,3,47.254,5.107,42.320,3.771,7.903,0.000,40.500,1,930.607
305.000,3,40.218,5.450,43.578,2.409,2.391,0.000,66.122,1,788.690
306.000,3,41.523,4.957,38.265,1.933,6.160,0.000,52.521,1,940.469
307.000,3,50.429,5.122,41.547,2.094,5.849,42.856,53.417,0,830.124
308.000,3,41.895,4.696,43.413,2.485,5.850,49.533,16.252,0,970.052
309.000,3,43.588,4.847,44.767,2.294,6.765,73.753,73.119,0,884.337
310.000,3,42.152,5.024,42.447,1.714,6.667,100.314,15.397,0,605.960
311.000,3,42.794,4.809,39.540,2.375,5.358,159.654,63.220,1,690.532
312.000,3,45.963,5.019,41.911,2.827,3.641,0.000,62.991,0,1017.885
313.000,3,50.300,4.966,43.338,3.259,6.777,40.695,21.822,1,855.431
314.000,3,47.754,5.188,42.179,3.252,5.505,25.254,51.604,0,1003.300
315.000,3,38.703,5.035,48.167,2.140,5.334,0.000,55.016,0,946.643
316.000,3,42.254,5.074,44.429,1.691,4.253,0.000,18.635,0,1045.165
317.000,3,51.733,5.062,41.317,2.132,5.620,0.000,30.594,0,878.801
318.000,3,46.856,5.192,45.156,1.945,6.112,0.000,61.873,0,746.026
319.000,3,36.058,5.140,38.664,2.597,5.831,0.000,10.007,0,715.249
320.000,3,45.468,5.225,43.086,1.880,6.307,0.000,67.899,0,1030.400
321.000,3,49.978,4.849,45.547,2.327,4.338,0.000,36.971,1,877.372
322.000,3,37.748,4.872,45.430,3.061,6.972,0.000,61.659,1,835.631
323.000,3,35.198,4.989,41.280,2.704,5.189,0.000,10.143,0,902.400
324.000,3,45.746,5.033,47.434,3.022,3.565,0.000,61.212,0,836.032
325.000,3,44.894,5.085,43.365,1.889,5.933,0.000,32.450,0,1030.349
326.000,3,39.094,4.948,46.688,1.973,5.886,0.000,47.926,1,715.328
327.000,3,47.654,4.944,41.768,2.419,6.277,0.000,76.782,0,945.986
328.000,3,50.121,4.834,42.395,2.309,3.175,0.000,59.589,1,858.422
329.000,3,50.000,5.154,41.639,2.627,2.780,0.000,61.919,0,967.174
330.000,3,40.551,5.292,40.076,2.945,6.572,1.319,79.161,0,812.523
331.000,3,55.195,5.050,40.674,2.855,4.938,21.490,70.047,1,983.967
332.000,3,51.982,5.265,42.815,1.900,7.842,0.000,75.874,0,679.868
333.000,3,50.975,4.957,41.041,1.784,7.296,0.000,63.249,0,631.634
334.000,3,44.867,4.823,40.702,2.441,6.743,0.000,44.885,0,995.803
335.000,3,45.289,5.017,40.862,2.276,3.073,0.000,27.239,0,1045.377
336.000,3,35.907,5.092,38.002,3.106,7.768,0.000,12.806,0,929.990
337.000,3,44.768,4.642,44.406,3.240,7.400,0.000,20.181,0,839.032
338.000,3,49.852,4.830,43.113,2.456,3.815,0.000,28.007,0,855.769
339.000,3,42.444,5.040,44.091,3.301,5.771,169.057,22.671,0,1218.157
340.000,3,44.161,4.908,44.582,2.050,5.488,0.000,65.712,0,774.139
341.000,3,41.369,5.395,42.587,2.850,4.307,0.000,76.779,0,765.023
342.000,3,42.088,5.392,47.249,1.958,5.685,151.402,52.792,1,891.791
343.000,3,42.440,5.036,41.030,3.161,5.163,0.000,36.247,1,778.447
344.000,3,43.049,4.832,41.716,2.324,4.394,43.043,68.649,1,908.071
345.000,3,47.226,4.643,38.156,2.307,6.728,0.000,62.407,0,717.337
346.000,3,49.240,4.975,42.112,2.277,6.599,139.928,19.605,0,1096.514
347.000,3,47.041,4.969,42.019,1.746,5.997,176.730,27.522,0,931.273
348.000,3,36.424,4.818,42.345,2.818,1.651,0.000,71.576,0,1016.780
349.000,3,57.551,5.055,40.599,2.065,6.088,0.000,13.107,0,896.430
350.000,3,48.558,5.124,41.946,1.852,3.406,22.169,55.804,0,582.245
351.000,3,41.154,5.151,42.176,2.151,6.539,0.000,50.916,0,739.150
352.000,3,42.361,4.932,41.864,1.818,8.781,52.436,68.853,0,617.893
353.000,3,37.798,5.155,42.885,2.327,6.371,0.000,79.121,0,878.936
354.000,3,38.849,4.976,41.761,2.621,8.027,143.085,53.340,1,986.448
355.000,3,40.773,5.236,38.954,2.877,7.016,0.000,24.603,1,678.324
356.000,3,48.469,4.976,37.982,2.400,5.517,16.685,32.956,0,945.514
357.000,3,50.926,5.154,38.319,2.619,5.753,0.000,15.455,0,654.806
358.000,3,40.701,4.929,46.465,1.851,8.553,166.750,33.532,0,656.884
359.000,3,44.395,4.989,45.991,1.877,9.495,193.205,42.073,0,783.317
360.000,3,45.379,5.148,44.366,2.056,5.021,50.799,14.733,0,690.881
361.000,3,43.075,4.857,45.402,3.177,8.124,26.175,33.001,0,860.557
362.000,3,46.139,5.065,46.389,2.023,4.571,0.000,27.863,0,732.090
363.000,3,46.547,4.813,43.405,2.186,6.003,180.529,53.568,1,939.059
364.000,3,43.541,5.044,42.926,2.260,3.186,98.924,13.215,0,774.518
365.000,3,44.457,4.983,46.511,3.684,6.543,0.000,17.846,0,803.999
366.000,3,46.100,4.994,43.455,3.500,8.814,160.230,18.096,0,715.988
367.000,3,49.808,4.851,41.984,2.398,4.249,0.000,38.246,0,787.308
368.000,3,44.869,5.133,41.815,2.410,7.638,0.000,57.126,0,789.169
369.000,3,46.686,4.885,38.241,2.670,6.057,0.000,58.521,1,761.562
370.000,3,55.316,5.168,43.758,2.306,7.193,0.000,44.584,1,1067.936
371.000,3,48.854,4.980,40.364,2.344,5.971,0.000,72.470,0,1070.434
372.000,3,39.117,5.117,39.225,2.164,8.185,0.000,71.155,0,941.649
373.000,3,45.006,4.923,45.900,2.332,8.707,0.000,66.924,0,927.845
374.000,3,39.411,5.371,41.244,1.930,7.809,0.000,53.720,1,1033.652
375.000,3,35.796,4.919,33.922,2.102,7.673,179.665,28.388,1,993.418
376.000,3,61.113,5.038,40.545,3.703,4.033,128.038,74.967,1,756.510
377.000,3,50.827,5.077,44.253,2.125,6.851,0.000,64.790,0,807.430
378.000,3,43.622,5.155,42.150,2.388,5.168,141.019,23.912,0,858.082
379.000,3,42.128,5.054,42.380,2.160,7.131,136.599,49.263,1,644.549
380.000,3,48.953,4.911,41.552,3.093,5.139,217.970,48.074,1,597.547
381.000,3,46.609,4.989,43.198,2.359,5.436,127.419,67.988,0,799.761
382.000,3,47.722,4.992,42.637,1.919,5.782,0.000,38.015,0,852.516
383.000,3,38.277,5.118,43.337,2.844,7.472,24.224,28.687,0,833.367
384.000,3,51.739,5.204,36.259,2.175,7.069,0.000,57.816,1,917.670
385.000,3,40.933,5.225,43.873,3.672,8.492,0.000,27.574,0,527.895
386.000,3,46.135,5.096,45.026,2.725,8.160,0.000,13.995,0,936.361
387.000,3,51.352,5.110,37.011,2.299,5.108,0.000,72.574,0,847.010
388.000,3,40.876,5.133,44.984,3.405,5.550,116.956,22.836,0,833.862
389.000,3,41.752,4.885,41.653,2.230,6.314,0.000,14.358,0,1129.580
390.000,3,44.644,4.770,42.388,2.642,5.364,228.546,41.037,0,887.413
391.000,3,49.223,5.028,45.804,1.941,6.768,0.000,53.695,1,759.336
392.000,3,48.593,4.984,41.512,2.296,5.329,0.000,10.522,1,822.462
393.000,3,42.512,5.027,39.826,2.499,7.623,0.000,38.998,0,1239.682
394.000,3,40.188,4.918,42.737,2.270,8.319,34.316,13.473,1,885.249
395.000,3,39.536,5.115,42.931,2.684,5.694,0.000,10.503,0,1096.586
396.000,3,40.749,5.124,43.899,3.197,6.402,0.000,17.908,0,755.344
397.000,3,43.716,4.945,42.968,2.141,3.494,0.000,69.656,0,837.586
398.000,3,38.662,4.898,39.331,2.111,9.437,0.000,17.769,0,932.716
399.000,3,44.760,5.096,39.204,3.430,5.072,0.000,70.084,0,900.070
400.000,3,49.141,5.085,40.516,2.273,8.382,0.000,77.780,0,977.284
401.000,3,49.058,5.073,42.476,2.500,6.773,0.000,40.875,0,889.604
402.000,3,47.212,4.909,44.781,1.985,7.291,45.401,67.460,0,901.417
403.000,3,38.367,5.098,44.967,3.611,8.421,0.000,46.406,0,726.131
404.000,3,35.285,4.843,40.204,2.732,6.515,0.000,68.145,1,991.956
405.000,3,42.095,4.895,42.892,2.591,5.143,0.000,49.334,0,956.359
406.000,3,49.825,4.877,42.945,2.615,8.167,223.865,54.894,0,768.162
407.000,3,42.348,4.890,39.296,3.894,6.196,0.000,41.283,0,670.173
408.000,3,40.675,4.999,41.323,2.329,5.495,0.000,57.655,0,864.550
409.000,3,48.575,5.189,37.237,2.025,5.869,0.000,75.923,1,437.279
410.000,3,38.481,4.979,38.934,2.214,6.192,0.000,76.346,1,1101.978
411.000,3,38.688,5.171,41.747,2.213,7.603,73.794,19.612,1,867.022
412.000,3,44.485,4.988,42.530,1.994,5.001,0.000,24.227,0,866.552
413.000,3,44.261,5.198,39.578,2.150,7.915,258.749,33.174,0,725.731
414.000,3,37.207,4.951,42.219,2.226,2.730,0.000,42.908,0,790.620
415.000,3,43.344,5.227,43.246,2.456,5.462,0.000,66.849,0,984.160
416.000,3,47.591,4.713,42.279,3.584,6.078,0.000,22.849,1,796.680
417.000,3,48.438,4.839,40.946,2.297,6.836,0.000,29.491,0,621.786
418.000,3,36.550,5.175,40.980,4.146,6.686,215.216,23.090,1,895.590
419.000,3,52.547,5.093,39.783,4.626,5.622,144.698,77.172,0,749.976
420.000,3,45.510,5.123,39.814,2.466,5.035,0.000,61.159,0,884.486
421.000,3,43.509,5.030,41.509,1.977,6.363,191.960,41.389,0,812.841
422.000,3,41.708,5.078,43.169,2.769,7.820,0.000,41.956,1,610.898
423.000,3,45.551,4.925,42.266,2.119,6.495,0.000,19.124,0,790.931
424.000,3,46.199,5.041,42.599,2.406,7.533,0.000,62.733,0,855.489
425.000,3,32.394,5.105,42.582,2.012,5.156,0.000,67.221,0,941.036
426.000,3,46.366,5.088,47.329,3.390,6.536,0.000,55.558,0,957.273
427.000,3,44.434,5.219,36.297,2.749,7.115,0.000,19.595,0,912.241
428.000,3,49.139,4.964,44.588,2.080,8.131,0.000,70.876,0,791.837
429.000,3,55.931,4.905,41.322,2.254,6.555,0.000,43.900,0,1209.616
430.000,3,42.860,4.936,40.390,2.675,8.966,0.000,46.932,0,903.426
431.000,3,43.446,4.946,42.554,3.439,4.806,0.000,32.983,1,821.485
432.000,3,49.461,4.702,42.432,2.079,6.191,167.028,29.920,1,617.195
433.000,3,46.086,4.868,44.667,2.095,3.723,70.678,73.685,1,975.358
434.000,3,43.412,5.073,41.448,3.871,5.830,63.063,42.392,0,1105.650
435.000,3,42.457,4.973,41.698,2.295,7.675,0.000,40.374,0,820.735
436.000,3,52.550,5.294,37.168,2.045,4.145,105.347,29.649,1,1052.976
437.000,3,44.270,4.724,49.053,2.497,6.387,0.000,46.671,0,724.531
438.000,3,51.124,4.952,46.549,4.005,8.265,281.160,26.616,1,825.979
439.000,3,49.111,4.938,40.256,3.131,6.648,0.000,42.472,1,1174.087
440.000,3,43.359,5.091,45.969,2.885,3.028,0.000,59.718,1,911.451
441.000,3,42.047,5.017,39.878,2.981,5.609,139.737,63.514,1,955.018
442.000,3,45.289,4.758,42.226,3.446,7.602,0.000,46.383,1,983.279
443.000,3,51.586,5.128,36.280,2.338,6.457,112.455,32.246,1,641.598
444.000,3,48.947,5.242,43.739,3.628,6.103,0.000,53.717,0,735.088
445.000,3,46.174,5.158,40.117,2.044,5.293,0.000,71.512,1,779.793
446.000,3,41.604,4.807,38.601,2.320,8.311,143.903,31.820,1,482.075
447.000,3,53.137,5.161,46.826,3.163,3.628,245.633,79.845,1,902.912
448.000,3,53.304,4.711,44.519,2.500,6.431,0.000,52.922,0,528.747
449.000,3,41.254,4.663,40.309,3.175,4.751,114.785,17.878,1,816.602
450.000,3,43.973,5.027,38.851,5.137,4.967,0.000,56.202,1,704.036
451.000,3,36.823,5.000,39.503,3.267,7.234,0.000,78.489,0,674.022
452.000,3,49.777,5.080,38.918,2.673,5.015,0.000,15.363,1,714.658
453.000,3,40.764,4.912,41.979,2.897,5.405,0.000,68.819,0,881.819
454.000,3,39.977,4.591,42.043,3.496,4.093,194.155,26.235,1,496.590
455.000,3,48.411,4.835,41.492,3.259,5.399,0.000,60.029,0,736.340
456.000,3,45.983,5.076,40.331,3.024,5.742,102.007,21.232,1,717.659
457.000,3,48.327,4.985,40.093,2.612,6.461,0.000,56.262,0,824.554
458.000,3,41.186,5.033,40.667,3.010,7.192,0.000,27.504,0,1176.098
459.000,3,42.258,5.046,42.159,3.375,6.783,0.000,32.406,0,863.484
460.000,3,48.139,5.011,41.657,2.677,12.314,42.874,76.797,0,682.127
461.000,3,48.045,5.003,41.420,2.676,6.646,296.426,35.181,1,612.234
462.000,3,40.945,4.692,41.498,2.817,5.916,290.784,35.584,0,511.931
463.000,3,37.533,5.208,39.548,2.623,8.415,81.900,51.975,0,827.593
464.000,3,35.387,5.223,41.823,2.223,8.078,0.000,71.650,0,853.577
465.000,3,44.976,5.196,41.854,3.606,7.093,199.253,38.082,1,846.416
466.000,3,45.435,5.122,40.308,3.435,5.822,52.373,56.467,0,646.754
467.000,3,36.158,4.991,41.865,3.594,6.946,226.678,31.555,1,641.078
468.000,3,50.177,4.902,41.852,2.776,6.038,0.000,15.203,0,700.650
469.000,3,47.593,4.817,43.865,2.928,7.921,0.000,46.295,1,836.957
470.000,3,45.252,5.102,45.347,4.005,8.326,0.000,12.972,0,536.260
471.000,3,47.866,5.135,39.402,3.192,6.446,0.000,52.836,0,797.761
472.000,3,46.336,4.956,37.688,3.400,7.574,0.000,66.493,0,620.809
473.000,3,46.841,4.864,41.928,3.065,5.340,0.000,76.759,1,779.028
474.000,3,44.599,5.096,35.798,2.867,7.773,55.887,23.508,0,802.993
475.000,3,44.344,5.009,41.165,2.971,6.931,0.000,40.261,0,662.721
476.000,3,49.073,4.957,42.017,2.305,8.213,0.000,46.184,0,918.675
477.000,3,54.532,5.210,42.141,3.692,7.022,0.000,29.138,1,661.601
478.000,3,45.694,4.901,40.521,2.800,7.832,325.884,77.654,0,598.650
479.000,3,45.185,5.168,42.365,3.013,5.641,193.003,22.490,1,689.539
480.000,3,47.677,5.132,38.845,3.015,4.064,59.285,25.080,1,762.835
481.000,3,39.112,5.164,38.485,2.428,6.171,238.119,66.076,0,704.213
482.000,3,46.612,5.065,36.255,2.323,6.423,0.000,59.863,0,774.032
483.000,3,42.786,4.928,43.374,2.421,7.903,149.278,24.600,0,668.968
484.000,3,43.556,5.081,39.119,2.589,5.714,5.702,20.435,0,712.559
485.000,3,41.212,5.124,39.446,2.332,6.154,0.000,11.846,0,706.159
486.000,3,38.956,4.873,39.580,2.601,7.229,248.994,45.278,0,511.438
487.000,3,44.731,5.074,37.761,2.782,7.509,0.000,76.954,0,898.047
488.000,3,49.296,4.998,42.406,4.184,5.568,0.000,34.886,0,648.408
489.000,3,45.704,4.828,37.103,3.292,9.058,0.000,46.759,0,641.183
490.000,3,41.207,4.950,41.578,2.261,5.582,0.000,54.124,1,1022.097
491.000,3,55.684,5.285,41.274,2.624,6.081,339.634,28.507,0,578.466
492.000,3,40.532,5.102,36.289,2.776,6.550,127.371,62.801,0,701.772
493.000,3,47.602,5.136,36.165,2.872,2.600,337.936,67.057,0,513.376
494.000,3,42.663,5.046,40.581,3.059,7.560,141.323,74.250,1,730.430
495.000,3,43.975,5.070,37.691,2.463,7.394,0.000,21.624,1,694.373
496.000,3,53.500,5.030,37.695,2.839,6.194,0.000,49.880,0,586.982
497.000,3,42.332,5.207,38.604,3.594,6.799,0.000,57.834,0,516.321
498.000,3,49.505,4.977,40.159,3.406,8.056,34.432,51.368,1,727.583
499.000,3,53.834,4.960,38.940,2.715,4.503,286.512,47.136,1,1020.978
500.000,3,42.893,5.102,42.515,2.249,3.952,0.000,38.538,0,979.597
501.000,3,47.242,4.865,38.947,2.969,10.273,0.000,43.844,0,921.134
502.000,3,53.640,4.901,38.203,3.044,8.459,0.000,41.114,0,917.711
503.000,3,45.009,5.096,42.193,3.168,7.967,0.000,72.914,1,812.245
504.000,3,42.477,4.935,36.207,2.758,7.427,0.000,77.302,1,763.593
505.000,3,44.781,5.007,37.486,3.460,6.934,149.056,32.687,0,770.871
506.000,3,45.362,5.113,43.195,3.988,6.728,75.236,32.689,0,622.609
507.000,3,45.167,5.017,44.853,4.681,6.151,234.221,51.347,1,646.991
508.000,3,40.049,4.913,38.965,2.247,7.120,222.590,31.190,0,732.217
509.000,3,49.451,5.039,37.669,2.527,10.527,103.729,37.297,0,866.121
510.000,3,40.862,4.721,42.092,2.446,8.771,0.000,27.837,0,773.408
511.000,3,46.030,5.044,37.501,2.510,6.686,0.000,25.900,0,664.655
512.000,3,52.684,4.653,38.771,2.926,3.704,107.137,67.555,0,935.293
513.000,3,50.742,4.842,36.867,3.245,5.797,0.000,62.645,1,632.096
514.000,3,59.562,4.954,41.685,2.910,6.111,223.756,49.299,0,594.512
515.000,3,42.795,5.032,38.912,2.479,5.004,0.000,76.721,0,651.773
516.000,3,38.554,4.764,40.533,2.652,6.774,36.858,34.755,0,832.994
517.000,3,47.367,5.037,39.782,2.897,8.217,0.000,55.530,0,662.057
518.000,3,49.270,4.708,43.669,2.263,6.270,329.987,57.636,0,584.677
519.000,3,51.050,5.216,38.958,2.485,6.467,119.350,14.049,0,626.211
520.000,3,51.131,5.013,38.492,3.851,3.632,0.000,41.730,0,947.449
521.000,3,38.825,4.816,37.867,2.415,6.499,0.000,66.056,0,631.359
522.000,3,46.671,4.851,40.133,3.260,7.883,126.720,16.910,0,719.227
523.000,3,51.012,5.017,36.927,4.204,6.464,134.977,18.466,0,541.282
524.000,3,43.381,4.829,43.719,5.047,8.343,0.000,15.278,0,392.333
525.000,3,55.720,4.894,39.426,4.291,8.312,0.000,39.998,0,965.017
526.000,3,46.777,4.886,39.956,3.103,6.380,136.036,36.033,0,504.091
527.000,3,51.035,5.063,43.895,2.821,6.636,38.307,50.064,0,551.397
528.000,3,41.399,4.914,41.394,3.037,6.774,306.984,74.411,1,766.208
529.000,3,42.971,4.966,41.323,2.449,5.777,135.133,14.375,0,683.917
530.000,3,34.609,5.080,44.985,3.249,7.673,202.353,49.162,0,629.210
531.000,3,41.292,4.984,41.222,5.418,6.777,0.000,21.128,1,770.813
532.000,3,50.728,4.813,39.883,2.913,6.809,236.888,48.157,0,685.413
533.000,3,50.303,5.060,43.908,3.410,4.271,83.270,56.191,1,791.130
534.000,3,46.326,4.589,40.947,3.890,7.882,191.228,32.915,0,550.169
535.000,3,46.689,5.078,39.161,3.133,8.279,344.717,69.867,1,822.727
536.000,3,48.759,4.930,34.039,3.565,8.399,0.000,63.460,1,725.122
537.000,3,47.260,5.053,43.511,2.500,6.042,163.071,74.268,0,635.182
538.000,3,56.481,4.845,37.433,2.766,10.679,1.424,65.018,1,534.731
539.000,3,42.576,4.959,43.956,3.372,5.852,382.596,19.474,1,731.895
540.000,3,53.539,5.014,45.136,3.183,6.830,0.000,55.229,1,721.295
541.000,3,38.420,4.936,37.062,2.970,7.506,0.000,70.001,0,438.651
542.000,3,48.841,5.042,41.147,2.758,8.798,315.964,29.486,0,1016.054
543.000,3,37.048,4.936,38.958,2.871,7.156,59.690,45.842,0,437.933
544.000,3,50.056,5.122,41.212,2.597,8.015,293.013,64.970,1,751.211
545.000,3,36.555,5.086,40.644,2.375,6.537,382.168,31.805,0,708.840
546.000,3,42.343,4.827,39.291,2.570,7.922,285.810,36.574,0,702.246
547.000,3,42.276,5.154,39.805,3.779,7.750,116.638,67.628,1,684.456
548.000,3,39.444,4.972,39.795,2.973,7.758,0.000,18.829,0,900.560
549.000,3,40.182,4.974,39.182,3.045,6.452,55.589,37.735,0,1153.930
550.000,3,40.973,4.836,34.812,2.966,8.584,0.000,33.936,1,561.024
551.000,3,41.056,5.237,40.976,3.734,7.654,298.832,79.821,1,682.882
552.000,3,45.598,4.825,37.539,2.811,5.707,316.288,25.915,0,768.951
553.000,3,45.570,4.986,36.623,2.421,7.321,305.487,27.122,0,791.702
554.000,3,47.525,5.364,39.878,3.742,5.278,45.168,16.228,1,605.076
555.000,3,36.602,4.932,38.321,3.526,8.599,132.219,46.150,0,861.856
556.000,3,49.885,5.035,41.702,2.389,5.131,283.144,10.179,1,1041.837
557.000,3,36.490,5.234,41.188,2.622,8.428,0.000,66.262,0,832.765
558.000,3,43.361,4.931,40.714,4.152,5.251,137.608,16.440,0,789.492
559.000,3,47.242,4.998,41.527,3.407,8.740,0.000,47.331,0,1172.506
560.000,3,42.995,4.690,41.604,3.255,7.230,35.677,77.389,1,745.483
561.000,3,42.202,5.057,39.795,3.284,2.978,173.154,79.499,0,766.231
562.000,3,37.383,4.562,38.005,2.535,6.594,240.615,41.581,0,873.105
563.000,3,43.931,5.042,39.547,3.349,6.108,310.825,76.365,0,993.219
564.000,3,34.519,4.824,37.251,2.998,5.568,25.388,21.954,1,645.503
565.000,3,44.802,4.971,39.652,2.700,6.435,71.115,50.538,0,770.231
566.000,3,44.490,4.978,43.374,3.210,7.568,0.000,10.666,1,791.271
567.000,3,53.722,4.992,40.213,2.907,3.211,0.000,37.707,0,515.554
568.000,3,44.858,5.370,39.081,2.543,7.207,307.285,61.973,0,793.027
569.000,3,47.061,4.976,41.998,4.384,7.907,413.336,58.503,1,676.901
570.000,3,41.036,5.084,38.386,3.795,7.946,0.000,13.761,0,804.033
571.000,3,53.089,4.955,36.218,2.685,7.052,200.285,78.424,0,566.482
572.000,3,51.484,5.149,39.586,2.590,5.608,95.553,76.768,1,844.078
573.000,3,44.033,4.900,36.218,3.276,6.509,50.651,46.922,0,582.335
574.000,3,37.642,5.058,34.404,4.303,8.318,270.024,70.055,1,515.629
575.000,3,53.601,5.072,45.887,2.760,6.423,369.489,11.875,0,887.306
576.000,3,44.883,4.896,41.212,3.715,7.529,381.040,18.411,0,869.647
577.000,3,43.209,5.081,37.840,2.907,6.254,152.733,24.985,0,804.526
578.000,3,46.541,4.816,35.896,3.554,8.853,230.348,66.449,0,253.720
579.000,3,43.947,4.913,37.837,2.504,7.459,0.000,33.852,0,858.790
580.000,3,53.468,4.986,41.137,3.543,6.089,0.000,30.506,0,572.927
581.000,3,41.493,4.933,41.752,3.379,8.948,0.000,52.006,1,733.487
582.000,3,51.389,4.930,39.419,4.135,6.315,249.843,54.280,0,865.810
583.000,3,37.759,5.247,41.645,3.491,7.214,282.122,42.311,0,661.953
584.000,3,46.538,4.702,39.999,2.481,6.175,390.516,18.542,0,496.337
585.000,3,51.283,4.991,37.776,3.234,7.605,0.000,74.515,1,936.464
586.000,3,51.166,5.249,40.874,3.172,7.256,0.000,38.348,1,931.900
587.000,3,55.395,5.239,34.686,2.501,7.586,378.015,35.248,0,949.654
588.000,3,36.468,5.129,37.383,4.973,7.164,146.066,39.035,1,512.036
589.000,3,52.440,4.999,40.858,3.499,6.083,148.305,62.198,1,880.099
590.000,3,34.361,5.071,36.922,3.579,7.532,188.662,31.832,0,405.775
591.000,3,40.196,4.817,42.526,2.769,7.132,0.000,29.018,0,480.295
592.000,3,40.342,4.728,37.853,2.511,4.636,142.232,39.407,1,767.011
593.000,3,39.709,5.112,37.801,3.518,4.937,165.681,79.228,1,568.806
594.000,3,46.361,4.931,43.235,2.555,9.333,258.584,25.995,0,752.378
595.000,3,50.250,4.767,39.257,3.501,9.143,0.000,24.829,1,664.797
596.000,3,49.518,5.135,36.153,3.005,6.445,0.000,49.378,0,714.450
597.000,3,44.873,4.882,37.665,3.244,8.721,45.046,52.089,0,963.061
598.000,3,38.027,5.154,37.800,3.524,4.418,240.790,23.026,0,529.896
599.000,3,39.458,5.119,38.459,2.713,6.495,12.797,58.285,0,729.957
600.000,3,51.469,4.730,37.545,2.624,7.819,27.967,69.888,0,965.647
601.000,3,50.229,5.136,38.226,3.924,8.701,184.498,17.281,1,586.316
602.000,3,37.152,5.275,39.019,3.298,8.920,250.121,34.997,0,617.921
603.000,3,41.564,5.212,41.750,4.352,8.210,135.142,13.591,0,436.380
604.000,3,48.997,4.865,37.470,3.204,6.739,165.999,13.869,1,576.480
605.000,3,44.806,5.239,36.695,3.069,7.096,380.058,64.912,1,546.398
606.000,3,45.178,5.190,38.193,3.700,6.107,166.543,11.225,1,754.909
607.000,3,41.560,5.012,38.006,2.703,8.249,217.518,44.169,0,678.848
608.000,3,43.681,4.957,40.896,3.535,10.571,130.475,11.055,0,567.453
609.000,3,30.606,5.190,36.386,2.631,7.914,441.112,22.086,1,418.602
610.000,3,45.262,4.714,37.925,3.013,7.954,84.063,42.815,1,837.561
611.000,3,40.276,5.101,37.748,2.928,6.072,108.839,40.829,0,868.408
612.000,3,48.024,4.897,37.465,3.616,6.984,45.456,28.645,0,469.048
613.000,3,53.640,5.168,37.089,2.770,6.242,14.786,18.073,0,491.045
614.000,3,37.244,5.022,38.794,3.039,9.094,116.627,74.680,0,978.448
615.000,3,41.187,4.887,38.336,3.944,8.551,267.343,17.991,0,513.819
616.000,3,42.940,5.181,43.771,3.941,6.394,445.747,14.387,1,613.418
617.000,3,51.870,5.496,36.456,3.282,6.921,219.884,57.087,0,869.362
618.000,3,51.650,5.047,40.336,2.766,6.385,391.810,26.982,0,807.994
619.000,3,36.791,4.914,36.220,5.347,6.807,363.557,65.203,1,595.570
620.000,3,50.309,5.158,39.071,2.668,8.081,459.737,43.826,1,620.417
621.000,3,43.552,5.076,38.901,3.001,5.371,317.633,22.040,0,882.967
622.000,3,47.628,4.977,39.589,4.554,8.356,283.723,58.879,0,673.586
623.000,3,42.194,5.235,35.616,3.645,6.985,396.289,67.939,1,686.325
624.000,3,41.516,4.966,38.795,3.197,6.060,104.090,37.819,0,670.091
625.000,3,35.338,5.014,34.487,3.258,10.769,0.000,31.417,0,848.576
626.000,3,46.854,4.927,38.203,4.204,7.650,405.396,44.215,1,421.022
627.000,3,47.791,4.938,39.441,4.100,9.342,207.758,37.380,1,780.256
628.000,3,50.528,4.953,37.926,3.615,7.659,0.000,76.736,1,822.971
629.000,3,42.618,5.101,38.873,3.703,7.868,3.595,70.359,1,683.156
630.000,3,45.596,5.005,36.218,3.027,7.107,31.480,21.378,1,615.464
631.000,3,43.061,4.815,45.208,2.686,8.714,381.002,34.522,0,719.264
632.000,3,40.742,4.954,39.874,3.137,6.685,270.184,15.538,0,348.565
633.000,3,44.530,4.951,41.820,3.223,6.893,151.353,39.737,1,1014.438
634.000,3,42.324,5.143,36.880,3.535,9.897,374.569,51.782,0,799.772
635.000,3,34.154,5.187,38.291,4.011,6.198,427.508,18.491,1,291.740
636.000,3,39.084,4.898,41.117,3.207,7.663,132.188,39.889,0,867.876
637.000,3,42.754,5.255,35.463,3.211,6.776,288.771,46.008,0,730.987
638.000,3,52.661,5.170,39.226,3.343,6.341,430.646,65.298,1,876.136
639.000,3,49.873,5.156,37.005,3.438,4.628,82.767,11.565,1,693.943
640.000,3,45.001,5.059,36.974,2.774,7.093,226.848,42.376,0,514.023
641.000,3,40.522,5.060,37.896,3.673,6.859,86.959,61.556,0,473.499
642.000,3,37.299,5.081,40.176,2.705,7.976,423.762,66.267,1,954.506
643.000,3,30.189,4.942,41.373,3.077,7.644,224.416,56.135,1,734.103
644.000,3,50.803,5.039,35.496,2.716,8.997,92.531,77.673,1,598.478
645.000,3,46.422,4.794,38.009,4.223,7.668,428.861,60.667,1,417.101
646.000,3,46.359,5.087,39.964,3.637,5.203,64.032,44.196,1,731.919
647.000,3,50.485,5.085,41.559,2.817,5.596,94.925,75.628,0,561.167
648.000,3,47.106,4.786,46.479,3.610,8.499,242.170,41.345,0,660.803
649.000,3,37.083,4.756,40.243,4.121,5.741,333.590,55.275,0,590.823
650.000,3,43.909,4.872,36.163,4.791,6.798,425.563,74.198,1,458.566
651.000,3,44.882,4.835,30.581,3.269,6.735,234.673,18.192,1,482.793
652.000,3,37.819,4.848,39.014,3.317,7.710,0.000,26.164,1,346.846
653.000,3,42.406,5.154,39.373,3.707,6.112,32.155,66.669,1,673.412
654.000,3,46.737,4.999,42.368,3.421,8.985,35.878,79.987,0,723.258
655.000,3,41.692,5.188,36.054,3.214,8.046,159.158,67.622,0,258.538
656.000,3,42.195,4.822,45.258,3.652,7.803,440.011,20.658,0,769.557
657.000,3,44.573,5.010,39.171,3.537,6.805,429.425,54.344,0,544.768
658.000,3,41.546,5.044,37.724,2.973,6.922,89.787,40.510,0,399.843
659.000,3,38.885,5.086,35.123,3.216,5.579,116.492,22.866,0,572.141
660.000,3,51.743,5.289,41.735,4.566,7.143,356.138,72.690,1,271.440
661.000,3,36.856,4.946,36.766,3.792,6.475,219.681,23.455,0,743.022
662.000,3,41.214,5.198,40.543,4.025,8.751,417.670,79.081,0,752.135
663.000,3,39.507,4.792,37.944,4.840,7.550,337.280,17.304,1,700.815
664.000,3,37.234,5.318,39.620,3.328,6.478,336.802,71.140,0,701.412
665.000,3,49.505,5.276,34.095,3.629,7.292,359.687,69.513,1,243.446
666.000,3,46.132,5.141,39.050,2.766,5.643,119.949,71.987,0,696.068
667.000,3,47.142,4.905,41.182,2.756,7.929,448.193,20.916,0,737.117
668.000,3,42.026,4.796,38.123,3.075,5.059,370.722,23.123,1,557.345
669.000,3,56.254,4.986,36.372,3.228,8.853,498.663,66.576,1,456.383
670.000,3,45.575,4.610,34.711,5.009,7.954,111.879,46.114,1,405.290
671.000,3,42.617,5.184,37.412,2.788,6.323,393.162,47.527,0,478.844
672.000,3,54.419,5.317,36.950,2.972,3.252,177.635,31.005,1,516.985
673.000,3,47.294,4.802,39.563,2.835,7.368,119.256,43.341,1,485.097
674.000,3,46.599,4.823,39.888,3.142,8.166,474.019,61.558,0,737.027
675.000,3,48.902,5.080,39.776,3.395,7.596,9.994,73.522,0,816.053
676.000,3,45.970,5.135,37.420,3.119,6.359,296.286,13.476,0,707.062
677.000,3,52.322,4.927,34.268,3.765,9.974,433.621,72.900,1,352.830
678.000,3,40.472,5.287,36.644,2.868,7.195,143.597,34.490,1,599.487
679.000,3,44.720,4.906,36.723,2.974,8.615,133.694,68.504,0,684.727
680.000,3,45.493,5.127,35.535,4.627,4.909,499.778,57.130,0,563.319
681.000,3,48.429,5.055,38.834,3.612,6.304,7.733,19.521,0,741.267
682.000,3,42.914,5.208,33.439,5.358,8.637,433.057,36.358,1,271.886
683.000,3,43.505,4.977,38.747,3.340,3.548,524.786,16.537,1,423.336
684.000,3,40.424,5.250,36.217,2.933,7.926,3.461,67.532,1,1027.019
685.000,3,41.182,5.090,33.515,3.987,7.718,532.910,26.037,0,330.657
686.000,3,47.350,5.060,35.545,4.022,8.681,398.202,27.984,0,486.886
687.000,3,37.375,4.935,36.820,2.768,5.760,238.415,27.992,1,471.493
688.000,3,41.382,5.267,36.436,2.946,8.489,290.575,34.721,1,520.521
689.000,3,40.233,5.137,40.353,3.655,5.444,406.407,20.607,0,840.875
690.000,3,34.724,4.852,38.414,3.674,7.594,6.924,35.631,1,597.332
691.000,3,49.309,5.095,34.434,4.249,4.217,30.213,26.459,1,613.127
692.000,3,25.192,5.119,44.696,3.821,5.206,501.742,37.441,0,708.686
693.000,3,49.491,5.177,37.735,2.886,5.162,127.120,12.406,0,292.118
694.000,3,52.036,4.735,38.559,3.037,5.916,188.965,62.218,0,458.004
695.000,3,57.445,5.029,37.985,3.131,9.073,350.995,16.891,1,485.639
696.000,3,44.364,4.900,39.652,3.561,7.588,7.921,36.433,0,811.053
697.000,3,42.378,5.150,34.142,3.037,7.002,216.647,24.502,1,673.194
698.000,3,41.117,4.996,38.452,3.428,5.174,366.828,34.139,0,605.793
699.000,3,44.650,4.761,36.296,3.583,6.646,534.611,78.986,1,610.372
700.000,3,52.065,5.035,33.886,4.208,8.940,463.256,43.371,1,745.246
701.000,3,41.995,5.081,38.086,3.194,6.583,122.658,40.861,0,633.879
702.000,3,46.341,5.025,34.758,2.879,8.560,45.197,32.196,0,644.693
703.000,3,43.571,5.026,35.347,4.007,4.676,170.597,76.733,0,657.639
704.000,3,46.681,5.138,38.887,3.014,4.384,286.683,28.012,0,651.391
705.000,3,47.106,4.845,38.012,2.949,7.241,455.204,69.020,0,361.515
706.000,3,41.555,4.987,35.866,3.668,6.413,509.454,65.851,0,575.664
707.000,3,37.566,4.838,38.180,3.191,7.065,54.630,35.457,0,556.486
708.000,3,44.205,4.790,37.734,2.876,6.982,264.687,16.851,0,737.371
709.000,3,41.229,4.964,40.577,3.630,8.384,253.731,79.465,0,880.945
710.000,3,47.683,5.390,36.701,3.590,2.767,229.878,43.016,1,521.090
711.000,3,42.292,5.121,38.276,3.013,8.922,558.446,21.288,0,538.236
712.000,3,41.022,5.234,40.242,3.038,6.486,51.262,46.492,1,441.204
713.000,3,48.051,4.750,31.774,4.596,7.454,121.165,30.608,1,626.072
714.000,3,49.424,5.039,32.428,3.809,7.064,173.890,53.179,0,486.966
715.000,3,43.786,4.906,41.059,4.373,8.131,281.783,10.070,1,505.084
716.000,3,53.712,4.922,37.344,3.778,7.368,143.555,20.833,0,839.713
717.000,3,53.195,5.052,38.064,3.622,7.141,202.259,45.604,0,835.292
718.000,3,44.760,4.983,39.357,3.347,8.362,251.086,14.547,0,595.266
719.000,3,42.673,5.316,37.029,4.705,8.293,207.469,28.106,1,415.426
720.000,3,37.705,4.961,33.229,3.423,7.412,291.739,70.004,1,341.613
721.000,3,41.552,5.159,37.942,3.969,8.629,119.895,68.592,1,581.995
722.000,3,43.511,5.212,40.237,3.756,5.694,94.625,36.122,1,664.247
723.000,3,46.546,4.895,38.317,2.879,7.708,482.038,62.199,0,749.560
724.000,3,43.156,5.025,37.015,2.914,7.778,349.816,71.013,1,418.773
725.000,3,46.115,5.121,35.526,4.097,5.088,331.232,40.406,0,529.129
726.000,3,36.864,4.864,37.986,4.136,6.806,248.699,58.950,0,671.138
727.000,3,41.870,4.633,37.270,3.588,8.112,480.473,65.780,0,300.536
728.000,3,46.319,4.952,38.257,3.465,6.577,468.594,72.251,0,717.047
729.000,3,41.316,4.781,37.822,4.069,6.734,247.494,38.038,0,437.205
730.000,3,46.408,4.880,39.555,3.407,11.227,363.027,43.897,1,1096.990
731.000,3,40.238,5.153,36.984,3.229,9.327,34.826,17.976,1,519.889
732.000,3,38.015,5.284,36.938,3.658,7.228,544.894,12.390,1,706.552
733.000,3,52.295,4.891,38.138,3.586,7.374,79.213,69.421,1,490.942
734.000,3,37.340,5.211,39.466,3.151,9.539,546.867,39.543,0,458.924
735.000,3,47.689,4.977,38.303,3.035,7.343,106.125,50.512,1,663.604
736.000,3,33.499,4.851,34.069,4.472,7.562,419.354,15.097,0,520.627
737.000,3,44.363,5.051,40.845,4.542,8.523,343.961,74.667,1,750.487
738.000,3,42.586,4.738,35.123,2.956,6.975,311.840,74.954,1,588.783
739.000,3,40.139,4.740,39.623,3.292,6.949,583.301,75.256,1,673.772
740.000,3,53.251,5.063,39.873,4.395,9.392,512.557,45.887,1,659.332
741.000,3,48.332,4.793,39.405,3.336,9.212,510.570,65.845,1,583.461
742.000,3,50.834,4.974,37.247,4.101,5.648,286.606,61.957,1,674.320
743.000,3,36.252,4.986,37.705,3.039,4.587,336.218,76.634,0,627.344
744.000,3,41.371,4.854,39.244,3.907,8.053,310.593,50.802,0,381.147
745.000,3,45.870,4.931,37.824,4.366,9.573,379.789,24.442,1,616.983
746.000,3,48.353,4.815,36.765,3.978,5.424,474.580,18.425,1,314.208
747.000,3,50.462,5.031,33.916,3.165,7.279,470.224,38.453,1,544.466
748.000,3,36.025,5.098,37.098,3.356,4.252,513.108,12.621,0,570.397
749.000,3,51.640,4.812,37.829,4.670,6.182,299.819,71.141,1,419.595
750.000,3,46.416,5.219,36.274,4.560,7.801,73.342,33.148,1,552.708
751.000,3,47.337,4.854,35.098,3.330,7.978,503.079,26.226,1,458.410
752.000,3,34.716,4.994,35.258,3.410,7.521,553.377,21.260,1,639.192
753.000,3,39.968,4.943,37.547,3.104,5.555,369.109,71.437,0,831.351
754.000,3,49.698,4.829,37.071,3.000,7.670,330.970,64.607,0,740.373
755.000,3,42.964,5.177,33.836,3.066,9.357,191.683,70.987,1,528.176
756.000,3,47.101,5.227,35.223,3.520,5.261,267.871,26.866,0,609.799
757.000,3,54.664,4.977,37.272,3.721,6.991,119.617,60.170,0,455.873
758.000,3,42.601,4.999,39.678,3.172,7.490,269.233,28.357,0,500.303
759.000,3,35.849,4.967,35.979,3.415,6.772,186.416,31.049,1,310.707
760.000,3,43.381,4.796,34.293,3.893,9.066,204.794,77.906,1,266.649
761.000,3,49.242,5.001,41.828,4.705,5.253,113.408,38.201,0,349.015
762.000,3,50.638,4.797,33.938,3.205,6.160,421.630,32.739,1,440.759
763.000,3,44.241,5.019,39.051,3.221,7.675,349.237,54.431,0,673.881
764.000,3,44.074,4.964,37.368,3.358,7.119,137.124,69.035,0,859.522
765.000,3,42.533,4.731,34.346,3.003,6.136,372.612,46.491,0,369.125
766.000,3,44.880,4.749,36.630,4.271,8.697,356.593,56.664,0,446.924
767.000,3,39.813,5.153,38.071,3.617,5.478,106.571,51.358,0,531.631
768.000,3,41.068,5.240,34.648,3.214,8.119,551.947,56.567,1,536.702
769.000,3,42.904,5.095,33.663,4.327,11.742,512.446,30.240,1,473.338
770.000,3,44.707,4.880,36.713,3.122,9.396,330.974,37.658,0,316.725
771.000,3,43.374,4.885,33.904,4.543,7.236,364.290,57.631,0,151.093
772.000,3,50.048,5.146,33.778,3.047,10.319,493.994,30.632,1,458.148
773.000,3,44.301,4.831,36.013,4.087,9.103,186.887,33.171,1,303.384
774.000,3,40.809,4.982,39.143,3.270,8.768,115.200,30.170,0,519.352
775.000,3,44.928,4.890,38.664,3.438,5.589,333.772,57.905,0,410.986
776.000,3,42.530,4.862,33.093,3.752,7.688,508.075,38.892,1,440.600
777.000,3,47.556,4.913,34.576,5.131,7.222,268.011,38.748,1,102.127
778.000,3,34.295,4.998,36.483,3.198,7.938,488.032,43.343,0,675.989
779.000,3,46.514,5.097,39.565,5.388,4.006,559.158,67.242,1,572.212
780.000,3,46.323,5.223,39.864,3.855,8.612,567.977,58.537,0,250.869
781.000,3,53.558,4.884,36.509,4.653,8.062,276.562,32.104,1,456.931
782.000,3,43.582,5.043,35.877,3.155,7.403,421.173,68.793,1,179.947
783.000,3,47.124,4.778,34.906,3.128,4.045,354.574,36.182,1,353.167
784.000,3,44.087,4.942,40.761,3.282,6.728,470.488,14.985,0,739.549
785.000,3,44.001,5.011,38.052,3.543,8.502,141.039,34.597,0,519.053
786.000,3,40.620,4.920,41.369,3.078,8.949,269.707,50.265,1,785.641
787.000,3,52.669,5.000,36.017,4.576,3.378,540.908,79.075,1,521.743
788.000,3,34.925,5.084,36.957,3.577,8.339,415.864,35.547,0,334.396
789.000,3,43.634,4.903,35.320,4.215,6.721,282.389,27.020,1,318.895
790.000,3,47.994,5.047,35.245,3.562,7.232,387.567,40.647,1,687.998
791.000,3,42.717,5.165,36.278,3.459,8.581,230.217,64.535,1,650.298
792.000,3,48.701,5.475,35.203,3.916,9.435,550.448,39.144,1,434.940
793.000,3,43.531,4.866,30.086,3.872,8.063,621.130,65.698,1,158.747
794.000,3,47.510,4.735,34.539,3.292,10.351,244.931,74.058,1,380.718
795.000,3,46.584,5.005,38.005,4.245,2.849,455.530,61.521,1,577.777
796.000,3,38.940,5.156,40.399,6.117,6.531,510.151,30.337,1,557.202
797.000,3,39.480,5.257,37.788,5.425,6.288,315.661,35.294,1,426.690
798.000,3,40.319,5.066,38.440,3.886,8.725,558.377,26.626,0,384.441
799.000,3,50.785,5.016,36.787,4.341,7.768,560.348,14.570,1,598.660
800.000,3,53.014,5.213,34.127,4.414,5.888,593.608,14.700,1,465.301
801.000,3,42.470,5.017,41.333,3.526,8.686,184.097,45.091,0,777.969
802.000,3,46.388,5.260,44.163,3.934,11.054,160.927,37.658,1,471.625
803.000,3,45.072,5.104,38.695,3.682,7.598,552.748,77.391,1,689.930
804.000,3,55.657,5.115,36.277,4.229,4.785,632.426,47.802,1,422.566
805.000,3,49.763,4.957,35.623,4.515,8.376,505.659,78.512,1,365.148
806.000,3,50.635,4.893,33.566,3.360,6.555,186.733,16.402,1,334.006
807.000,3,49.584,4.971,35.774,3.338,8.053,555.913,56.475,1,614.976
808.000,3,46.287,4.814,35.963,4.713,8.680,301.016,64.601,1,745.146
809.000,3,38.042,4.978,36.649,3.842,8.707,620.699,24.787,0,675.056
810.000,3,47.163,5.218,36.148,4.029,6.066,516.180,25.668,1,481.432
811.000,3,46.692,5.215,34.520,3.282,7.099,253.963,39.681,1,406.668
812.000,3,45.512,5.172,32.252,4.337,5.088,147.342,68.207,1,298.514
813.000,3,42.356,4.888,35.791,3.687,5.811,339.814,52.465,1,516.333
814.000,3,54.081,4.933,31.275,4.431,7.062,411.856,71.025,1,420.237
815.000,3,45.466,4.862,40.078,3.637,5.045,558.620,14.262,1,662.119
816.000,3,45.914,4.829,36.278,3.433,8.189,508.104,71.829,1,487.486
817.000,3,45.918,5.073,35.396,4.235,9.496,581.793,53.305,0,316.373
818.000,3,34.898,5.178,35.721,3.787,9.248,221.548,66.637,1,418.562
819.000,3,59.550,5.027,37.272,3.287,6.294,254.066,48.608,0,647.704
820.000,3,38.598,5.046,34.974,3.518,9.435,130.955,31.365,1,354.109
821.000,3,61.715,4.893,35.194,3.298,6.835,542.421,58.162,1,801.533
822.000,3,50.202,5.181,38.568,4.104,7.559,549.900,34.375,1,664.338
823.000,3,43.223,4.975,34.579,3.287,5.577,570.279,11.313,1,421.011
824.000,3,39.986,5.224,35.540,3.694,3.984,251.564,45.684,1,766.644
825.000,3,45.113,4.995,39.166,4.078,7.228,594.593,13.108,0,425.104
826.000,3,46.777,4.954,39.734,3.569,6.721,567.386,52.448,0,680.723
827.000,3,46.728,4.751,39.102,3.483,8.116,662.974,45.110,1,537.743
828.000,3,47.465,5.247,39.266,4.066,6.075,130.809,52.068,1,653.955
829.000,3,39.926,4.929,37.233,3.934,7.234,253.427,72.133,1,543.568
830.000,3,43.452,5.323,30.438,3.780,5.784,563.369,16.808,1,258.595
831.000,3,46.300,4.893,30.264,3.499,7.066,300.907,17.895,1,617.912
832.000,3,40.601,5.232,35.544,3.604,10.887,223.715,32.228,1,338.086
833.000,3,47.723,5.107,34.220,3.469,7.475,614.810,15.649,0,369.035
834.000,3,43.930,5.101,33.761,3.350,7.532,203.139,41.096,1,666.577
835.000,3,47.880,4.943,35.198,3.514,6.958,445.777,34.286,0,316.171
836.000,3,49.958,4.985,39.104,4.742,5.715,674.820,12.852,1,728.721
837.000,3,51.547,5.074,38.493,4.026,9.034,366.275,37.524,1,190.535
838.000,3,50.774,5.083,37.072,3.795,8.053,607.475,55.296,1,500.761
839.000,3,44.332,5.150,34.124,5.287,8.054,192.413,54.473,1,413.220
840.000,3,45.799,4.915,36.249,3.936,6.591,576.954,56.823,1,512.640
841.000,3,40.490,4.928,37.163,4.275,9.069,464.561,53.074,0,409.480
842.000,3,48.604,5.077,32.952,4.120,10.563,291.966,13.688,1,429.858
843.000,3,49.314,4.891,36.830,4.681,7.452,563.377,38.109,1,452.050
844.000,3,47.525,5.114,33.157,4.239,8.471,371.481,27.111,1,365.978
845.000,3,41.595,5.168,37.984,3.999,7.553,362.092,20.341,1,531.579
846.000,3,48.076,5.032,34.902,4.825,7.682,293.895,10.879,1,460.000
847.000,3,43.128,5.246,34.832,3.527,6.994,459.128,64.426,1,434.565
848.000,3,45.760,5.122,39.057,4.623,8.854,404.637,40.471,0,586.409
849.000,3,38.954,4.953,36.275,4.452,7.230,591.351,76.014,0,594.296
850.000,3,39.184,5.316,38.225,4.210,8.221,488.681,32.577,1,667.496
851.000,3,48.471,4.939,35.751,3.686,7.410,519.138,62.753,0,623.817
852.000,3,42.538,5.063,32.743,3.548,8.300,610.447,26.597,0,424.214
853.000,3,41.782,5.069,33.576,3.546,9.222,553.947,16.773,1,259.365
854.000,3,36.822,5.224,37.473,3.388,8.935,230.648,36.079,1,652.650
855.000,3,44.082,5.255,37.404,3.726,6.774,391.690,71.851,0,547.592
856.000,3,45.232,5.047,37.306,4.221,6.038,160.381,38.064,0,514.708
857.000,3,44.807,5.198,42.153,3.953,6.541,325.129,39.930,0,387.227
858.000,3,44.550,5.163,36.763,4.148,8.360,400.550,40.825,1,342.720
859.000,3,42.794,5.157,36.220,4.782,8.316,177.835,65.910,1,423.317
860.000,3,40.008,5.092,37.796,5.029,6.665,481.131,49.981,1,688.349
861.000,3,35.954,4.998,36.353,4.372,6.426,249.293,40.414,1,261.585
862.000,3,43.259,5.202,30.733,3.895,8.613,353.105,15.029,1,124.862
863.000,3,49.605,5.014,37.468,3.438,6.846,495.520,66.353,1,400.750
864.000,3,51.218,4.889,37.727,3.408,7.207,224.661,28.448,0,706.216
865.000,3,51.015,4.815,31.285,4.126,8.462,264.685,57.921,1,441.110
866.000,3,47.813,4.880,36.612,4.288,7.879,570.129,30.652,1,401.976
867.000,3,50.823,5.032,39.642,3.960,6.035,514.955,64.232,0,350.426
868.000,3,40.899,5.095,36.711,3.511,7.811,207.705,14.234,0,244.787
869.000,3,46.343,4.977,35.943,3.947,9.084,323.774,33.322,0,336.483
870.000,3,41.415,4.927,32.908,3.730,8.297,579.150,29.692,1,490.777
871.000,3,41.511,5.063,37.972,4.422,8.382,660.896,34.196,0,486.263
872.000,3,37.804,5.220,30.073,5.404,10.376,269.453,10.580,1,101.692
873.000,3,42.505,5.074,35.026,4.974,7.363,665.019,31.832,0,470.669
874.000,3,46.473,5.024,36.024,4.534,7.279,576.065,46.358,1,380.963
875.000,3,45.038,5.189,31.429,3.486,9.626,438.011,47.294,1,521.836
876.000,3,48.878,4.858,33.022,4.006,4.534,674.967,32.908,1,600.167
877.000,3,39.933,5.040,33.791,4.293,9.114,703.565,41.490,1,517.937
878.000,3,46.019,4.998,38.048,4.994,8.239,533.267,20.427,0,369.922
879.000,3,46.608,5.074,34.665,5.667,5.920,203.436,33.585,1,220.260
880.000,3,36.265,5.019,36.445,3.599,3.234,211.149,28.205,0,417.198
881.000,3,38.434,4.948,29.129,4.434,9.210,312.684,71.878,1,257.363
882.000,3,55.887,4.974,37.468,3.623,8.991,283.152,55.381,1,672.018
883.000,3,46.292,5.003,30.861,4.904,7.554,412.178,64.354,1,326.014
884.000,3,40.857,5.094,41.039,4.595,8.353,430.241,37.758,1,412.880
885.000,3,52.999,4.955,38.278,3.864,8.699,537.106,13.068,0,453.152
886.000,3,51.458,4.844,32.532,3.893,9.749,250.419,70.020,1,331.280
887.000,3,43.366,5.199,38.994,3.623,8.382,653.137,19.995,0,458.234
888.000,3,42.688,4.852,37.381,4.287,11.647,684.123,54.764,1,422.252
889.000,3,41.087,5.124,34.441,4.283,6.308,733.048,60.901,1,439.485
890.000,3,45.670,5.210,37.581,5.098,7.829,377.491,50.172,1,522.102
891.000,3,38.778,5.135,31.356,3.479,7.957,544.277,65.729,1,594.730
892.000,3,51.890,5.169,33.535,4.031,6.674,398.982,20.881,1,222.229
893.000,3,46.659,4.968,39.490,4.284,8.390,433.843,68.852,1,459.719
894.000,3,46.983,4.769,32.447,4.905,7.432,436.468,77.033,1,331.553
895.000,3,45.501,4.806,36.350,4.342,10.697,646.717,32.664,1,98.996
896.000,3,54.714,4.937,39.272,3.417,10.813,615.730,76.112,1,623.983
897.000,3,52.990,4.988,33.715,3.577,9.148,312.867,51.247,1,160.924
898.000,3,46.431,5.058,38.591,4.519,3.862,746.628,31.698,0,534.050
899.000,3,45.676,5.190,37.218,4.059,7.853,319.669,36.815,0,228.150
900.000,3,48.958,4.942,34.778,3.604,6.831,619.445,25.252,1,450.025
901.000,3,46.147,5.195,36.745,3.867,6.972,281.138,37.611,1,367.883
902.000,3,48.851,5.351,37.124,3.861,6.926,525.205,51.423,0,448.519
903.000,3,49.475,4.936,33.322,4.116,8.557,236.893,73.583,1,254.662
904.000,3,43.063,5.156,40.304,3.657,9.127,499.693,28.751,1,410.373
905.000,3,45.405,5.165,34.130,5.693,7.529,655.234,60.182,1,349.865
906.000,3,51.081,5.313,37.366,4.306,6.482,324.210,32.730,1,527.333
907.000,3,48.506,4.781,34.101,3.721,10.918,690.377,11.560,0,277.437
908.000,3,40.398,5.166,34.191,5.101,9.183,688.796,29.573,0,245.130
909.000,3,50.691,5.014,33.987,4.157,9.609,528.757,68.219,1,367.125
910.000,3,45.463,5.032,34.537,4.227,8.423,307.284,14.546,0,97.084
911.000,3,46.984,5.124,36.356,4.268,6.703,302.208,55.620,1,345.175
912.000,3,43.858,4.971,32.613,5.454,8.328,589.464,26.482,1,58.379
913.000,3,52.482,5.143,35.245,3.612,6.738,476.470,69.109,1,433.410
914.000,3,36.351,4.887,34.973,4.438,8.159,304.719,62.627,1,473.280
915.000,3,49.653,4.939,35.526,4.140,8.137,653.411,33.287,1,338.890
916.000,3,52.356,4.952,42.077,4.327,7.304,669.187,50.543,1,426.130
917.000,3,48.838,5.202,35.301,4.132,10.400,406.075,54.499,0,133.317
918.000,3,38.595,4.820,35.902,3.703,7.935,269.417,12.720,1,489.652
919.000,3,44.240,4.888,35.728,3.614,8.808,322.934,76.862,1,544.581
920.000,3,48.753,4.993,31.499,3.563,9.762,560.472,53.183,0,200.751
921.000,3,54.737,4.939,32.269,4.232,8.905,276.427,22.709,1,552.787
922.000,3,51.232,5.469,32.350,3.658,8.772,624.252,10.028,1,387.122
923.000,3,54.495,4.814,37.005,3.601,9.339,503.979,59.528,1,603.528
924.000,3,46.338,4.976,35.411,3.812,8.379,560.550,49.886,1,485.098
925.000,3,53.549,5.182,35.537,4.232,7.924,474.121,43.187,0,533.938
926.000,3,42.032,5.194,34.621,4.254,6.988,327.251,17.108,1,340.052
927.000,3,35.614,4.949,35.761,3.617,6.715,690.167,17.387,1,860.745
928.000,3,47.960,5.393,33.600,4.494,5.441,296.158,25.410,1,472.118
929.000,3,43.686,5.148,35.373,3.852,7.890,777.425,31.279,1,576.098
930.000,3,50.434,4.703,38.267,4.675,7.565,754.387,73.717,0,722.899
931.000,3,50.770,5.081,36.192,4.296,6.061,260.267,62.454,1,262.797
932.000,3,40.113,5.114,33.497,3.582,5.982,473.900,17.655,1,208.037
933.000,3,49.562,5.092,32.729,3.845,8.081,655.420,34.047,1,207.674
934.000,3,43.559,4.945,33.498,3.675,6.473,764.834,68.118,1,0.000
935.000,3,46.125,5.104,35.710,4.056,6.686,235.275,34.848,0,482.279
936.000,3,38.527,5.020,33.555,3.835,7.206,774.425,34.404,1,317.356
937.000,3,46.070,5.203,31.999,4.801,5.862,535.758,79.990,1,238.779
938.000,3,35.437,4.718,35.393,4.877,7.773,630.744,41.855,1,278.649
939.000,3,48.628,4.958,32.970,3.754,9.909,571.623,40.904,0,344.669
940.000,3,39.505,5.128,35.142,3.852,5.728,417.372,23.740,1,83.866
941.000,3,52.032,4.991,36.554,4.461,10.246,760.880,40.476,1,284.041
942.000,3,41.295,5.186,34.477,3.618,5.891,637.476,16.334,1,274.742
943.000,3,43.118,5.288,36.131,5.764,6.650,429.009,64.512,1,0.000
944.000,3,49.480,4.989,39.314,5.700,6.778,750.995,25.441,1,582.700
945.000,3,43.532,4.798,30.803,4.066,8.066,746.851,70.739,0,270.568
946.000,3,46.378,4.994,32.172,5.289,8.141,604.407,18.812,1,0.000
947.000,3,56.192,4.853,34.088,4.174,8.842,601.306,44.449,1,241.896
948.000,3,47.162,5.162,35.495,3.828,7.169,749.536,29.179,1,512.047
949.000,3,49.353,4.992,38.383,4.402,6.911,705.987,64.351,0,279.195
950.000,3,39.849,4.872,30.933,3.704,3.511,463.270,78.884,1,193.975
951.000,3,37.997,5.077,35.690,3.805,8.969,495.059,10.181,0,368.478
952.000,3,36.584,4.810,31.129,3.565,8.382,545.156,34.419,1,37.806
953.000,3,41.396,4.914,30.135,4.028,6.202,540.518,45.473,1,259.672
954.000,3,46.123,5.070,31.000,5.217,6.796,255.144,16.784,1,283.161
955.000,3,46.423,4.969,38.680,4.532,5.495,418.329,14.998,0,234.839
956.000,3,44.109,5.000,33.194,3.845,6.269,506.638,18.062,0,259.245
957.000,3,50.794,4.761,36.503,4.086,4.530,694.163,66.647,0,378.761
958.000,3,33.619,5.094,27.794,3.911,5.481,353.285,32.356,1,53.885
959.000,3,35.115,5.094,34.554,3.915,10.106,566.527,65.071,1,635.886
960.000,3,35.259,4.925,36.024,4.324,6.922,700.645,47.930,1,330.171
961.000,3,39.765,5.136,32.092,3.834,12.617,491.350,15.724,1,510.805
962.000,3,37.174,4.993,31.352,3.813,7.371,446.283,37.832,1,580.491
963.000,3,45.166,5.174,32.720,5.238,7.708,330.373,63.370,1,124.842
964.000,3,47.797,5.068,32.235,4.011,6.690,684.626,51.856,0,216.445
965.000,3,45.552,4.953,34.967,3.873,8.101,558.169,36.933,1,493.608
966.000,3,39.514,5.049,37.061,3.967,6.523,815.929,37.513,0,253.894
967.000,3,46.474,4.824,37.555,4.340,7.996,445.994,46.023,1,234.693
968.000,3,47.633,5.129,34.826,3.898,5.717,478.511,25.100,1,465.351
969.000,3,42.308,4.912,36.725,4.398,9.761,400.936,79.767,0,149.294
970.000,3,41.850,4.891,33.076,3.661,6.970,278.978,75.674,1,297.318
971.000,3,41.070,4.741,35.491,3.815,9.208,305.631,28.684,0,382.690
972.000,3,45.004,4.872,34.094,3.619,6.746,602.689,75.764,1,339.358
973.000,3,50.741,5.086,30.263,3.936,5.802,320.572,14.652,1,0.000
974.000,3,45.793,5.025,31.049,4.797,7.274,592.024,15.591,1,309.846
975.000,3,45.712,5.047,32.904,4.191,5.593,591.057,58.963,1,565.776
976.000,3,39.322,4.876,39.475,4.378,8.330,529.504,16.462,0,528.454
977.000,3,46.780,4.990,32.988,3.678,6.089,523.118,77.726,1,448.344
978.000,3,45.217,4.889,33.406,5.257,7.207,434.765,30.611,1,158.517
979.000,3,48.740,4.979,33.364,5.122,8.217,629.370,30.883,1,274.183
980.000,3,39.791,5.163,35.163,3.679,7.802,431.543,35.767,1,294.582
981.000,3,52.954,5.003,37.691,4.197,7.485,563.913,25.414,1,505.479
982.000,3,52.482,4.997,33.569,4.119,9.807,371.263,40.805,1,466.959
983.000,3,50.447,5.040,31.962,4.471,10.285,639.855,25.603,1,327.892
984.000,3,53.900,5.208,29.510,4.776,9.051,324.212,75.187,1,115.441
985.000,3,41.000,5.046,38.908,5.866,10.426,499.143,31.920,1,226.611
986.000,3,51.061,4.827,39.047,4.481,7.586,421.376,72.319,1,459.103
987.000,3,45.990,4.992,33.510,5.035,5.044,401.303,59.869,1,354.062
988.000,3,37.348,4.778,33.622,4.795,10.476,447.019,38.560,1,263.704
989.000,3,51.381,5.043,33.601,5.189,8.662,505.742,37.538,0,45.030
990.000,3,53.161,5.085,33.839,3.855,7.792,395.465,78.833,1,398.820
991.000,3,45.059,4.989,31.493,4.054,10.052,713.022,54.301,1,377.613
992.000,3,45.218,5.263,34.833,4.318,6.216,472.614,76.582,1,264.523
993.000,3,49.109,5.014,32.550,6.424,7.568,783.719,34.542,1,100.321
994.000,3,47.789,5.082,32.885,3.704,7.208,661.494,12.981,0,174.660
995.000,3,47.748,4.815,30.188,4.529,6.720,474.442,59.661,1,0.000
996.000,3,52.147,5.107,30.641,4.486,8.863,787.679,12.427,1,189.417
997.000,3,38.000,5.206,34.475,3.840,9.931,464.900,78.106,1,388.041
998.000,3,41.804,4.971,31.604,5.639,5.515,593.570,33.879,1,0.000
999.000,3,47.015,4.906,36.573,4.499,7.969,617.754,34.159,1,376.385
0.000,4,51.552,5.126,45.696,0.774,7.596,0.000,55.369,0,1106.170
1.000,4,47.172,4.770,49.414,1.152,4.066,0.000,70.275,0,1064.120
2.000,4,45.665,5.075,50.618,1.362,8.788,0.000,50.130,0,971.917
3.000,4,50.427,4.953,45.723,0.935,5.381,0.000,45.941,0,970.748
4.000,4,48.647,5.152,48.329,0.867,5.237,0.000,27.226,0,1473.266
5.000,4,47.485,5.021,44.873,0.893,3.630,0.000,23.722,0,1040.939
6.000,4,37.308,4.874,49.438,1.173,6.310,0.000,72.542,1,1095.468
7.000,4,41.382,5.118,48.914,0.808,5.105,0.000,44.086,1,1090.700
8.000,4,55.194,5.007,48.419,0.898,5.532,0.000,12.501,0,992.366
9.000,4,40.012,4.777,49.994,1.429,10.420,0.000,40.603,0,1152.381
10.000,4,37.809,5.191,48.497,1.901,6.153,0.000,74.178,0,1054.822
11.000,4,46.765,4.932,46.465,2.266,6.938,0.000,68.879,0,1164.717
12.000,4,46.270,4.982,42.497,1.197,4.927,0.000,33.362,0,1026.401
13.000,4,52.062,5.185,46.701,1.434,6.957,0.000,77.793,1,950.500
14.000,4,43.826,5.021,43.782,1.785,4.354,0.000,55.231,0,971.584
15.000,4,45.618,4.899,45.794,0.830,3.748,0.000,50.496,0,1162.667
16.000,4,34.885,4.998,47.554,0.949,4.798,0.000,33.516,0,1122.796
17.000,4,44.022,4.781,52.145,1.446,3.962,0.000,45.648,0,1040.580
18.000,4,37.633,4.941,48.503,1.732,5.938,0.000,45.140,0,961.320
19.000,4,46.829,4.998,47.207,1.037,3.634,0.000,50.500,0,1119.411
20.000,4,42.434,4.748,40.590,2.361,4.950,0.000,43.294,0,636.256
21.000,4,53.533,4.736,41.274,1.665,4.253,0.000,74.160,0,930.491
22.000,4,46.428,4.981,38.933,1.298,6.526,0.000,58.631,0,1158.444
23.000,4,55.788,5.460,44.817,1.104,4.704,0.000,72.699,1,934.382
24.000,4,53.800,5.041,45.358,2.291,6.185,0.000,41.754,0,1117.844
25.000,4,44.631,5.101,46.573,2.186,7.925,0.000,17.184,0,996.226
26.000,4,45.508,4.954,45.969,0.885,6.483,0.000,79.337,0,856.496
27.000,4,51.086,5.266,42.819,2.172,2.922,0.000,11.530,0,927.138
28.000,4,42.020,5.112,49.298,1.480,4.205,0.000,16.122,0,1422.923
29.000,4,47.329,4.979,40.358,1.921,9.033,0.000,30.681,0,1058.080
30.000,4,32.333,5.066,46.857,1.684,5.246,0.000,15.115,0,928.815
31.000,4,35.635,5.232,48.950,1.028,4.299,0.000,20.225,0,1109.883
32.000,4,41.765,4.748,43.078,2.435,8.086,0.000,27.193,0,995.064
33.000,4,42.892,5.106,45.622,0.833,6.041,0.000,22.512,0,1091.286
34.000,4,39.758,5.410,46.054,0.916,4.556,0.000,56.715,0,839.320
35.000,4,46.359,5.122,44.148,1.744,4.216,0.000,34.176,0,800.538
36.000,4,41.866,5.031,40.952,1.113,4.451,0.000,75.759,0,967.186
37.000,4,46.608,5.094,48.855,1.534,5.028,0.000,13.413,0,1001.329
38.000,4,43.714,5.053,47.194,1.016,6.240,0.000,70.031,0,1273.287
39.000,4,49.313,5.243,43.975,1.023,7.599,0.000,55.639,1,1119.934
40.000,4,45.507,4.951,48.857,1.549,6.560,0.000,53.504,0,1474.771
41.000,4,41.819,5.033,41.002,0.942,5.918,0.000,47.682,0,899.326
42.000,4,36.698,5.034,41.936,2.503,5.861,0.000,47.607,0,1307.962
43.000,4,47.265,4.910,44.797,2.474,6.081,0.000,74.044,0,825.221
44.000,4,49.279,5.011,46.524,1.469,6.035,0.000,68.512,0,1182.018
45.000,4,44.999,4.972,51.216,1.215,7.458,0.000,62.195,0,975.368
46.000,4,41.738,5.298,49.049,1.180,5.627,0.000,15.782,0,1014.108
47.000,4,47.109,4.830,43.096,1.121,3.786,0.000,10.075,0,1256.184
48.000,4,49.054,5.246,42.413,1.036,6.011,0.000,44.171,1,1390.623
49.000,4,41.139,5.132,44.354,2.580,2.085,0.000,44.528,0,1052.037
50.000,4,43.497,5.087,45.753,1.601,5.891,0.000,36.556,0,1151.094
51.000,4,43.362,4.794,46.458,1.145,6.618,0.000,65.034,1,1206.752
52.000,4,44.788,4.749,43.825,0.954,5.446,0.000,18.636,0,1020.638
53.000,4,51.291,4.874,43.906,2.470,8.244,0.000,66.203,1,797.554
54.000,4,43.929,4.818,45.282,1.068,8.225,0.000,23.554,0,1274.781
55.000,4,56.365,5.111,45.423,0.968,6.432,0.000,41.267,1,1023.195
56.000,4,39.357,4.691,48.340,1.425,4.385,0.000,79.965,0,1224.053
57.000,4,43.091,4.849,43.943,1.443,3.601,0.000,43.281,0,1103.293
58.000,4,51.204,5.012,46.055,4.079,3.055,0.000,73.047,0,868.473
59.000,4,40.883,4.810,50.446,0.925,6.220,0.000,53.993,0,1023.285
60.000,4,46.910,4.911,48.608,1.084,4.265,0.000,32.252,0,1426.489
61.000,4,49.895,5.032,47.638,1.824,7.670,0.000,49.503,1,1156.045
62.000,4,42.253,4.955,42.155,1.314,6.575,0.000,48.774,0,1274.305
63.000,4,52.763,5.096,51.112,1.111,5.681,0.000,78.531,0,1089.459
64.000,4,45.062,4.947,48.051,1.025,8.182,0.000,32.258,0,891.588
65.000,4,42.364,5.098,46.813,2.403,4.330,0.000,64.867,0,800.059
66.000,4,47.830,4.918,47.554,1.615,6.395,0.000,60.735,1,1170.313
67.000,4,40.232,5.151,41.675,1.135,4.040,0.000,77.321,0,1127.688
68.000,4,46.158,4.830,46.218,1.120,7.431,0.000,60.345,0,1033.360
69.000,4,38.625,5.177,40.622,1.902,6.860,0.000,61.121,0,799.737
70.000,4,47.953,4.892,43.258,2.531,7.825,0.000,69.547,0,987.307
71.000,4,34.953,5.071,47.834,1.080,7.375,0.000,17.986,0,1064.003
72.000,4,51.657,5.071,45.164,1.652,6.530,0.000,70.743,0,1099.322
73.000,4,46.286,4.994,46.910,1.357,5.228,0.000,32.192,0,1171.329
74.000,4,43.974,4.940,47.543,1.906,4.726,0.000,39.575,1,924.555
75.000,4,32.356,4.705,43.822,1.004,3.740,0.000,61.506,1,851.957
76.000,4,47.433,4.821,44.943,1.050,7.891,0.000,33.551,1,1222.869
77.000,4,46.625,4.847,46.596,1.670,4.858,0.000,66.305,0,1024.262
78.000,4,51.417,4.959,47.883,1.112,3.928,0.000,13.808,0,1226.997
79.000,4,34.577,5.170,46.993,1.539,7.445,0.000,58.203,1,785.298
80.000,4,54.674,5.014,38.850,2.615,7.001,0.000,77.360,1,1037.785
81.000,4,45.831,4.642,48.879,0.986,3.818,0.000,47.775,0,971.853
82.000,4,48.605,4.910,43.650,2.705,6.931,0.000,50.540,0,988.734
83.000,4,51.519,4.958,43.566,1.446,5.571,0.000,64.213,0,1238.924
84.000,4,41.344,4.932,44.161,1.784,5.079,0.000,75.031,0,1016.825
85.000,4,39.827,4.736,48.095,2.002,5.019,0.000,40.368,1,880.051
86.000,4,38.478,5.239,43.029,2.297,6.770,0.000,48.747,0,868.984
87.000,4,54.809,5.195,43.506,1.607,4.180,0.000,62.417,0,1150.938
88.000,4,43.488,5.075,40.758,2.195,7.329,0.000,62.134,0,950.494
89.000,4,42.758,4.970,42.831,1.763,8.338,0.000,67.402,0,1031.048
90.000,4,51.772,4.986,46.241,2.560,7.465,0.000,67.566,0,1008.574
91.000,4,46.869,5.128,41.015,1.998,7.492,0.000,27.266,1,1142.971
92.000,4,45.674,5.284,45.051,2.357,5.588,0.000,67.425,0,831.357
93.000,4,41.436,4.878,46.772,2.288,5.448,0.000,28.713,0,1166.337
94.000,4,46.009,4.989,43.714,1.544,5.157,0.000,40.231,0,987.393
95.000,4,54.259,4.858,46.139,3.540,4.872,0.000,65.468,0,1070.205
96.000,4,43.748,5.168,43.223,2.416,4.938,0.000,41.190,1,1004.430
97.000,4,41.985,4.912,44.809,1.352,6.409,0.000,17.113,0,917.051
98.000,4,40.999,4.783,46.355,1.059,5.124,0.000,62.147,0,870.634
99.000,4,54.234,4.944,45.514,1.804,5.606,0.000,15.624,1,886.544
100.000,4,46.636,5.027,39.380,1.334,7.758,0.000,65.081,0,1166.710
101.000,4,43.913,5.192,43.333,1.867,3.597,0.000,41.298,0,1096.437
102.000,4,46.812,5.105,43.149,1.349,7.657,0.000,25.196,0,871.330
103.000,4,45.786,4.679,45.169,1.024,2.745,0.000,29.571,0,1070.858
104.000,4,40.931,5.253,47.567,1.977,6.209,0.000,64.572,1,1078.027
105.000,4,44.396,5.034,45.056,1.132,4.951,0.000,37.570,0,1124.779
106.000,4,47.490,5.053,43.955,1.492,6.273,0.000,48.228,0,745.009
107.000,4,43.001,4.946,46.410,1.706,6.894,0.000,78.225,0,1089.907
108.000,4,52.951,5.119,47.775,1.212,5.181,0.000,30.019,0,898.987
109.000,4,44.609,5.072,40.795,2.385,3.252,0.000,41.273,0,977.476
110.000,4,40.570,4.550,46.150,1.701,4.865,0.000,20.987,1,875.122
111.000,4,44.452,4.868,46.333,1.419,9.304,0.000,10.819,0,1008.326
112.000,4,46.497,4.809,45.359,1.445,5.048,0.000,68.873,1,1183.783
113.000,4,45.693,4.870,46.861,1.855,5.233,0.000,70.429,0,1060.099
114.000,4,49.445,4.642,46.638,2.707,6.184,0.000,72.868,0,1323.003
115.000,4,42.739,4.865,48.877,1.876,6.897,0.000,14.951,0,1127.341
116.000,4,51.069,4.788,42.162,1.053,5.856,0.000,65.806,0,849.320
117.000,4,47.004,4.782,47.457,1.130,6.915,0.000,12.227,1,1078.541
118.000,4,50.820,5.185,48.590,1.338,5.420,0.000,79.174,0,1262.435
119.000,4,47.680,4.879,46.542,1.487,5.180,0.000,79.234,0,931.842
120.000,4,57.253,4.965,46.525,1.514,4.800,0.000,43.727,1,1055.099
121.000,4,44.283,4.889,46.454,1.246,3.402,0.000,16.882,0,1236.149
122.000,4,52.272,4.656,42.060,1.135,3.936,0.000,35.259,0,1187.365
123.000,4,50.761,5.136,46.396,2.029,5.996,0.000,52.018,0,1301.875
124.000,4,54.392,4.901,46.476,1.141,6.432,0.000,36.182,1,1076.092
125.000,4,42.836,4.954,48.873,1.207,4.555,0.000,21.887,0,951.757
126.000,4,50.352,4.936,40.216,2.685,6.422,0.000,60.851,1,1055.074
127.000,4,41.556,4.684,44.232,2.310,7.991,0.000,30.981,0,952.554
128.000,4,49.324,4.984,46.522,1.613,4.371,0.000,30.052,0,1079.983
129.000,4,45.448,5.108,45.792,1.489,7.598,0.000,77.011,0,1037.533
130.000,4,54.286,5.382,47.813,3.762,6.143,0.000,64.217,1,708.720
131.000,4,40.990,4.983,44.789,3.059,3.936,0.000,54.162,0,797.261
132.000,4,37.151,5.140,41.755,2.310,7.276,0.000,34.174,1,1142.806
133.000,4,51.531,5.002,41.160,2.274,5.306,0.000,68.788,0,1031.870
134.000,4,52.421,5.044,46.931,1.673,7.652,0.000,38.662,1,935.650
135.000,4,41.571,4.808,47.499,1.183,6.395,0.000,55.667,0,941.941
136.000,4,47.446,4.783,40.828,1.683,6.219,0.000,54.528,0,1009.142
137.000,4,49.529,4.722,45.747,1.667,6.316,0.000,43.235,0,1177.173
138.000,4,44.043,4.952,45.591,2.409,8.012,0.000,46.295,0,1069.270
139.000,4,48.634,4.745,43.457,1.191,6.389,0.000,69.173,0,1283.330
140.000,4,43.685,5.072,39.996,3.667,6.651,0.000,43.645,1,1052.785
141.000,4,52.437,4.897,46.712,1.715,8.327,0.000,35.998,0,838.789
142.000,4,48.696,5.141,44.325,1.429,3.995,0.000,74.528,0,682.669
143.000,4,46.382,4.743,44.246,1.469,4.048,0.000,69.115,0,933.175
144.000,4,46.815,5.255,41.640,3.855,8.807,0.000,77.526,1,1061.073
145.000,4,43.686,4.692,43.898,2.731,4.938,0.000,22.947,0,1193.294
146.000,4,43.273,5.031,48.875,1.671,7.162,0.000,21.282,0,928.262
147.000,4,38.314,5.096,44.672,1.555,5.575,0.000,21.127,0,974.777
148.000,4,41.730,5.012,41.712,1.839,7.342,0.000,52.965,0,774.135
149.000,4,51.527,4.894,45.734,2.019,6.794,0.000,17.114,0,869.045
150.000,4,47.972,5.204,43.198,1.971,2.496,0.000,43.920,0,1020.465
151.000,4,42.693,4.950,44.061,1.596,5.532,0.000,75.447,1,1114.773
152.000,4,46.354,5.029,45.620,2.362,6.500,0.000,68.209,0,1041.490
153.000,4,48.769,4.693,45.780,1.545,7.140,0.000,71.695,0,662.319
154.000,4,48.540,5.009,45.500,1.931,3.205,0.000,53.576,0,941.150
155.000,4,46.413,5.063,47.212,1.982,4.904,0.000,50.841,0,830.811
156.000,4,41.162,4.946,41.599,1.536,4.435,0.000,65.697,0,759.896
157.000,4,40.795,4.746,42.042,2.486,7.036,0.000,67.343,1,831.337
158.000,4,52.001,5.235,47.979,1.269,4.942,0.000,50.104,1,905.168
159.000,4,50.763,4.929,46.868,3.122,7.646,0.000,58.796,0,1097.360
160.000,4,39.009,5.101,44.209,1.649,5.307,0.000,75.352,0,1127.248
161.000,4,37.741,5.000,43.651,1.195,3.270,0.000,17.733,1,1080.658
162.000,4,48.359,4.928,43.106,2.119,2.180,0.000,71.011,1,1119.951
163.000,4,39.513,5.138,39.228,1.781,5.124,0.000,52.407,0,1287.062
164.000,4,42.571,4.985,44.440,1.685,5.054,0.000,55.214,1,929.613
165.000,4,43.295,5.174,44.184,1.460,6.145,0.000,15.535,1,803.424
166.000,4,44.622,5.048,42.980,2.137,4.440,0.000,19.611,0,991.920
167.000,4,43.354,4.968,43.481,1.424,7.770,0.000,68.812,0,1131.767
168.000,4,40.543,5.001,42.426,1.712,6.409,0.000,51.616,0,1046.492
169.000,4,42.630,4.679,42.594,1.553,3.618,0.000,12.557,0,1079.670
170.000,4,46.844,5.059,43.827,1.529,7.644,0.000,60.380,0,1089.054
171.000,4,46.892,4.857,43.796,1.596,4.123,0.000,25.675,0,664.172
172.000,4,43.810,5.053,45.878,1.379,6.118,0.000,77.577,1,935.753
173.000,4,44.132,5.081,46.160,2.031,3.566,0.000,78.535,0,1082.007
174.000,4,37.368,4.940,41.547,2.709,5.723,0.000,26.352,0,1070.216
175.000,4,39.721,4.885,42.531,1.488,7.251,0.000,21.939,0,1090.092
176.000,4,53.296,5.170,45.443,1.409,4.217,0.000,78.385,0,824.588
177.000,4,46.622,4.960,44.552,1.637,5.528,0.000,72.438,0,711.540
178.000,4,37.176,5.032,41.681,1.382,4.772,0.000,75.990,0,1085.032
179.000,4,47.512,4.810,46.301,2.404,1.668,0.000,12.697,0,981.091
180.000,4,47.018,4.558,44.219,2.354,9.568,0.000,68.436,0,1047.051
181.000,4,49.610,4.970,44.558,2.102,5.771,0.000,68.063,1,1095.429
182.000,4,51.106,5.166,42.392,2.805,7.226,0.000,12.022,0,920.049
183.000,4,40.461,4.986,45.235,1.753,6.487,0.000,18.043,0,1166.225
184.000,4,45.638,5.097,42.293,1.671,6.745,0.000,43.913,1,859.007
185.000,4,39.810,4.915,43.885,1.770,6.567,0.000,11.636,0,1002.844
186.000,4,44.040,5.078,47.335,1.549,4.989,0.000,25.102,0,1320.780
187.000,4,44.479,5.012,38.710,1.910,4.877,0.000,16.324,0,769.406
188.000,4,52.369,4.907,43.252,3.287,9.319,0.000,53.325,0,902.890
189.000,4,45.595,4.910,48.334,1.431,5.538,0.000,47.344,0,1216.584
190.000,4,40.926,4.651,44.886,2.202,4.512,15.144,62.569,1,876.713
191.000,4,40.131,5.043,41.177,1.301,6.382,0.000,59.313,0,1040.709
192.000,4,43.400,5.293,43.184,2.281,4.631,0.000,15.091,0,969.170
193.000,4,46.386,5.137,44.496,1.305,5.159,0.000,72.531,0,951.715
194.000,4,48.587,5.062,46.440,1.594,3.567,0.000,74.039,0,1100.274
195.000,4,46.446,5.010,46.864,1.439,5.096,0.000,40.166,0,1272.756
196.000,4,47.035,4.940,47.005,2.772,8.701,0.000,55.165,0,1042.430
197.000,4,46.842,5.018,38.801,2.652,6.319,0.000,23.905,0,1031.094
198.000,4,37.525,5.080,49.796,1.429,4.448,0.000,13.384,0,848.394
199.000,4,40.880,5.116,49.868,1.447,5.018,0.000,67.480,0,1093.153
200.000,4,44.571,4.814,38.650,1.602,4.845,0.000,36.905,0,650.469
201.000,4,51.819,4.932,41.380,1.319,4.264,0.000,64.438,0,1015.892
202.000,4,44.813,4.919,43.143,1.799,8.627,0.000,14.703,0,1139.405
203.000,4,47.071,5.108,43.846,2.346,2.362,0.000,38.792,0,1077.905
204.000,4,40.317,4.921,46.895,1.856,6.456,0.000,27.118,0,810.586
205.000,4,49.303,4.997,40.721,1.575,5.008,0.000,13.876,0,869.987
206.000,4,41.842,5.066,44.960,2.851,6.134,0.000,61.321,0,1200.837
207.000,4,44.845,5.030,40.365,3.036,4.937,0.000,25.399,0,1114.765
208.000,4,34.230,4.882,43.257,1.458,7.777,0.000,73.557,1,1098.732
209.000,4,43.507,5.007,44.316,1.862,6.202,0.000,12.574,0,809.793
210.000,4,48.081,4.971,43.822,4.089,3.741,0.000,58.767,1,944.940
211.000,4,43.278,5.091,43.862,2.556,4.616,0.000,78.082,0,1252.611
212.000,4,41.975,4.981,41.112,2.069,4.690,0.000,10.732,1,825.547
213.000,4,43.183,5.124,42.459,1.634,7.511,0.000,37.979,0,1168.776
214.000,4,44.940,4.923,42.121,1.542,4.323,0.000,36.265,0,825.769
215.000,4,50.459,4.966,38.306,1.362,6.234,0.000,18.470,0,887.792
216.000,4,44.683,4.823,47.887,2.500,6.085,0.000,55.602,1,1034.032
217.000,4,42.394,4.750,41.191,1.601,5.874,0.850,38.415,0,927.060
218.000,4,42.801,5.229,40.663,4.077,2.960,0.000,59.845,1,811.603
219.000,4,35.008,4.926,44.571,2.097,5.340,0.000,66.213,1,1148.814
220.000,4,42.012,5.005,43.197,1.715,6.922,0.000,60.062,0,842.632
221.000,4,47.475,5.104,47.125,2.688,5.899,0.000,16.076,0,760.103
222.000,4,45.336,5.077,42.989,2.256,7.676,0.000,27.550,0,1010.984
223.000,4,52.004,4.951,42.109,2.070,5.268,0.000,39.065,0,1115.862
224.000,4,40.375,5.016,45.195,3.214,5.562,0.000,43.727,0,1050.996
225.000,4,38.855,5.116,43.924,1.806,6.339,0.000,23.225,0,982.617
226.000,4,48.218,5.028,47.944,1.931,4.337,0.000,72.168,0,1024.702
227.000,4,49.808,5.011,47.276,2.460,5.616,39.348,64.885,0,868.438
228.000,4,51.553,5.115,43.002,2.548,7.977,0.000,76.083,0,940.297
229.000,4,50.288,5.166,44.347,3.673,5.136,0.000,73.031,0,1019.981
230.000,4,39.672,5.111,48.644,1.580,4.568,0.000,15.770,1,1048.900
231.000,4,45.006,5.115,42.583,3.403,7.066,0.000,48.090,0,1015.694
232.000,4,45.333,4.951,37.038,2.114,6.734,0.000,53.882,0,872.416
233.000,4,41.804,4.850,41.458,1.715,4.139,0.000,32.366,1,1146.421
234.000,4,45.630,4.915,42.707,2.880,4.138,0.000,67.902,0,913.075
235.000,4,58.279,5.060,43.694,2.350,4.311,0.000,65.478,1,999.969
236.000,4,47.027,5.212,41.965,4.119,5.677,0.000,41.473,1,991.241
237.000,4,47.867,5.126,43.433,3.086,6.488,0.000,61.770,1,1141.189
238.000,4,38.307,4.908,43.594,2.792,8.457,0.000,73.085,0,760.744
239.000,4,42.023,5.093,42.572,3.430,4.258,0.000,27.749,0,975.204
240.000,4,42.077,5.215,44.074,2.560,5.664,0.000,74.835,0,837.942
241.000,4,44.480,5.156,40.602,2.842,7.434,11.865,13.531,0,828.372
242.000,4,38.478,5.098,41.943,2.158,6.537,0.000,72.651,1,1078.700
243.000,4,52.584,5.092,37.539,2.690,3.896,0.000,41.809,1,860.882
244.000,4,49.782,5.085,46.250,2.435,4.316,0.000,64.973,1,939.656
245.000,4,43.193,5.084,42.385,1.912,9.085,32.299,74.371,1,852.586
246.000,4,42.108,4.948,43.190,1.996,5.898,75.806,15.138,0,920.609
247.000,4,45.489,5.000,40.911,2.489,4.910,0.000,65.628,0,601.416
248.000,4,46.588,4.887,41.227,1.967,7.375,0.000,54.222,0,1040.366
249.000,4,53.399,5.084,45.741,2.579,6.152,0.000,19.072,0,849.393
250.000,4,51.146,5.297,39.996,1.688,4.897,10.264,68.252,1,1065.635
251.000,4,47.915,5.002,41.607,2.814,4.655,0.000,58.542,0,947.393
252.000,4,40.455,4.882,43.320,1.878,7.881,0.000,41.985,0,1040.934
253.000,4,46.042,5.256,43.428,2.087,4.424,0.000,42.191,0,894.444
254.000,4,44.107,5.018,40.333,4.050,3.421,0.000,67.105,0,871.222
255.000,4,45.597,5.099,45.587,2.151,5.326,0.000,47.201,1,1111.372
256.000,4,36.867,5.097,48.465,2.259,6.752,26.642,11.819,0,1221.523
257.000,4,45.813,5.269,40.630,2.815,4.828,0.000,24.492,0,811.321
258.000,4,49.795,5.145,39.770,2.487,7.676,4.472,50.405,0,1014.363
259.000,4,47.887,5.087,41.415,1.881,6.369,0.000,20.000,1,730.076
260.000,4,37.208,4.951,43.157,2.635,6.884,46.864,41.322,1,765.010
261.000,4,46.084,4.951,43.531,2.605,4.867,0.000,24.407,0,951.047
262.000,4,45.384,5.170,41.615,1.680,6.158,7.442,66.451,1,1183.898
263.000,4,44.583,5.035,43.873,2.283,3.737,0.000,26.957,0,863.698
264.000,4,48.839,5.123,37.971,1.858,5.867,0.000,71.286,1,1167.090
265.000,4,42.694,5.128,40.295,2.117,8.036,0.000,22.835,0,988.930
266.000,4,46.259,5.155,41.025,2.954,7.189,0.000,54.070,0,967.851
267.000,4,43.956,4.914,45.299,2.039,4.319,0.000,35.643,1,808.104
268.000,4,41.151,5.160,39.824,2.313,8.289,0.000,48.169,1,1025.962
269.000,4,47.348,5.061,38.413,2.605,6.070,113.969,35.665,0,976.342
270.000,4,53.248,5.270,40.148,3.191,4.691,0.000,10.348,1,1030.581
271.000,4,41.853,5.103,39.141,3.433,6.204,0.000,49.108,1,789.932
272.000,4,47.864,4.956,42.475,1.607,8.549,0.000,79.083,1,1023.020
273.000,4,45.124,5.011,41.163,1.738,2.962,0.000,61.055,0,777.551
274.000,4,44.769,5.232,45.556,1.776,6.002,17.874,76.171,0,849.749
275.000,4,44.278,4.912,40.685,2.423,3.979,0.000,12.567,0,844.279
276.000,4,47.886,4.907,47.560,1.571,6.881,0.000,32.616,1,999.477
277.000,4,46.797,5.019,43.034,1.751,4.626,102.810,79.898,0,954.550
278.000,4,45.223,4.833,46.316,2.589,6.146,0.000,35.347,0,736.291
279.000,4,44.385,4.897,43.621,3.307,7.126,0.000,75.857,0,1085.585
280.000,4,37.082,4.895,42.221,1.621,4.966,0.000,29.847,0,791.291
281.000,4,42.265,4.924,45.286,2.309,4.673,110.887,46.783,0,1270.992
282.000,4,37.740,5.150,41.883,2.872,2.371,0.000,42.818,0,898.596
283.000,4,50.991,5.047,44.020,1.807,7.516,19.204,54.910,0,954.971
284.000,4,44.659,5.022,43.224,2.268,7.077,123.100,76.495,0,759.173
285.000,4,39.949,5.068,41.668,2.287,5.275,32.539,61.572,0,925.249
286.000,4,49.170,4.949,41.461,3.598,5.558,53.710,70.995,0,872.381
287.000,4,43.864,5.007,46.236,4.018,6.165,0.000,24.169,0,836.892
288.000,4,47.781,5.093,42.512,2.903,7.000,74.026,37.541,0,1033.004
289.000,4,40.471,5.051,41.701,1.779,4.757,0.000,29.025,0,1000.532
290.000,4,42.608,4.983,42.889,1.719,7.966,0.000,20.765,1,852.567
291.000,4,48.981,5.278,41.085,2.252,3.501,0.000,51.637,0,1116.769
292.000,4,43.789,5.453,40.727,2.683,6.180,0.000,45.782,1,708.234
293.000,4,41.080,4.807,42.545,3.565,8.959,0.000,10.581,1,1044.786
294.000,4,52.385,5.021,44.657,3.026,3.525,0.000,42.356,0,765.824
295.000,4,41.437,5.090,39.114,3.086,6.310,0.000,56.258,0,689.151
296.000,4,54.645,4.906,41.679,2.379,5.375,0.000,23.164,0,886.740
297.000,4,48.528,4.894,46.936,1.891,7.358,0.000,28.446,0,909.842
298.000,4,41.379,5.070,44.106,1.753,6.286,0.000,16.169,0,636.098
299.000,4,48.351,5.012,41.423,1.625,5.820,8.853,40.405,0,839.709
300.000,4,40.753,5.088,36.260,2.608,6.630,0.000,51.093,0,770.625
301.000,4,49.498,4.923,45.383,1.902,6.725,22.951,49.967,0,718.128
302.000,4,50.178,4.981,41.217,2.857,9.785,0.000,68.064,0,954.680
303.000,4,51.331,5.098,42.350,2.578,6.969,0.000,44.947,1,948.490
304.000,4,45.137,4.864,41.013,1.796,8.022,0.000,76.519,0,956.981
305.000,4,46.033,5.129,42.346,1.744,5.550,29.133,66.208,0,967.463
306.000,4,49.464,5.109,39.457,1.715,5.623,0.000,75.494,0,702.031
307.000,4,33.909,5.254,47.008,3.159,5.453,0.000,12.405,0,874.487
308.000,4,50.712,5.276,45.616,1.989,6.186,0.000,50.610,0,822.542
309.000,4,43.555,4.960,44.371,2.061,6.616,0.000,20.810,1,1042.396
310.000,4,51.852,5.073,47.537,2.053,4.488,0.000,79.777,0,948.909
311.000,4,39.770,4.970,41.616,1.812,7.734,0.000,25.727,0,1100.439
312.000,4,49.570,5.123,42.006,2.339,6.395,0.000,48.712,0,638.225
313.000,4,49.384,4.907,40.768,1.898,6.841,44.828,77.011,0,1120.663
314.000,4,43.026,4.898,43.594,1.811,7.624,7.201,41.972,0,1101.491
315.000,4,48.364,4.913,41.776,1.877,3.894,157.373,10.774,0,826.956
316.000,4,37.462,5.173,40.601,3.725,5.662,11.700,21.947,0,762.489
317.000,4,45.248,5.111,43.033,2.910,7.091,0.000,15.258,0,954.852
318.000,4,46.360,4.842,44.754,1.861,7.467,10.794,79.505,0,647.311
319.000,4,38.600,5.022,40.239,1.966,5.160,0.000,25.705,1,834.753
320.000,4,41.196,5.074,43.329,1.813,5.678,0.000,76.029,0,776.953
321.000,4,47.300,4.939,40.102,3.606,5.518,0.000,23.491,0,724.590
322.000,4,37.572,5.109,39.319,1.982,5.937,0.000,13.856,0,869.350
323.000,4,47.491,5.225,43.064,1.755,5.280,0.000,53.759,0,920.469
324.000,4,49.884,5.004,43.498,1.911,5.894,94.217,59.972,0,922.374
325.000,4,41.044,5.067,38.789,1.710,5.807,0.000,79.645,0,696.728
326.000,4,41.366,5.357,42.264,3.022,6.029,0.000,72.515,0,773.141
327.000,4,49.985,5.091,41.697,2.983,5.804,149.574,21.426,0,927.527
328.000,4,44.940,4.969,45.347,2.768,8.288,0.000,13.075,0,895.667
329.000,4,47.330,5.228,45.566,2.034,6.341,0.000,74.309,0,880.692
330.000,4,47.317,5.140,43.140,2.449,8.069,0.000,68.193,0,958.863
331.000,4,43.213,4.975,42.964,2.555,5.561,0.000,62.962,1,968.316
332.000,4,41.820,5.025,43.649,2.864,9.249,0.000,35.525,0,760.531
333.000,4,41.584,5.034,43.572,1.854,4.069,0.000,66.473,1,1051.657
334.000,4,50.747,5.090,45.121,2.136,6.683,112.537,21.315,0,1122.936
335.000,4,46.739,5.101,40.219,2.462,5.753,0.000,27.300,0,786.429
336.000,4,43.927,4.900,44.496,2.688,5.934,174.899,45.615,0,774.137
337.000,4,48.096,4.863,45.446,3.011,7.368,50.983,34.944,0,780.252
338.000,4,42.962,4.876,41.962,2.481,7.346,50.544,46.907,0,893.641
339.000,4,48.689,5.149,41.794,3.171,6.165,2.913,42.514,1,813.867
340.000,4,46.569,5.189,38.980,2.184,4.781,113.170,69.334,0,1102.798
341.000,4,43.849,4.989,39.481,1.984,6.202,0.000,24.961,1,1004.530
342.000,4,48.019,4.836,46.423,2.690,6.067,0.000,33.594,1,799.273
343.000,4,52.208,4.888,45.639,2.980,7.433,57.047,63.164,0,671.373
344.000,4,44.248,4.870,40.845,2.602,3.556,179.075,14.107,1,879.176
345.000,4,41.331,5.048,38.061,3.854,8.360,0.000,40.415,0,816.001
346.000,4,47.477,5.153,44.400,2.579,5.487,0.000,48.978,0,791.112
347.000,4,52.946,4.736,43.275,2.576,7.073,0.000,29.227,0,970.934
348.000,4,57.247,5.212,43.927,3.005,6.489,166.682,56.687,0,813.522
349.000,4,39.547,4.897,41.228,3.338,5.443,0.000,19.924,0,872.256
350.000,4,45.674,5.182,37.311,2.917,1.511,116.521,68.603,0,929.858
351.000,4,41.161,5.039,40.093,3.034,8.113,0.000,75.522,0,756.689
352.000,4,42.724,4.814,42.874,1.836,3.878,115.613,10.813,0,996.995
353.000,4,53.308,5.087,45.722,3.541,5.001,0.000,61.218,0,1021.892
354.000,4,45.315,5.393,41.972,3.014,6.076,0.000,17.310,1,639.046
355.000,4,38.814,5.151,42.469,1.822,5.934,0.000,63.039,0,911.940
356.000,4,40.490,5.138,36.968,1.923,7.200,40.707,30.431,0,765.827
357.000,4,38.554,5.259,42.729,2.498,8.079,1.993,43.583,1,595.156
358.000,4,47.411,5.084,42.548,2.080,9.204,0.000,70.218,0,887.490
359.000,4,44.040,4.969,38.440,2.842,6.055,0.000,39.042,0,748.864
360.000,4,53.194,5.152,38.737,2.189,5.469,0.000,71.794,1,786.457
361.000,4,48.040,5.050,42.085,2.794,8.258,0.000,32.538,0,850.505
362.000,4,42.592,5.021,36.580,2.410,7.238,153.371,50.400,0,569.856
363.000,4,44.627,4.572,41.645,2.811,3.968,198.878,56.008,0,1188.302
364.000,4,45.096,4.850,40.497,3.269,5.328,142.009,10.968,0,893.115
365.000,4,50.078,4.962,39.872,1.971,5.746,0.000,18.355,0,884.700
366.000,4,43.649,5.101,39.548,2.188,5.474,0.000,44.397,0,1162.133
367.000,4,50.005,5.006,44.199,2.240,5.729,198.064,73.002,1,682.034
368.000,4,39.682,5.133,37.268,3.696,8.414,0.000,41.147,0,931.353
369.000,4,48.961,4.728,43.927,3.045,5.695,0.000,28.276,0,626.104
370.000,4,47.869,5.006,42.790,2.348,5.667,63.503,35.325,0,966.023
371.000,4,45.189,5.011,42.587,3.037,9.878,0.000,47.667,0,982.501
372.000,4,35.285,5.167,44.660,3.339,6.470,0.000,56.470,0,803.212
373.000,4,39.803,4.769,44.970,1.917,6.965,0.000,41.628,1,788.568
374.000,4,47.096,5.228,41.481,2.745,7.636,13.219,38.414,0,1025.366
375.000,4,38.696,4.971,42.655,3.532,6.374,222.235,76.457,1,906.888
376.000,4,42.870,5.052,39.510,2.097,5.487,113.187,10.169,0,656.319
377.000,4,52.454,5.152,45.418,2.223,5.440,0.000,76.040,0,943.193
378.000,4,48.403,4.746,44.267,2.638,5.885,200.266,70.854,0,891.477
379.000,4,44.528,5.058,40.914,2.667,8.739,0.000,44.374,0,876.677
380.000,4,34.872,5.208,44.493,2.224,7.527,0.000,57.543,0,634.408
381.000,4,46.042,5.023,41.213,3.248,6.898,0.000,71.878,1,802.918
382.000,4,42.774,4.895,37.562,2.420,7.212,0.000,22.185,0,635.306
383.000,4,48.756,5.083,41.131,1.994,7.778,198.024,46.393,1,791.191
384.000,4,45.209,5.015,42.053,2.790,6.984,0.000,72.084,0,690.761
385.000,4,46.877,4.883,39.730,2.545,6.359,0.000,30.300,0,657.804
386.000,4,40.913,5.100,45.685,2.078,6.042,0.000,43.541,0,695.438
387.000,4,43.560,5.070,38.915,2.388,6.262,0.000,36.321,0,873.932
388.000,4,43.984,4.739,32.637,3.659,5.002,0.000,17.842,1,720.326
389.000,4,41.631,4.910,41.360,2.014,4.757,105.776,22.456,1,919.479
390.000,4,50.278,4.964,41.712,2.058,6.093,182.800,65.214,0,1073.989
391.000,4,39.502,4.943,41.158,2.018,7.318,0.000,30.749,0,973.224
392.000,4,51.763,4.872,43.503,3.030,6.469,0.000,49.374,0,922.033
393.000,4,41.656,5.102,41.550,2.342,7.603,115.695,28.253,1,944.178
394.000,4,39.279,5.071,43.210,2.698,7.534,93.242,13.938,0,959.614
395.000,4,44.532,5.089,39.865,2.377,4.698,0.000,35.657,0,810.113
396.000,4,44.908,5.008,43.399,2.362,8.437,0.000,42.455,0,889.183
397.000,4,47.445,4.895,42.330,2.996,5.764,17.878,15.949,0,795.533
398.000,4,36.012,5.048,42.835,3.576,3.807,68.079,47.252,1,809.083
399.000,4,47.799,5.001,37.583,2.071,6.551,0.000,79.607,0,904.755
400.000,4,42.187,4.812,43.477,2.274,9.216,0.000,33.753,0,666.320
401.000,4,41.329,4.763,42.043,2.548,7.631,0.000,77.558,0,686.022
402.000,4,45.496,4.973,43.715,1.952,3.186,0.000,18.090,0,670.989
403.000,4,40.573,5.027,38.374,1.927,6.980,127.120,62.755,0,652.385
404.000,4,45.940,5.037,47.144,2.348,5.572,0.000,22.321,1,1102.022
405.000,4,39.287,5.162,41.469,2.181,5.487,26.014,33.265,0,716.913
406.000,4,44.766,4.972,39.218,2.861,6.512,112.292,65.116,0,763.862
407.000,4,42.540,5.086,37.950,2.998,4.878,116.167,35.718,0,849.235
408.000,4,47.209,4.867,42.198,2.373,5.965,0.000,75.353,1,994.318
409.000,4,37.322,5.201,38.009,2.552,5.803,0.000,68.012,0,569.768
410.000,4,52.183,4.987,40.019,2.272,5.397,0.000,21.692,0,827.604
411.000,4,47.654,5.019,39.846,2.864,7.285,77.116,52.574,0,834.458
412.000,4,44.917,4.901,43.373,3.514,5.610,69.552,22.052,1,649.926
413.000,4,50.106,4.960,41.039,2.548,6.343,236.137,52.821,0,987.311
414.000,4,47.533,4.942,42.640,3.215,5.069,0.000,32.953,0,933.007
415.000,4,41.969,5.034,40.675,2.321,5.943,0.000,29.392,1,846.611
416.000,4,44.641,4.961,39.365,3.666,5.032,0.000,26.395,0,986.896
417.000,4,52.381,4.853,38.670,2.962,6.603,0.000,65.331,1,550.391
418.000,4,53.080,4.909,43.386,2.616,7.569,206.953,44.421,0,812.946
419.000,4,47.682,4.866,43.686,2.142,9.323,74.022,26.804,1,915.176
420.000,4,45.620,5.002,42.984,3.317,5.099,0.000,70.763,0,621.011
421.000,4,44.331,4.674,41.875,2.014,11.301,0.000,11.269,1,893.123
422.000,4,46.478,5.045,38.719,2.817,5.902,0.000,38.299,0,591.885
423.000,4,43.233,5.095,41.745,2.320,7.537,193.436,61.521,0,929.056
424.000,4,44.548,5.246,38.229,2.235,5.049,101.544,44.650,0,798.987
425.000,4,39.718,4.797,42.170,2.048,8.078,0.000,69.184,1,811.567
426.000,4,40.869,5.138,38.780,2.900,6.024,0.000,68.062,0,767.116
427.000,4,38.454,5.064,43.048,2.131,7.127,182.894,24.649,0,878.460
428.000,4,42.210,4.892,42.534,4.702,9.217,0.000,39.897,1,817.540
429.000,4,46.754,5.318,39.948,2.797,5.029,21.189,10.109,0,775.207
430.000,4,49.635,5.146,41.749,2.272,6.749,174.945,72.034,0,789.489
431.000,4,42.855,4.965,41.960,2.662,7.588,182.865,32.626,1,912.378
432.000,4,49.479,5.149,36.228,2.945,5.552,151.173,76.331,0,741.809
433.000,4,43.230,4.988,39.424,2.145,6.798,0.000,63.403,0,818.514
434.000,4,50.837,4.910,38.456,2.222,8.216,0.000,13.298,0,1084.052
435.000,4,42.164,5.224,41.869,2.260,7.044,134.541,62.642,0,920.847
436.000,4,51.462,5.097,39.348,2.227,8.927,28.364,56.946,0,969.601
437.000,4,49.490,5.105,38.383,2.422,5.374,213.316,63.377,1,971.852
438.000,4,48.920,4.881,40.380,2.017,6.880,44.727,71.649,0,787.706
439.000,4,43.848,5.265,37.674,2.890,5.507,249.971,63.473,0,982.486
440.000,4,58.838,4.805,39.940,2.584,7.134,194.592,14.182,0,804.505
441.000,4,34.455,5.184,39.231,2.895,6.336,0.000,62.454,1,638.018
442.000,4,43.668,4.980,43.463,3.033,8.263,188.995,72.940,0,1040.692
443.000,4,46.665,4.676,42.151,4.129,6.364,79.436,64.385,1,792.323
444.000,4,49.431,5.213,42.257,2.703,6.293,148.930,20.200,0,740.987
445.000,4,49.599,5.028,40.653,2.466,6.666,0.000,55.691,1,567.446
446.000,4,45.696,4.759,37.865,4.880,8.275,0.000,42.795,1,792.350
447.000,4,37.980,4.972,41.509,2.372,9.404,260.441,65.005,0,942.394
448.000,4,53.036,5.185,41.907,2.497,5.743,57.996,39.257,1,976.980
449.000,4,51.895,4.922,40.160,2.935,6.141,264.115,66.053,0,523.746
450.000,4,44.303,4.951,40.641,2.209,10.143,0.000,37.720,0,684.840
451.000,4,40.445,5.026,39.063,2.289,6.890,174.229,21.067,0,1028.067
452.000,4,45.378,5.186,37.981,2.950,7.058,0.000,60.440,1,642.357
453.000,4,49.860,5.043,39.310,3.532,7.164,159.725,40.781,1,824.341
454.000,4,48.281,5.236,41.469,2.418,7.832,0.000,36.447,0,492.219
455.000,4,41.920,4.894,39.133,3.361,6.825,129.017,78.714,0,868.573
456.000,4,42.206,4.943,39.220,2.551,6.650,0.000,14.948,0,893.382
457.000,4,42.000,5.048,41.121,2.613,6.869,154.499,33.169,0,856.948
458.000,4,43.781,5.403,38.822,2.865,8.052,211.383,13.888,0,903.844
459.000,4,41.076,4.886,43.201,2.495,7.943,84.511,57.830,0,1118.425
460.000,4,41.518,5.106,43.111,2.358,8.758,59.718,18.213,0,807.552
461.000,4,38.388,4.688,41.566,2.738,7.210,130.232,38.638,0,1053.056
462.000,4,43.159,5.289,40.662,2.705,5.701,0.000,67.505,1,710.530
463.000,4,51.433,5.042,43.923,2.979,7.172,54.272,34.797,0,814.419
464.000,4,48.585,4.746,37.230,4.042,9.113,58.701,67.137,0,546.386
465.000,4,40.219,4.913,40.899,2.636,6.005,156.917,57.498,1,779.926
466.000,4,48.456,5.133,40.683,3.381,6.334,231.556,72.857,0,939.126
467.000,4,40.651,5.009,40.405,2.423,6.958,59.711,47.325,0,659.451
468.000,4,42.222,4.915,39.456,3.621,8.910,0.000,33.318,0,891.597
469.000,4,47.362,4.885,37.913,3.340,6.091,194.087,62.677,1,603.740
470.000,4,47.380,4.974,42.975,3.775,5.160,67.926,62.875,0,571.931
471.000,4,52.796,4.953,44.090,2.565,6.682,173.987,48.634,0,626.797
472.000,4,36.184,5.180,39.753,2.390,8.001,230.378,44.982,1,1166.399
473.000,4,45.608,4.620,42.590,2.420,8.472,0.000,16.472,0,955.545
474.000,4,44.437,4.930,44.128,2.652,7.068,203.830,67.693,1,1069.773
475.000,4,42.505,4.774,39.054,2.371,6.614,40.335,40.087,0,542.795
476.000,4,47.260,5.069,39.220,2.267,6.630,150.420,32.067,0,706.177
477.000,4,36.735,5.030,42.218,3.874,8.127,70.207,43.772,0,786.363
478.000,4,39.594,4.902,41.561,2.227,9.197,309.234,17.622,0,852.479
479.000,4,40.291,5.064,37.787,3.845,8.822,216.612,44.314,0,755.401
480.000,4,52.377,5.015,38.284,2.619,7.550,14.438,66.811,1,751.331
481.000,4,43.468,5.034,38.787,2.757,7.727,0.000,15.881,0,1050.090
482.000,4,44.319,4.828,39.694,2.410,6.483,0.000,68.508,0,703.663
483.000,4,51.519,4.994,42.704,3.130,5.937,0.000,43.954,0,850.441
484.000,4,49.764,4.780,38.583,3.710,7.073,279.833,13.194,1,801.606
485.000,4,46.073,4.527,44.050,2.171,4.490,32.496,75.323,0,861.399
486.000,4,49.797,4.842,43.297,2.985,4.504,151.348,77.129,1,656.855
487.000,4,45.523,4.961,40.519,2.967,4.552,0.000,26.325,0,601.957
488.000,4,44.642,5.187,43.590,3.979,5.731,0.000,59.176,1,674.446
489.000,4,33.177,5.405,40.093,3.244,6.448,0.000,12.610,0,519.601
490.000,4,49.447,4.937,39.924,2.513,8.902,114.811,46.556,0,586.015
491.000,4,39.241,5.148,44.309,3.339,8.403,126.587,54.730,0,755.316
492.000,4,47.921,4.958,41.021,4.072,5.943,0.000,53.337,0,1043.648
493.000,4,38.796,4.702,42.391,3.407,5.508,33.423,37.407,0,708.743
494.000,4,49.068,5.118,36.763,2.879,7.119,89.781,71.149,0,518.054
495.000,4,50.970,4.986,39.815,3.052,4.545,101.280,53.362,0,1034.339
496.000,4,45.846,4.916,36.915,3.774,4.349,145.441,30.209,1,600.547
497.000,4,49.543,5.030,40.164,3.794,5.897,0.000,59.203,1,684.148
498.000,4,51.555,5.183,43.508,3.114,5.207,0.000,25.413,0,912.306
499.000,4,36.495,5.173,38.160,5.271,8.336,308.699,76.548,1,519.546
500.000,4,50.667,4.832,45.091,3.369,6.730,0.000,72.598,0,1078.784
501.000,4,45.867,5.089,44.985,2.559,5.209,333.676,61.751,0,578.769
502.000,4,45.269,5.084,39.123,2.458,6.433,0.000,18.440,0,711.235
503.000,4,53.649,5.062,37.380,3.349,7.472,237.194,24.723,1,659.968
504.000,4,41.096,4.978,44.136,3.583,5.590,0.000,62.481,0,1071.069
505.000,4,42.622,4.895,40.561,3.765,6.692,322.435,60.612,0,1004.877
506.000,4,40.918,4.870,38.953,2.404,7.010,110.393,47.270,0,896.758
507.000,4,39.351,4.918,41.502,2.537,5.833,185.737,69.953,0,858.947
508.000,4,44.880,4.767,34.811,2.694,5.811,197.973,64.853,1,748.806
509.000,4,42.886,4.974,41.581,4.253,5.015,0.000,65.461,1,979.190
510.000,4,43.167,4.910,40.307,2.923,3.999,201.802,59.008,0,818.275
511.000,4,46.016,4.643,42.496,3.864,6.344,0.000,64.079,0,548.772
512.000,4,44.607,5.000,38.236,2.607,6.672,258.562,25.902,0,698.668
513.000,4,40.873,5.262,39.441,3.046,6.051,0.000,55.983,1,807.433
514.000,4,40.076,4.711,38.390,2.387,7.708,279.053,26.285,0,808.955
515.000,4,53.491,5.081,35.292,3.484,9.275,0.000,58.324,0,772.555
516.000,4,49.823,5.046,37.626,3.459,9.607,0.000,42.908,0,1107.896
517.000,4,44.793,4.955,37.149,3.498,7.524,219.447,16.621,0,811.240
518.000,4,34.561,5.121,39.378,4.229,5.864,305.074,61.858,1,476.578
519.000,4,38.040,4.808,37.944,3.779,6.368,13.736,66.107,1,867.482
520.000,4,30.480,5.040,40.983,3.737,5.488,174.113,66.840,0,535.269
521.000,4,42.469,4.886,39.768,2.596,4.319,24.823,63.596,1,798.878
522.000,4,41.197,5.136,40.648,2.441,7.377,136.909,73.230,0,1026.412
523.000,4,49.981,5.114,41.436,3.777,6.533,317.075,18.416,1,552.741
524.000,4,45.623,4.988,40.868,2.579,5.239,153.559,32.143,0,627.087
525.000,4,43.523,4.808,41.842,3.650,9.183,0.000,28.013,0,692.546
526.000,4,45.757,5.187,37.862,2.509,4.680,112.832,43.891,1,814.035
527.000,4,42.795,4.718,41.737,3.080,6.887,133.684,12.163,1,771.796
528.000,4,39.979,5.011,39.814,2.922,8.551,369.082,56.734,0,1065.027
529.000,4,41.307,4.959,40.712,2.638,7.365,0.000,23.862,0,831.828
530.000,4,40.373,5.233,38.194,2.542,7.711,21.924,55.142,1,1035.643
531.000,4,40.750,4.899,39.786,3.017,5.486,0.000,45.047,0,773.911
532.000,4,40.138,4.864,40.234,4.247,5.845,278.543,46.791,1,777.716
533.000,4,48.740,4.841,40.146,2.415,7.749,0.000,42.078,0,875.905
534.000,4,48.126,4.870,39.797,2.743,7.775,0.000,44.324,1,649.015
535.000,4,43.723,5.086,44.517,2.385,8.213,0.000,20.114,0,746.019
536.000,4,45.422,5.085,38.295,4.229,7.953,0.000,39.539,0,742.542
537.000,4,43.107,5.027,39.246,3.245,5.614,0.000,40.823,1,668.101
538.000,4,44.578,5.023,44.498,3.559,6.199,333.353,53.836,0,806.805
539.000,4,34.510,5.110,37.996,3.459,6.484,386.195,70.495,0,554.080
540.000,4,41.562,5.155,36.730,3.281,6.178,150.916,55.054,1,909.429
541.000,4,42.023,5.012,41.941,2.327,4.796,388.314,29.534,0,676.827
542.000,4,38.611,5.113,43.535,2.480,7.879,0.000,38.756,0,887.035
543.000,4,50.397,4.838,41.708,2.752,7.938,222.085,28.555,0,821.933
544.000,4,51.305,4.949,37.807,3.250,8.299,157.351,23.570,0,611.940
545.000,4,46.680,4.787,38.370,2.998,4.742,82.856,69.974,0,766.445
546.000,4,51.801,4.801,35.320,5.479,8.604,0.000,23.438,1,711.934
547.000,4,40.482,4.997,38.862,2.507,8.952,231.576,72.622,0,883.902
548.000,4,43.377,5.294,34.528,2.805,5.594,306.745,50.915,0,608.730
549.000,4,42.036,4.861,42.324,4.842,5.308,305.910,59.892,1,601.015
550.000,4,51.921,5.059,42.547,2.383,8.636,276.063,52.954,0,640.603
551.000,4,44.243,5.008,37.177,2.983,4.984,0.000,79.558,0,711.624
552.000,4,45.727,4.788,38.270,2.734,6.914,241.844,24.355,0,568.780
553.000,4,43.379,5.262,41.332,2.579,2.531,173.009,53.283,1,637.929
554.000,4,38.545,5.122,41.280,3.386,4.235,398.586,55.032,0,613.367
555.000,4,47.817,4.964,40.339,3.429,7.185,0.000,67.755,0,919.545
556.000,4,37.648,4.832,40.395,3.157,7.941,42.187,53.606,0,859.365
557.000,4,46.170,5.168,38.772,2.709,7.812,175.474,69.305,1,847.545
558.000,4,45.910,5.201,40.938,3.074,6.256,214.880,47.008,0,566.187
559.000,4,53.491,5.052,44.434,2.458,6.352,351.523,57.826,1,957.943
560.000,4,39.930,4.854,37.182,3.107,4.755,0.000,48.508,0,899.550
561.000,4,43.690,5.015,41.954,2.987,6.280,388.036,18.628,0,588.376
562.000,4,44.666,4.747,39.251,2.929,7.046,397.886,56.798,0,607.103
563.000,4,41.276,4.905,43.386,3.757,7.958,0.000,47.200,0,647.696
564.000,4,43.413,5.220,38.717,2.665,6.886,143.192,36.925,1,750.858
565.000,4,42.284,5.023,38.128,3.439,7.200,181.578,37.858,0,723.971
566.000,4,47.776,4.791,44.434,3.885,5.601,43.288,20.289,1,590.724
567.000,4,44.001,4.719,38.409,3.989,8.157,370.430,77.363,1,503.658
568.000,4,46.345,4.713,39.965,2.691,5.406,279.093,25.541,0,1146.398
569.000,4,50.160,5.044,41.215,2.853,6.030,294.820,47.097,1,471.867
570.000,4,40.484,5.121,43.224,3.807,5.757,70.311,58.328,1,555.473
571.000,4,50.464,4.812,41.271,2.622,6.395,66.730,67.675,0,1021.371
572.000,4,39.904,5.115,40.061,3.594,7.386,173.997,37.030,0,569.093
573.000,4,46.115,5.135,36.185,3.582,6.533,226.024,51.764,1,569.322
574.000,4,46.326,4.943,36.686,3.807,8.258,0.000,29.787,1,510.007
575.000,4,47.138,4.780,41.973,2.937,7.622,0.000,25.665,1,491.432
576.000,4,38.440,5.076,39.987,3.222,8.748,258.032,42.110,0,1059.711
577.000,4,41.907,5.099,44.124,3.399,6.346,209.713,24.264,1,912.339
578.000,4,48.925,4.981,43.645,2.639,9.515,70.337,33.044,0,741.315
579.000,4,48.761,4.765,36.609,3.272,7.811,222.514,61.704,0,661.268
580.000,4,44.451,5.146,39.850,2.723,7.330,0.000,79.109,0,915.226
581.000,4,41.859,5.008,40.681,3.243,8.624,252.228,50.867,0,917.465
582.000,4,42.802,5.386,41.696,3.724,10.798,31.031,23.890,1,697.907
583.000,4,50.372,5.217,39.416,2.555,5.024,47.707,37.652,1,584.579
584.000,4,38.089,4.926,37.715,2.997,3.592,0.000,70.968,1,525.622
585.000,4,45.558,4.957,35.592,2.661,8.161,412.538,10.209,1,482.249
586.000,4,50.343,4.852,41.214,2.703,5.587,0.000,13.505,0,832.116
587.000,4,51.422,5.045,39.953,3.329,5.936,34.075,34.600,0,877.794
588.000,4,41.278,4.840,37.200,4.210,5.742,0.000,43.120,1,506.558
589.000,4,42.956,4.904,36.061,2.944,7.612,48.805,78.871,1,1180.308
590.000,4,43.010,4.957,37.799,2.764,8.445,125.390,49.903,0,735.926
591.000,4,41.690,4.803,42.736,3.754,6.368,176.622,50.352,1,786.820
592.000,4,36.910,4.948,42.252,3.197,3.614,45.564,46.220,0,871.168
593.000,4,39.871,5.081,39.893,3.158,9.277,97.907,22.583,1,758.962
594.000,4,50.135,5.212,35.307,3.960,10.861,0.000,43.203,1,631.749
595.000,4,47.036,5.040,40.867,2.903,7.805,115.188,78.873,0,664.127
596.000,4,49.842,5.092,40.596,2.501,8.213,16.090,13.315,1,583.653
597.000,4,45.550,4.915,34.159,3.571,8.429,284.440,30.103,1,188.602
598.000,4,51.025,4.791,36.751,4.250,5.328,0.000,25.142,1,784.286
599.000,4,36.462,5.120,37.326,2.865,7.432,231.591,64.842,0,775.407
600.000,4,39.617,4.940,37.274,2.657,6.331,0.000,55.576,0,873.224
601.000,4,34.496,5.033,35.846,2.614,7.154,0.000,15.650,0,913.604
602.000,4,40.167,4.842,36.671,2.626,6.850,356.715,71.411,0,667.656
603.000,4,40.250,4.809,39.441,2.665,6.799,84.061,33.449,0,630.321
604.000,4,48.599,5.215,34.038,4.380,8.312,267.724,27.775,1,610.698
605.000,4,48.896,5.121,39.604,3.330,8.593,164.686,14.011,0,562.775
606.000,4,37.460,5.109,37.967,2.951,7.268,93.763,38.973,0,841.392
607.000,4,44.468,5.097,37.433,3.142,7.006,133.345,33.909,0,596.676
608.000,4,41.925,4.974,41.239,3.243,7.849,418.279,18.539,0,903.923
609.000,4,36.831,5.116,40.808,3.637,4.876,0.000,12.529,0,778.595
610.000,4,46.549,5.215,41.461,3.406,10.639,0.000,34.660,1,654.505
611.000,4,50.809,4.853,38.012,3.456,6.030,0.000,68.260,0,879.408
612.000,4,39.179,4.832,44.894,2.757,6.925,144.889,51.085,0,732.520
613.000,4,40.908,4.859,34.058,2.688,5.480,334.678,40.273,1,592.711
614.000,4,50.742,4.920,35.623,4.272,5.167,25.399,25.504,1,760.087
615.000,4,47.957,5.176,40.986,3.475,4.925,204.749,22.671,0,873.226
616.000,4,39.460,5.039,36.857,3.552,7.143,31.944,75.124,0,479.627
617.000,4,55.813,4.893,36.296,2.669,5.121,437.051,53.185,0,608.915
618.000,4,41.666,5.298,37.388,4.756,9.459,436.566,47.641,0,412.691
619.000,4,49.647,4.938,35.942,3.825,8.355,0.000,48.380,1,640.204
620.000,4,46.620,5.108,37.334,2.630,8.287,45.332,60.370,0,897.657
621.000,4,40.898,4.919,41.857,4.621,6.932,0.000,58.904,1,805.690
622.000,4,43.873,5.184,37.972,3.484,7.405,321.140,14.119,0,589.100
623.000,4,41.960,4.943,39.801,4.921,7.924,318.356,31.810,1,656.416
624.000,4,46.350,5.026,30.785,3.175,6.239,181.415,46.625,1,712.091
625.000,4,43.017,4.864,38.179,3.377,9.743,87.933,25.072,1,576.610
626.000,4,36.648,5.017,38.517,3.095,8.552,102.083,21.866,0,817.294
627.000,4,40.662,5.001,37.958,2.624,8.822,236.524,30.018,1,845.690
628.000,4,48.850,5.070,37.987,2.939,7.811,0.000,17.882,0,653.105
629.000,4,44.264,4.806,42.927,2.588,5.811,14.418,43.313,0,553.581
630.000,4,45.517,4.910,34.388,3.788,5.767,423.134,53.191,1,282.441
631.000,4,49.955,5.272,38.385,3.753,5.170,11.455,68.275,0,794.754
632.000,4,48.230,4.719,35.865,2.837,7.953,158.452,36.576,1,763.595
633.000,4,46.643,4.880,38.935,2.724,7.618,235.657,29.636,0,669.204
634.000,4,45.477,5.240,32.949,3.313,5.182,114.189,76.262,1,657.063
635.000,4,47.997,5.084,36.268,3.825,6.427,69.166,32.994,1,624.450
636.000,4,42.385,5.029,39.902,3.291,6.953,344.517,10.887,0,616.144
637.000,4,48.797,4.778,36.235,3.767,6.785,259.022,23.244,0,613.229
638.000,4,38.771,5.148,36.000,3.484,6.613,0.000,76.978,0,473.637
639.000,4,51.150,5.041,40.904,3.726,6.083,107.820,37.272,0,909.433
640.000,4,49.635,5.016,35.987,3.123,6.565,0.000,78.692,0,744.882
641.000,4,43.009,4.842,37.902,4.252,6.508,368.588,79.234,0,638.960
642.000,4,45.277,4.730,35.067,2.729,7.481,215.983,46.898,1,724.212
643.000,4,49.204,5.110,35.989,3.991,4.642,163.989,65.333,0,598.734
644.000,4,50.099,5.087,36.230,3.551,8.616,302.031,58.170,1,643.386
645.000,4,52.584,5.059,39.303,3.283,9.939,0.000,54.051,0,681.739
646.000,4,47.927,4.794,41.007,2.714,5.812,451.589,57.396,1,402.568
647.000,4,46.336,5.054,44.102,3.555,7.047,128.859,65.035,0,727.534
648.000,4,52.230,4.791,41.232,3.750,6.737,459.454,19.079,0,706.950
649.000,4,40.095,5.018,35.832,3.773,5.534,39.503,74.212,1,608.416
650.000,4,43.263,4.667,36.824,3.417,6.284,0.000,24.065,1,557.072
651.000,4,39.636,4.914,34.016,3.777,8.092,330.101,54.154,1,480.187
652.000,4,43.805,4.902,39.575,4.510,6.203,64.490,57.619,1,627.526
653.000,4,50.818,5.100,33.161,3.140,7.753,245.524,55.149,1,680.799
654.000,4,44.269,5.153,42.717,2.932,6.637,92.843,78.923,0,525.491
655.000,4,52.818,4.763,36.192,3.686,5.704,0.000,12.920,1,859.251
656.000,4,42.030,5.168,39.557,3.273,6.295,357.914,11.775,0,536.823
657.000,4,40.734,4.968,36.536,3.206,5.579,238.615,24.887,0,627.971
658.000,4,47.705,4.973,30.605,4.276,7.313,0.000,19.238,1,327.445
659.000,4,49.410,5.028,36.099,4.082,8.269,169.554,23.982,0,687.140
660.000,4,42.806,5.111,39.985,3.084,7.746,442.327,64.383,0,611.555
661.000,4,44.406,4.953,39.468,4.788,8.017,426.461,31.585,0,676.307
662.000,4,51.232,4.931,35.941,3.477,6.350,400.370,43.667,0,708.032
663.000,4,51.822,4.996,36.731,2.918,9.353,54.314,30.483,1,555.401
664.000,4,45.927,4.816,39.667,3.109,8.042,376.620,18.141,1,407.955
665.000,4,44.269,4.969,36.053,3.374,8.950,347.558,43.086,0,605.604
666.000,4,40.919,4.983,39.668,2.815,6.215,137.057,64.550,0,643.166
667.000,4,35.151,5.033,37.269,3.145,7.355,437.087,60.408,0,761.575
668.000,4,41.654,4.812,39.560,3.342,6.024,443.479,60.280,0,665.175
669.000,4,46.554,4.896,40.298,2.909,6.460,341.337,35.074,0,544.597
670.000,4,45.119,4.943,39.495,4.048,8.095,216.682,76.023,0,553.642
671.000,4,40.810,4.777,36.725,2.958,6.270,410.079,54.092,1,586.797
672.000,4,39.913,5.096,38.841,5.243,7.148,122.414,10.830,0,559.132
673.000,4,40.296,4.825,34.502,3.225,8.020,166.421,35.316,0,421.714
674.000,4,41.997,5.223,36.872,3.445,5.550,306.441,62.378,1,390.284
675.000,4,26.627,5.067,37.401,3.937,6.089,271.043,65.316,1,625.595
676.000,4,41.188,5.022,36.719,4.612,8.698,149.759,16.607,1,650.363
677.000,4,51.694,5.093,38.869,2.895,7.859,440.511,60.368,1,685.234
678.000,4,42.633,4.914,32.648,2.952,5.495,481.755,22.996,0,241.365
679.000,4,45.948,5.268,37.995,4.948,7.798,325.358,10.003,1,424.109
680.000,4,47.059,5.047,36.525,3.057,8.563,55.131,13.332,1,604.222
681.000,4,37.537,4.788,35.638,3.408,9.059,468.393,77.697,0,454.646
682.000,4,51.604,4.892,32.998,2.887,8.003,257.553,28.368,1,532.376
683.000,4,49.591,5.101,41.728,2.964,7.497,211.539,34.699,1,541.709
684.000,4,49.171,4.931,40.244,2.884,5.818,122.937,14.320,0,374.316
685.000,4,42.867,5.022,40.429,4.213,7.250,229.058,67.799,1,628.012
686.000,4,42.687,5.120,35.958,3.490,7.893,279.918,79.460,0,779.872
687.000,4,43.426,5.189,36.477,2.845,5.328,207.789,71.912,0,429.933
688.000,4,48.906,4.816,34.002,4.013,8.270,312.989,78.078,0,325.165
689.000,4,40.911,4.932,37.001,3.053,8.278,299.311,60.942,0,713.790
690.000,4,48.709,4.818,39.692,2.866,8.790,1.393,36.409,1,771.183
691.000,4,51.898,5.134,38.052,2.810,7.184,129.430,24.699,0,704.866
692.000,4,52.898,5.052,39.622,3.228,5.671,220.529,66.976,0,854.932
693.000,4,51.020,4.969,38.836,3.942,5.728,508.646,75.311,0,680.485
694.000,4,42.801,4.838,36.927,3.309,6.592,37.720,11.821,1,648.389
695.000,4,48.878,4.810,39.424,2.890,8.082,179.259,54.344,0,711.999
696.000,4,40.174,5.003,39.055,2.862,8.452,360.687,67.137,1,442.668
697.000,4,36.308,5.006,37.016,3.151,8.098,408.579,33.200,1,606.667
698.000,4,44.228,4.912,37.806,3.442,8.020,307.222,39.089,0,432.563
699.000,4,41.797,5.037,38.581,3.344,6.231,227.608,42.575,0,472.858
700.000,4,40.052,5.057,37.754,3.712,8.236,451.716,53.105,0,584.764
701.000,4,49.529,4.876,39.746,3.656,6.480,10.238,49.844,1,388.094
702.000,4,50.357,4.749,35.802,3.360,6.746,441.756,73.236,1,612.041
703.000,4,42.151,5.087,38.916,2.954,5.226,337.513,28.273,0,761.823
704.000,4,52.911,4.662,33.314,3.024,10.016,372.439,71.028,1,404.746
705.000,4,48.095,4.918,37.299,3.184,5.620,524.667,46.714,0,626.901
706.000,4,35.483,5.081,37.042,4.751,7.943,381.468,40.541,1,633.217
707.000,4,53.014,4.876,39.210,3.465,4.966,132.494,17.372,0,818.932
708.000,4,47.220,4.982,38.209,3.808,6.452,491.896,66.436,1,649.481
709.000,4,44.890,4.844,39.515,4.403,7.440,544.027,54.316,1,335.673
710.000,4,42.937,4.867,37.025,4.474,5.330,61.099,48.875,1,391.808
711.000,4,45.174,5.092,37.796,3.005,5.404,258.278,32.705,0,622.979
712.000,4,43.255,4.941,36.472,3.403,8.526,400.821,53.590,1,581.400
713.000,4,38.120,5.182,37.134,3.597,10.788,179.886,45.912,0,724.090
714.000,4,45.002,4.957,36.353,3.107,7.395,463.733,20.876,1,631.970
715.000,4,44.502,5.087,34.614,3.194,7.558,323.149,55.476,1,635.252
716.000,4,44.766,4.808,41.655,2.884,9.115,306.222,33.971,0,621.096
717.000,4,43.066,5.061,41.840,4.771,7.131,502.694,50.002,0,501.019
718.000,4,41.568,4.866,39.057,2.908,5.715,347.105,67.989,1,517.083
719.000,4,48.964,4.837,40.947,3.048,6.081,299.367,17.492,1,689.672
720.000,4,40.384,5.085,37.636,3.781,8.469,215.659,47.544,1,155.689
721.000,4,50.106,4.944,31.202,3.993,6.088,321.100,27.954,1,419.008
722.000,4,42.132,5.020,39.485,2.960,6.317,29.905,68.001,0,689.300
723.000,4,51.401,5.054,34.292,3.880,8.134,494.656,16.307,1,308.267
724.000,4,40.234,5.057,35.235,3.214,6.305,30.238,16.773,1,589.672
725.000,4,50.113,5.224,36.714,4.833,6.513,214.102,26.083,1,542.367
726.000,4,47.958,4.880,38.186,3.871,8.350,238.975,32.012,1,653.381
727.000,4,42.231,4.960,36.744,3.967,7.835,481.986,61.882,1,351.019
728.000,4,41.881,5.095,35.560,3.216,8.151,382.783,46.651,0,416.673
729.000,4,49.015,5.142,35.934,3.647,5.738,47.630,31.945,1,533.676
730.000,4,50.408,5.030,35.972,4.054,4.162,183.830,71.137,0,556.917
731.000,4,47.744,5.194,39.749,3.562,6.636,374.632,52.984,1,592.743
732.000,4,57.101,5.004,38.653,3.601,7.268,438.631,23.582,1,439.398
733.000,4,46.654,5.203,38.081,5.560,4.954,565.022,37.869,1,470.685
734.000,4,40.145,4.848,35.380,3.124,8.176,97.840,29.463,1,292.798
735.000,4,42.845,5.040,38.242,4.847,4.903,298.743,32.627,0,301.538
736.000,4,47.317,5.212,37.865,3.204,8.242,483.996,27.340,1,774.780
737.000,4,48.309,4.990,37.014,3.737,8.043,430.002,44.937,1,782.272
738.000,4,50.242,5.189,38.020,4.001,7.504,234.029,64.216,1,725.417
739.000,4,49.550,4.918,36.365,3.404,7.656,154.089,40.363,1,470.553
740.000,4,42.561,4.719,40.223,5.249,8.781,353.314,65.953,1,372.207
741.000,4,46.399,5.101,35.113,3.884,7.230,65.704,45.189,1,636.479
742.000,4,42.990,5.162,34.970,3.785,6.865,408.322,40.968,1,671.832
743.000,4,38.333,5.206,31.639,5.353,10.152,478.538,23.301,1,252.190
744.000,4,38.913,4.815,38.794,3.524,7.236,127.042,72.617,0,603.987
745.000,4,43.554,5.197,36.915,3.266,8.326,500.297,17.781,0,672.453
746.000,4,46.116,4.774,39.524,3.302,9.258,399.676,74.766,0,719.776
747.000,4,44.523,4.922,37.677,3.074,5.602,181.717,10.710,1,670.285
748.000,4,36.885,5.068,35.369,4.009,6.323,329.605,28.401,1,601.995
749.000,4,43.794,5.008,37.138,3.757,8.148,237.939,79.322,1,599.059
750.000,4,52.249,4.980,40.139,3.603,8.160,216.255,34.068,1,762.751
751.000,4,41.862,5.130,33.277,3.491,5.784,396.790,58.233,1,656.770
752.000,4,45.381,5.078,34.983,3.935,8.225,88.892,38.149,1,500.953
753.000,4,52.368,5.096,39.493,4.286,8.352,566.017,37.606,0,641.710
754.000,4,50.949,4.909,37.957,3.387,8.309,427.977,25.750,0,578.391
755.000,4,38.419,4.936,33.017,4.999,9.305,75.185,78.339,1,320.886
756.000,4,46.756,5.046,38.817,3.637,7.665,505.757,61.775,0,641.613
757.000,4,51.702,4.864,41.076,3.789,4.416,379.677,26.000,1,505.514
758.000,4,44.499,5.127,38.213,2.999,5.031,271.860,34.172,0,916.592
759.000,4,48.892,5.031,38.944,3.278,7.564,392.444,64.059,0,718.449
760.000,4,44.024,4.955,32.123,3.397,6.137,69.240,31.453,1,239.500
761.000,4,53.639,4.960,39.154,3.203,5.864,510.725,22.021,0,779.629
762.000,4,51.120,5.234,34.829,4.371,5.803,385.448,24.141,1,536.908
763.000,4,40.990,5.022,36.509,3.695,8.262,169.932,57.190,1,606.976
764.000,4,42.366,5.107,34.638,4.251,6.976,389.427,33.988,1,418.198
765.000,4,49.043,4.875,35.640,3.606,7.976,315.906,31.725,0,616.367
766.000,4,44.612,5.093,36.735,5.228,8.066,580.048,57.152,1,547.526
767.000,4,45.323,4.785,36.506,4.083,8.741,102.173,42.579,0,438.131
768.000,4,34.177,5.041,38.834,3.689,8.945,123.645,17.081,0,472.817
769.000,4,43.934,5.077,37.143,3.026,9.261,417.192,53.422,1,576.105
770.000,4,44.278,4.940,38.521,3.332,6.698,374.982,60.080,1,615.865
771.000,4,46.054,4.787,34.070,3.794,5.531,418.497,50.250,0,420.233
772.000,4,41.712,5.324,41.286,3.403,6.540,609.086,70.313,0,464.566
773.000,4,43.776,5.339,36.988,3.343,9.545,146.103,31.755,1,707.328
774.000,4,40.789,5.122,34.217,4.274,7.695,174.059,77.903,1,552.221
775.000,4,48.347,4.631,34.457,3.174,7.214,186.940,24.592,1,447.375
776.000,4,43.021,4.773,37.945,4.208,7.188,301.495,70.065,0,781.146
777.000,4,41.646,5.011,38.605,4.974,7.268,278.926,15.607,1,677.565
778.000,4,44.370,4.968,33.331,4.575,8.606,272.051,34.012,1,182.942
779.000,4,42.390,4.888,33.715,4.462,8.281,139.878,38.168,1,294.310
780.000,4,35.083,5.205,37.223,4.053,8.859,347.387,52.939,1,591.232
781.000,4,49.462,4.640,35.691,4.758,8.081,392.215,21.243,1,255.346
782.000,4,45.842,4.863,38.620,5.298,5.406,368.445,78.346,1,469.765
783.000,4,51.468,4.965,33.319,5.389,8.493,98.844,40.325,1,309.682
784.000,4,39.401,5.095,38.816,5.083,8.890,596.769,64.378,0,433.091
785.000,4,51.388,4.942,35.862,3.698,10.292,259.480,23.518,1,651.267
786.000,4,46.867,5.227,38.680,4.379,6.906,541.246,12.577,1,498.084
787.000,4,49.116,5.002,35.960,3.818,9.203,486.827,38.247,1,696.975
788.000,4,44.122,5.027,38.543,3.468,7.483,464.332,61.635,1,672.497
789.000,4,41.395,4.701,36.580,3.272,8.089,487.446,71.918,1,344.687
790.000,4,34.470,5.060,39.694,4.616,7.934,122.375,15.755,0,282.224
791.000,4,47.183,5.027,39.309,4.773,6.560,505.626,76.349,1,279.560
792.000,4,44.386,5.043,37.401,3.229,8.786,362.672,18.738,0,538.209
793.000,4,54.776,4.797,38.492,4.415,8.696,198.925,41.618,0,513.834
794.000,4,49.442,4.982,34.863,3.201,9.961,522.076,43.214,0,820.587
795.000,4,52.976,5.003,38.280,3.570,7.591,198.014,25.505,1,669.415
796.000,4,46.480,4.831,36.419,4.018,9.350,254.466,50.622,1,472.557
797.000,4,45.268,5.127,30.969,4.296,6.635,176.179,56.654,1,190.430
798.000,4,51.032,5.325,38.460,4.380,7.523,372.852,79.267,0,528.426
799.000,4,43.211,4.759,31.653,3.181,6.868,561.521,42.793,1,577.874
800.000,4,48.424,5.130,39.647,3.204,8.378,603.558,20.832,0,452.369
801.000,4,45.401,4.873,35.581,3.273,4.622,108.832,11.387,1,579.400
802.000,4,38.636,4.768,39.165,3.489,8.763,526.040,63.330,1,444.630
803.000,4,43.790,5.068,39.192,4.232,9.760,588.573,11.658,0,640.325
804.000,4,42.940,4.911,31.681,3.759,9.308,233.366,12.235,1,387.500
805.000,4,52.641,5.017,39.648,3.291,8.555,653.051,45.817,1,764.893
806.000,4,44.368,4.710,30.748,3.200,4.543,375.173,34.422,1,590.907
807.000,4,36.033,4.915,40.928,3.516,9.368,133.021,79.579,0,461.981
808.000,4,45.001,4.983,35.313,3.981,9.607,276.241,31.846,1,403.424
809.000,4,47.017,5.187,33.413,3.142,7.337,237.563,19.352,1,310.166
810.000,4,54.170,5.104,34.748,3.395,9.773,400.510,22.501,1,255.619
811.000,4,42.621,5.200,36.258,4.237,7.208,254.522,35.658,0,495.706
812.000,4,47.227,5.242,39.556,4.035,7.070,531.939,15.856,1,511.072
813.000,4,41.140,4.912,39.058,4.520,8.094,366.313,31.886,1,345.796
814.000,4,42.652,5.010,37.561,4.098,7.562,387.288,40.029,0,603.493
815.000,4,46.960,4.823,39.509,3.668,8.633,144.991,34.610,1,745.646
816.000,4,38.830,5.176,34.357,4.237,7.897,284.145,77.810,0,242.371
817.000,4,45.948,5.112,40.225,3.466,8.497,662.176,30.717,0,591.515
818.000,4,42.849,5.041,35.286,4.668,9.493,543.554,76.549,1,246.487
819.000,4,47.497,5.300,37.735,3.867,8.158,587.112,59.780,1,385.498
820.000,4,51.234,5.135,33.180,3.589,6.295,529.931,40.908,1,283.618
821.000,4,42.607,4.992,41.055,4.068,8.066,197.836,13.094,0,693.236
822.000,4,41.255,5.307,36.302,5.530,6.362,220.231,71.025,1,513.221
823.000,4,41.160,4.901,33.905,3.340,7.541,279.121,26.162,0,579.991
824.000,4,40.464,4.629,35.127,4.336,4.806,446.669,41.574,1,427.411
825.000,4,42.241,4.786,38.850,4.052,6.433,490.405,60.213,0,760.460
826.000,4,45.083,4.924,35.851,3.724,8.968,621.565,58.934,1,344.037
827.000,4,45.481,4.604,37.899,4.139,9.034,481.022,62.430,1,508.678
828.000,4,44.213,5.098,33.131,4.853,7.321,571.014,39.957,0,413.834
829.000,4,42.070,4.946,32.824,3.811,7.024,312.518,53.159,1,56.833
830.000,4,42.658,4.856,31.543,4.709,7.325,249.348,70.670,1,383.348
831.000,4,46.538,5.021,37.733,3.598,8.284,583.762,12.309,0,620.316
832.000,4,46.539,5.032,37.062,3.275,7.153,459.351,55.311,0,476.596
833.000,4,42.470,5.120,38.861,3.451,6.985,484.876,78.895,1,297.705
834.000,4,48.793,5.010,37.924,3.564,9.352,628.355,60.340,1,548.222
835.000,4,28.192,4.650,37.910,4.551,7.061,398.452,72.048,0,326.432
836.000,4,47.169,4.897,38.956,4.852,9.117,182.686,38.141,1,454.024
837.000,4,39.642,5.199,33.673,3.288,6.601,299.044,22.307,1,466.192
838.000,4,51.815,4.738,35.157,3.376,7.121,531.966,31.099,1,418.542
839.000,4,40.416,5.132,37.412,6.771,9.538,415.332,53.276,1,199.781
840.000,4,48.524,4.730,37.682,4.285,8.311,328.610,12.705,1,517.514
841.000,4,47.671,4.883,41.005,3.647,8.465,226.482,26.952,0,696.150
842.000,4,40.376,4.630,33.459,4.224,7.928,415.197,55.795,0,313.684
843.000,4,45.165,4.888,38.167,3.612,4.521,360.393,67.670,0,407.432
844.000,4,39.859,5.152,35.089,4.273,9.856,533.720,64.538,1,560.898
845.000,4,45.576,4.768,34.532,4.718,6.946,437.668,58.700,1,257.891
846.000,4,53.487,5.131,34.002,3.916,9.113,245.926,76.570,1,677.250
847.000,4,42.993,5.121,36.924,6.145,7.829,462.227,21.562,1,0.000
848.000,4,50.056,5.090,40.307,4.157,6.709,626.124,55.832,0,417.876
849.000,4,48.976,4.933,41.316,3.524,4.807,225.562,67.858,0,508.554
850.000,4,40.706,5.229,36.756,4.063,9.779,613.708,43.291,1,638.962
851.000,4,34.741,5.047,39.295,3.328,5.630,337.834,60.211,1,632.345
852.000,4,34.114,4.954,39.224,3.455,6.901,243.853,68.919,1,363.442
853.000,4,52.377,5.192,34.193,3.719,8.198,319.734,34.315,1,460.982
854.000,4,43.579,5.108,40.456,4.568,9.130,227.612,26.525,1,527.633
855.000,4,28.961,4.847,34.060,3.470,6.462,538.832,65.502,1,430.069
856.000,4,53.881,4.859,35.731,4.029,7.086,541.385,68.948,1,548.633
857.000,4,42.252,5.056,37.494,3.410,6.286,634.309,16.704,1,500.340
858.000,4,38.832,4.979,35.645,3.858,7.286,567.571,47.751,0,305.180
859.000,4,34.622,4.985,36.549,4.024,6.541,505.015,16.817,1,589.684
860.000,4,48.879,4.923,30.658,5.195,5.002,210.415,35.616,1,91.489
861.000,4,40.953,5.082,35.846,3.496,6.734,496.338,77.227,1,642.327
862.000,4,45.801,5.150,38.314,4.483,7.890,228.283,41.507,1,205.511
863.000,4,43.424,5.154,36.236,3.550,8.036,243.703,78.235,0,667.811
864.000,4,46.532,4.953,37.959,4.099,11.152,713.885,63.778,0,309.214
865.000,4,48.678,4.918,32.047,3.484,10.852,300.560,52.169,1,262.663
866.000,4,43.238,5.047,38.203,5.105,7.053,201.660,78.069,1,432.329
867.000,4,47.074,5.063,37.774,3.735,7.151,531.571,14.355,0,712.325
868.000,4,40.401,4.918,34.529,3.493,5.749,548.330,10.610,0,288.524
869.000,4,47.427,4.998,32.663,3.885,10.065,385.449,61.547,1,251.163
870.000,4,43.410,5.282,33.436,4.437,5.167,424.902,42.305,1,233.564
871.000,4,46.395,5.013,36.010,3.817,7.686,190.551,40.999,1,343.652
872.000,4,46.326,4.737,36.252,4.028,7.506,501.838,45.680,1,455.773
873.000,4,41.196,5.031,34.254,3.820,8.329,537.639,29.054,1,234.803
874.000,4,46.566,4.821,35.290,3.834,10.743,252.651,64.745,1,557.825
875.000,4,39.510,4.832,38.923,3.488,4.623,283.401,78.850,1,605.258
876.000,4,55.232,5.134,34.188,4.647,7.448,380.626,18.268,1,65.036
877.000,4,35.223,5.121,32.282,3.384,8.033,181.302,74.162,1,523.459
878.000,4,42.561,5.067,39.252,3.760,5.935,391.208,79.802,0,388.137
879.000,4,44.562,5.092,37.317,4.816,7.199,587.875,60.871,1,608.037
880.000,4,44.911,5.151,36.635,4.645,9.271,609.168,64.403,1,373.580
881.000,4,40.196,4.824,35.547,4.140,7.420,393.662,78.119,1,532.123
882.000,4,41.780,4.975,32.018,3.636,8.738,248.603,13.968,1,92.530
883.000,4,44.388,4.913,32.746,4.182,6.681,607.302,67.871,1,236.092
884.000,4,37.719,5.035,30.500,4.255,9.293,470.103,45.747,1,465.140
885.000,4,48.048,4.720,35.421,3.620,4.314,607.128,24.068,1,170.557
886.000,4,47.757,4.957,36.717,4.588,8.218,525.631,51.768,1,442.797
887.000,4,41.851,5.002,36.957,4.312,6.795,377.227,72.507,0,382.684
888.000,4,45.669,5.064,38.198,3.908,7.049,419.161,55.969,0,221.783
889.000,4,42.606,5.098,35.969,3.945,6.154,421.636,12.624,0,536.750
890.000,4,46.543,5.187,41.944,3.871,6.452,287.562,42.550,1,601.831
891.000,4,46.694,5.139,36.381,3.722,8.929,205.338,46.273,0,522.420
892.000,4,50.162,4.998,37.138,4.545,5.178,634.118,70.905,0,97.696
893.000,4,45.348,5.007,36.808,3.642,6.573,496.248,19.697,0,536.169
894.000,4,46.933,5.069,34.492,5.467,8.655,224.616,77.617,0,291.065
895.000,4,45.002,4.870,36.851,3.456,9.076,588.978,76.560,0,302.382
896.000,4,44.362,4.989,39.131,4.229,5.961,454.431,45.732,0,538.382
897.000,4,45.745,4.933,33.793,3.764,8.733,721.398,21.968,1,686.288
898.000,4,43.380,5.075,35.545,3.735,7.488,694.535,75.049,1,548.024
899.000,4,50.374,4.889,38.260,4.568,8.967,487.014,70.453,0,383.536
900.000,4,40.655,4.987,30.144,4.379,10.037,326.917,48.919,1,265.114
901.000,4,39.504,5.089,31.867,5.158,6.735,731.976,23.002,1,308.989
902.000,4,51.977,4.843,35.943,3.473,9.786,337.435,13.880,0,249.803
903.000,4,48.665,5.449,33.307,5.522,8.052,372.492,42.240,1,225.826
904.000,4,45.671,4.941,35.077,3.456,6.094,662.480,37.519,0,451.359
905.000,4,47.816,4.955,34.638,3.873,6.766,301.737,59.752,1,178.379
906.000,4,43.937,4.846,33.747,3.964,8.978,597.773,74.043,0,119.124
907.000,4,57.544,4.932,37.130,3.820,9.717,518.505,22.591,1,567.975
908.000,4,41.816,4.687,37.956,5.183,5.088,458.373,13.723,1,405.731
909.000,4,48.490,4.936,37.731,3.783,11.217,228.974,63.450,0,377.116
910.000,4,46.474,4.979,34.815,4.439,8.810,558.962,26.982,1,215.368
911.000,4,43.427,4.913,36.215,3.839,8.940,234.659,23.056,0,375.961
912.000,4,34.327,5.052,34.934,5.719,7.932,555.591,70.545,1,221.040
913.000,4,41.609,5.162,35.581,4.390,9.043,525.802,11.872,0,290.888
914.000,4,44.937,5.020,38.528,3.757,9.303,305.094,66.869,0,430.851
915.000,4,51.526,4.849,35.076,4.916,7.356,359.338,48.551,1,256.049
916.000,4,44.029,4.788,31.899,3.501,7.809,277.405,65.376,1,291.826
917.000,4,43.198,4.735,33.935,4.123,6.004,484.071,24.398,0,221.745
918.000,4,46.483,4.810,34.865,3.557,10.962,264.971,77.385,1,0.000
919.000,4,44.148,5.119,33.114,5.741,6.807,220.497,19.680,1,322.721
920.000,4,30.023,4.867,35.423,4.452,9.812,464.878,45.261,1,416.448
921.000,4,50.501,4.907,38.868,5.045,8.335,268.296,45.794,0,299.546
922.000,4,54.044,4.844,36.960,5.374,6.734,639.173,22.957,1,490.001
923.000,4,52.184,5.114,32.494,3.549,8.878,355.927,27.354,1,290.714
924.000,4,48.578,4.975,36.914,3.560,8.242,323.848,26.902,0,379.916
925.000,4,52.016,4.796,38.098,4.690,7.591,232.656,23.798,0,243.149
926.000,4,35.031,4.984,32.072,4.655,10.572,334.073,26.240,1,195.554
927.000,4,41.860,4.931,35.657,4.155,5.435,465.718,58.797,1,237.786
928.000,4,39.760,4.817,30.708,3.743,4.569,380.616,56.197,1,481.614
929.000,4,48.504,4.759,38.628,3.697,10.361,329.157,51.407,1,198.294
930.000,4,38.662,5.044,32.676,6.091,6.328,603.973,63.537,1,384.630
931.000,4,40.503,5.001,29.153,4.336,7.527,585.269,43.121,1,51.155
932.000,4,53.630,4.949,36.385,4.971,7.649,636.317,67.172,1,402.431
933.000,4,53.367,4.841,35.806,3.726,8.695,568.521,32.001,1,533.586
934.000,4,45.500,5.182,35.714,3.639,10.256,535.477,37.346,1,355.814
935.000,4,46.104,5.172,37.943,4.029,7.859,752.732,68.253,0,567.554
936.000,4,43.589,4.867,31.890,5.302,9.542,392.318,78.168,1,192.520
937.000,4,52.172,5.471,33.129,3.850,10.151,533.717,38.491,1,437.138
938.000,4,50.732,5.165,33.278,4.445,6.852,701.447,16.311,0,474.909
939.000,4,42.210,5.069,34.646,3.665,5.736,271.338,38.202,1,289.960
940.000,4,40.584,5.111,36.177,3.996,8.214,246.100,12.734,0,515.855
941.000,4,40.232,4.722,39.957,3.785,8.524,574.302,18.295,1,390.320
942.000,4,46.144,4.887,35.686,4.914,4.464,489.008,19.435,1,436.514
943.000,4,41.527,5.053,35.638,4.441,6.663,334.532,37.326,1,511.579
944.000,4,50.169,4.878,34.108,4.063,8.432,609.295,38.252,1,449.902
945.000,4,51.554,4.831,39.396,4.384,7.438,694.664,29.635,0,393.694
946.000,4,51.729,5.396,32.861,3.608,10.906,632.257,63.687,0,244.178
947.000,4,30.834,4.979,33.209,4.357,6.844,250.023,62.930,1,356.353
948.000,4,43.164,4.934,35.396,3.684,10.436,330.658,69.486,0,344.349
949.000,4,49.051,4.876,33.227,3.825,7.091,261.863,35.650,1,320.748
950.000,4,43.276,4.684,35.812,3.837,6.870,480.796,20.869,1,364.758
951.000,4,45.414,4.985,33.413,4.123,6.161,531.655,32.221,1,12.232
952.000,4,51.215,5.026,37.757,5.703,7.624,662.388,33.741,0,621.920
953.000,4,43.610,5.231,36.173,4.323,8.641,643.308,23.597,1,483.852
954.000,4,39.988,5.037,32.658,4.518,9.220,260.258,54.283,1,206.937
955.000,4,54.012,4.893,38.597,4.338,8.555,374.239,42.378,1,718.907
956.000,4,35.638,5.143,37.910,3.733,9.758,768.438,64.324,0,506.071
957.000,4,58.207,5.151,36.510,3.708,5.346,773.058,29.592,1,288.681
958.000,4,43.675,4.774,29.560,3.760,7.029,344.531,39.492,1,105.599
959.000,4,55.783,5.027,37.255,4.233,7.790,667.667,34.640,1,387.499
960.000,4,42.548,4.871,38.612,3.787,5.812,474.539,39.260,0,532.716
961.000,4,48.508,5.098,37.492,4.697,8.999,328.126,39.526,1,442.605
962.000,4,43.253,5.140,33.430,4.131,7.154,264.086,19.152,1,305.368
963.000,4,49.211,5.315,37.076,3.964,8.989,523.242,72.708,1,295.936
964.000,4,52.299,5.010,36.989,5.314,6.636,591.014,45.918,0,498.971
965.000,4,40.190,4.861,31.207,4.132,8.101,377.601,18.114,1,306.322
966.000,4,45.533,4.935,32.508,5.407,7.128,555.269,14.743,1,58.888
967.000,4,44.081,4.802,35.194,3.724,6.193,551.430,72.896,1,183.228
968.000,4,48.570,4.910,36.502,5.169,7.587,587.883,34.456,0,398.239
969.000,4,41.541,5.081,31.170,4.453,6.785,748.934,36.717,1,324.661
970.000,4,43.125,5.018,30.763,4.249,9.128,689.658,47.810,1,222.513
971.000,4,48.581,4.874,36.846,4.446,8.927,703.971,78.698,0,470.953
972.000,4,44.685,5.004,33.352,3.650,8.479,676.908,57.099,1,371.427
973.000,4,55.842,4.784,34.325,4.175,6.052,334.702,11.385,1,394.148
974.000,4,42.023,5.150,32.303,4.004,5.214,407.441,10.538,1,513.255
975.000,4,43.578,5.097,28.008,3.929,8.960,737.184,16.366,1,512.528
976.000,4,44.929,5.005,36.188,4.258,7.050,748.395,17.203,0,353.215
977.000,4,39.411,5.153,35.560,3.766,6.401,526.535,52.175,1,266.535
978.000,4,39.804,5.004,36.211,3.857,6.233,786.567,17.667,1,404.411
979.000,4,43.057,5.068,34.695,5.332,6.466,295.868,39.349,0,283.500
980.000,4,35.554,4.718,28.982,5.181,7.858,679.885,48.574,1,150.158
981.000,4,36.521,5.098,29.821,3.935,8.315,659.549,34.135,1,424.474
982.000,4,49.017,4.848,38.298,4.316,6.359,322.861,13.504,1,0.000
983.000,4,47.418,4.916,33.895,4.669,7.615,719.253,24.409,0,147.400
984.000,4,49.041,5.093,31.826,5.109,10.721,388.448,53.791,1,63.143
985.000,4,39.242,4.961,34.750,4.197,10.010,691.258,70.473,0,375.165
986.000,4,41.261,5.438,33.307,4.842,6.379,534.065,48.708,1,326.823
987.000,4,41.208,4.955,34.793,5.475,8.110,475.106,59.397,1,542.830
988.000,4,44.347,4.812,29.939,3.867,10.804,541.135,64.285,1,67.180
989.000,4,42.837,5.054,31.708,4.991,6.731,797.573,17.174,1,170.121
990.000,4,50.336,5.079,34.319,4.668,9.573,825.179,41.464,1,237.582
991.000,4,44.750,5.039,32.520,3.838,7.385,785.835,21.624,1,557.320
992.000,4,43.525,4.819,33.356,3.948,8.368,368.866,43.595,1,189.263
993.000,4,43.321,4.969,35.686,4.832,7.200,780.856,75.664,1,579.146
994.000,4,40.893,5.108,36.571,4.049,4.339,737.516,40.875,0,666.768
995.000,4,42.407,4.554,34.876,3.899,7.737,670.456,30.447,1,311.060
996.000,4,47.988,4.871,38.989,4.368,8.383,651.997,20.282,1,371.289
997.000,4,45.684,5.145,30.971,4.318,7.201,513.596,60.075,1,431.171
998.000,4,55.620,4.894,35.951,6.614,10.205,662.488,49.402,1,177.281
999.000,4,43.497,5.250,35.394,3.966,7.871,700.667,24.006,1,164.713
0.000,5,39.823,5.140,46.404,1.170,4.374,0.000,67.352,1,1294.816
1.000,5,48.106,4.995,48.823,1.441,9.492,0.000,47.779,0,1168.456
2.000,5,35.112,5.215,42.750,2.190,6.478,0.000,60.815,0,1132.261
3.000,5,44.835,4.856,45.369,1.570,5.621,0.000,14.806,0,1180.527
4.000,5,34.041,4.869,45.679,2.031,4.584,0.000,42.244,0,1151.543
5.000,5,44.864,5.086,44.417,1.187,3.908,0.000,21.189,0,1062.838
6.000,5,46.279,4.968,47.683,1.469,3.967,0.000,69.498,0,980.230
7.000,5,41.178,5.223,45.666,1.752,8.785,0.000,13.904,0,855.571
8.000,5,41.673,4.594,47.972,1.294,5.732,0.000,16.529,0,1062.609
9.000,5,43.884,5.067,46.004,1.645,4.878,0.000,25.688,0,1012.517
10.000,5,46.653,4.981,50.514,0.795,5.414,0.000,60.628,0,1125.046
11.000,5,46.412,5.023,40.239,3.157,7.464,0.000,53.750,1,1118.498
12.000,5,41.254,4.943,43.046,1.925,5.664,0.000,59.432,0,872.344
13.000,5,44.825,4.971,48.466,2.624,5.147,0.000,55.550,0,961.867
14.000,5,46.983,5.074,47.427,2.845,6.598,0.000,63.997,0,1144.196
15.000,5,40.712,4.937,45.885,1.614,5.210,0.000,72.348,0,833.991
16.000,5,44.208,5.035,44.383,1.296,4.265,0.000,57.639,1,1244.321
17.000,5,49.834,4.974,43.989,2.295,3.987,0.000,65.041,0,1150.924
18.000,5,40.940,4.841,42.474,2.316,5.184,0.000,55.229,1,965.954
19.000,5,48.383,5.123,45.706,1.486,3.922,0.000,15.495,0,1215.811
20.000,5,41.929,5.142,41.782,1.259,6.033,0.000,41.865,0,1255.532
21.000,5,38.814,5.058,39.234,1.478,6.070,0.000,28.282,0,1152.573
22.000,5,47.332,4.951,44.192,1.290,10.646,0.000,63.326,0,1117.310
23.000,5,51.920,5.090,46.151,0.936,7.356,0.000,36.468,0,1156.620
24.000,5,47.234,5.046,41.275,1.561,5.390,0.000,40.145,0,1070.090
25.000,5,44.711,5.086,48.204,1.816,6.898,0.000,19.276,0,858.126
26.000,5,47.497,5.152,44.449,1.185,5.299,0.000,47.896,0,1224.856
27.000,5,45.271,5.145,48.274,1.479,5.676,0.000,75.166,0,1027.970
28.000,5,41.535,4.856,42.513,1.772,6.226,0.000,45.671,0,1130.512
29.000,5,50.815,5.120,47.230,1.908,5.960,0.000,59.550,0,910.420
30.000,5,46.140,4.988,46.368,1.296,5.172,0.000,42.449,0,1310.144
31.000,5,55.966,5.221,46.115,1.285,6.722,0.000,20.995,0,1187.130
32.000,5,44.311,5.171,43.517,2.195,6.837,0.000,21.025,1,1126.428
33.000,5,48.201,4.993,41.636,1.387,5.571,0.000,66.497,0,837.603
34.000,5,46.786,4.976,41.562,1.006,7.038,0.000,34.045,0,1026.088
35.000,5,44.246,4.977,44.270,0.946,3.120,0.000,63.925,0,1211.733
36.000,5,47.371,4.853,41.219,1.245,6.609,0.000,34.899,0,772.114
37.000,5,42.521,4.966,42.743,2.663,6.669,0.000,12.305,1,993.565
38.000,5,44.844,5.011,46.048,2.237,3.106,0.000,15.555,0,1011.868
39.000,5,49.468,5.039,44.378,0.920,6.085,0.000,37.330,0,1104.225
40.000,5,51.837,4.824,43.647,3.705,5.074,0.000,38.775,1,1034.332
41.000,5,47.624,4.935,47.279,4.127,5.322,0.000,71.578,0,1148.101
42.000,5,47.633,4.953,50.029,2.961,4.841,0.000,53.691,0,1116.865
43.000,5,50.843,5.172,47.059,0.925,3.067,0.000,67.437,0,1141.308
44.000,5,40.875,5.101,47.193,2.708,4.783,0.000,77.991,0,1133.747
45.000,5,43.420,5.077,48.233,2.742,6.285,0.000,19.124,0,747.209
46.000,5,46.184,5.214,45.665,0.869,5.819,0.000,67.418,0,986.750
47.000,5,51.861,4.893,46.170,1.162,5.320,0.000,40.356,0,1299.761
48.000,5,53.430,5.090,43.908,2.136,3.832,0.000,51.462,1,1148.227
49.000,5,44.315,4.751,47.507,1.256,6.678,0.000,26.862,0,1256.147
50.000,5,36.889,5.150,48.308,2.730,5.663,0.000,72.250,1,1006.758
51.000,5,42.016,4.720,47.697,0.881,3.796,0.000,64.175,1,1029.965
52.000,5,39.576,5.084,43.247,0.962,7.757,0.000,14.104,0,1098.343
53.000,5,49.955,5.194,47.851,2.036,5.587,0.000,54.726,0,909.622
54.000,5,43.612,4.743,49.694,1.401,3.373,0.000,22.529,0,1108.409
55.000,5,46.424,5.127,45.923,2.331,2.857,0.000,46.885,1,1111.324
56.000,5,41.898,4.859,45.613,2.307,6.373,0.000,69.620,0,1267.981
57.000,5,52.489,5.090,42.522,2.278,5.194,0.000,14.655,0,1471.044
58.000,5,38.615,5.282,43.539,1.709,8.717,0.000,36.940,0,902.575
59.000,5,45.106,5.034,43.749,1.240,5.037,0.000,20.654,0,1074.598
60.000,5,48.320,4.990,47.709,1.583,8.807,0.000,75.046,0,987.051
61.000,5,42.551,5.273,45.057,1.055,4.986,0.000,18.593,0,804.928
62.000,5,49.501,4.967,43.022,1.631,6.628,0.000,23.969,0,1291.012
63.000,5,44.626,4.993,44.750,2.232,4.628,0.000,18.357,0,1030.936
64.000,5,37.550,5.269,43.989,3.034,6.332,0.000,23.260,0,925.838
65.000,5,56.457,4.955,47.735,2.133,4.876,0.000,56.875,0,1096.748
66.000,5,42.335,5.153,42.870,2.088,2.757,0.000,11.977,0,966.777
67.000,5,44.492,5.103,47.197,1.111,6.255,0.000,62.907,0,1228.460
68.000,5,52.149,5.007,43.563,2.281,3.939,0.000,19.589,0,1077.431
69.000,5,39.381,4.856,50.858,0.955,5.693,0.000,36.103,0,1184.375
70.000,5,47.690,5.146,39.169,2.361,3.708,0.000,66.548,0,799.150
71.000,5,39.722,4.911,43.162,1.035,6.079,0.000,35.685,0,1101.179
72.000,5,55.034,4.912,47.595,1.262,7.848,0.000,54.337,1,1234.756
73.000,5,49.916,4.921,43.148,1.696,5.219,0.000,17.575,0,1023.934
74.000,5,52.510,4.840,43.165,1.944,6.137,0.000,39.854,0,1084.623
75.000,5,42.567,5.161,39.195,1.696,4.528,0.000,68.976,0,1041.611
76.000,5,39.982,4.861,40.396,2.086,3.936,0.000,41.022,0,1173.009
77.000,5,44.816,5.265,45.561,3.377,9.089,0.000,45.518,0,1085.905
78.000,5,44.138,5.130,44.914,2.239,4.358,0.000,61.479,0,894.912
79.000,5,48.107,4.984,42.460,1.776,5.527,0.000,32.342,0,670.127
80.000,5,46.232,4.863,45.772,1.385,4.700,0.000,34.585,0,855.791
81.000,5,43.174,5.135,45.696,1.151,7.523,0.000,53.292,0,1073.530
82.000,5,40.682,5.106,48.375,1.355,2.354,0.000,29.670,0,1348.456
83.000,5,44.033,4.903,48.241,2.303,4.582,0.000,46.856,1,1286.030
84.000,5,53.808,5.006,44.799,2.882,6.091,0.000,37.949,0,1081.120
85.000,5,49.107,5.415,40.526,1.567,4.141,0.000,70.212,0,1026.380
86.000,5,56.829,4.938,42.533,1.909,3.190,0.000,44.802,0,1035.661
87.000,5,39.453,5.085,43.621,3.456,6.222,0.000,23.978,1,752.061
88.000,5,43.747,4.915,43.880,1.158,6.142,0.000,53.607,0,1012.493
89.000,5,43.328,4.587,46.997,2.146,2.198,0.000,58.034,0,1044.125
90.000,5,57.129,4.714,46.566,1.250,3.783,0.000,71.593,1,1188.739
91.000,5,44.833,5.247,52.002,1.218,6.606,0.000,47.366,0,1193.761
92.000,5,50.053,5.144,39.203,2.145,5.573,0.000,65.092,1,957.795
93.000,5,44.306,5.380,47.060,1.375,7.952,0.000,58.599,0,865.806
94.000,5,50.570,5.122,46.926,1.789,6.215,0.000,37.449,0,1113.495
95.000,5,47.900,5.017,44.027,2.130,4.990,0.000,79.355,0,953.564
96.000,5,48.606,4.984,42.006,1.084,4.985,0.000,10.173,0,1170.897
97.000,5,48.367,5.374,42.201,1.721,4.452,0.000,15.828,1,1038.254
98.000,5,42.711,5.084,44.803,2.729,7.080,0.000,44.168,1,952.332
99.000,5,41.408,5.139,44.099,3.101,5.378,0.000,26.665,1,857.606
100.000,5,45.073,5.028,42.803,1.837,7.715,0.000,55.227,0,932.066
101.000,5,47.515,4.840,45.773,2.492,5.201,0.000,23.635,0,1005.353
102.000,5,41.670,5.037,52.152,1.482,6.134,0.000,71.893,0,1086.272
103.000,5,46.944,4.891,44.063,1.764,4.603,0.000,20.273,0,1085.969
104.000,5,40.112,5.082,43.493,1.129,8.477,0.000,31.439,0,778.978
105.000,5,45.405,5.208,43.680,2.004,4.647,0.000,33.864,0,1164.578
106.000,5,46.166,5.161,40.531,1.616,5.643,0.000,33.145,0,1053.359
107.000,5,34.562,4.916,45.623,1.401,5.512,0.000,48.268,1,1111.863
108.000,5,50.530,4.989,46.369,1.748,6.286,0.000,33.525,0,1025.904
109.000,5,51.010,4.944,47.627,1.289,7.473,0.000,70.335,1,999.097
110.000,5,43.009,5.039,44.732,1.956,6.895,0.000,48.911,0,951.216
111.000,5,47.894,5.263,45.229,1.073,6.166,0.000,49.496,0,909.044
112.000,5,47.854,5.277,41.779,1.211,6.649,0.000,23.786,0,867.904
113.000,5,44.269,5.094,45.945,1.300,3.832,0.000,78.040,0,1107.169
114.000,5,47.555,5.008,42.698,2.210,5.190,0.000,33.280,0,1002.146
115.000,5,40.137,4.877,42.275,1.893,6.914,0.000,75.207,0,1024.372
116.000,5,48.359,5.083,50.028,1.435,5.813,0.000,72.780,1,817.550
117.000,5,40.910,4.521,46.837,2.734,2.573,0.000,17.825,1,888.090
118.000,5,44.448,4.847,42.497,2.159,6.572,0.000,47.287,0,943.307
119.000,5,46.605,4.874,47.239,1.930,4.654,0.000,12.468,1,1147.567
120.000,5,46.127,4.939,44.199,3.201,7.161,0.000,38.872,0,976.553
121.000,5,52.677,5.071,39.181,3.731,4.137,0.000,12.648,0,687.542
122.000,5,46.832,5.108,42.270,1.479,7.772,0.000,71.291,0,742.864
123.000,5,44.982,5.044,45.497,1.278,8.372,0.000,58.680,0,1259.565
124.000,5,53.708,5.226,45.089,1.151,4.766,0.000,34.194,1,1155.862
125.000,5,42.335,5.040,42.990,1.383,6.405,0.000,39.587,0,1011.754
126.000,5,44.789,4.994,39.147,1.802,6.206,0.000,17.251,0,1030.730
127.000,5,39.317,4.912,40.269,1.392,4.343,0.000,54.661,0,1076.781
128.000,5,47.774,4.826,42.296,1.252,4.292,0.000,66.607,1,974.474
129.000,5,34.901,4.899,43.583,1.228,5.071,0.000,54.561,1,864.258
130.000,5,42.109,4.797,48.576,1.131,6.418,0.000,44.956,1,1200.130
131.000,5,39.777,5.038,41.786,2.619,5.635,0.000,69.193,0,1083.329
132.000,5,39.626,4.891,48.492,1.437,7.494,0.000,61.201,0,1035.355
133.000,5,41.695,4.927,45.262,1.792,7.263,0.000,57.321,0,1035.853
134.000,5,49.600,4.899,46.365,1.265,4.227,0.000,75.108,0,868.966
135.000,5,55.620,4.963,41.475,1.416,6.368,0.000,27.350,1,889.198
136.000,5,34.818,5.127,43.206,3.062,6.049,0.000,40.512,1,859.433
137.000,5,47.022,5.251,44.413,1.342,4.419,0.000,35.521,0,884.713
138.000,5,48.675,5.053,43.410,2.070,4.394,0.000,16.036,0,932.941
139.000,5,45.909,5.187,46.352,1.731,3.023,0.000,35.525,0,873.579
140.000,5,43.353,4.970,43.977,1.666,5.248,0.000,10.356,0,1226.775
141.000,5,54.087,5.082,40.956,1.432,3.854,0.000,15.916,0,1292.499
142.000,5,48.480,5.113,40.588,3.769,5.404,0.000,37.311,1,728.639
143.000,5,44.812,4.984,44.665,1.624,6.208,0.000,67.031,1,785.703
144.000,5,50.536,5.093,45.830,2.451,4.763,0.000,62.953,0,1035.928
145.000,5,44.080,5.085,45.083,1.581,5.261,0.000,47.392,0,1127.179
146.000,5,44.203,5.062,44.999,1.612,6.271,0.000,66.171,0,1014.909
147.000,5,41.704,4.647,48.136,2.626,4.980,0.000,68.065,0,857.978
148.000,5,43.826,5.232,40.563,2.344,4.275,0.000,33.485,0,842.543
149.000,5,47.703,4.938,41.570,1.621,5.812,0.000,21.881,1,1305.095
150.000,5,49.522,4.840,45.334,1.887,8.178,0.000,77.592,0,912.360
151.000,5,45.362,5.035,44.874,1.692,6.013,0.000,31.529,0,980.739
152.000,5,52.473,5.015,43.035,1.676,4.292,0.000,27.782,0,1042.431
153.000,5,48.426,5.062,42.287,3.485,4.019,0.000,15.006,1,704.644
154.000,5,47.458,5.197,45.972,1.301,4.077,0.000,51.814,0,1179.891
155.000,5,48.838,5.007,43.429,2.163,6.910,0.000,77.742,1,1112.442
156.000,5,42.190,4.996,44.941,1.251,7.904,0.000,51.411,0,1012.865
157.000,5,46.469,4.713,41.788,1.176,5.857,0.000,23.119,0,894.039
158.000,5,38.465,5.237,49.042,1.590,8.242,0.000,12.895,1,1168.907
159.000,5,33.876,5.058,42.009,2.139,6.272,0.000,17.441,1,778.760
160.000,5,48.210,4.805,41.508,2.150,5.942,0.000,47.542,1,1228.832
161.000,5,38.268,4.910,47.207,2.460,6.636,0.000,65.952,1,933.463
162.000,5,38.004,4.880,42.507,1.722,6.886,0.000,35.719,0,1006.631
163.000,5,50.820,5.112,41.725,2.288,5.023,0.000,68.117,0,1007.848
164.000,5,47.652,4.768,45.399,1.631,6.237,0.000,47.357,1,1025.696
165.000,5,43.355,5.315,37.687,2.292,4.399,0.000,17.000,0,942.350
166.000,5,50.531,4.857,47.504,1.663,4.526,0.000,62.542,1,1091.687
167.000,5,34.070,5.013,43.576,1.359,2.758,0.000,31.612,0,1341.593
168.000,5,49.806,5.084,39.814,2.159,4.856,0.000,13.923,0,1033.483
169.000,5,48.170,5.172,42.440,1.719,5.982,0.000,35.641,0,1037.445
170.000,5,38.860,4.917,42.433,3.882,4.473,0.000,47.977,1,763.456
171.000,5,45.384,5.057,41.524,2.001,4.819,0.000,15.734,0,1046.338
172.000,5,32.293,4.920,47.058,1.828,2.745,0.000,10.824,0,1309.312
173.000,5,44.722,5.104,46.456,1.412,6.459,0.000,48.747,0,812.461
174.000,5,31.634,5.101,42.493,3.221,8.489,0.000,72.755,0,1085.276
175.000,5,45.454,4.931,43.018,2.383,3.344,0.000,16.090,0,875.584
176.000,5,48.745,4.903,39.749,1.369,3.943,0.000,27.262,0,967.671
177.000,5,49.440,5.335,42.222,2.134,2.763,0.000,56.851,0,982.989
178.000,5,52.880,5.197,44.066,2.563,5.328,0.000,48.575,0,1318.412
179.000,5,50.219,5.057,46.322,2.118,3.793,0.000,70.233,0,980.106
180.000,5,42.234,5.000,42.154,2.660,6.221,0.000,29.839,0,953.001
181.000,5,50.367,5.172,40.118,2.619,6.738,0.000,68.404,1,1086.989
182.000,5,41.286,4.784,45.826,1.855,6.075,0.000,21.114,1,880.704
183.000,5,45.898,5.053,43.786,2.592,4.851,0.000,58.982,0,1049.985
184.000,5,41.702,5.075,42.407,2.803,10.794,0.000,55.085,0,980.543
185.000,5,42.747,5.097,40.338,1.703,5.306,0.000,33.128,0,869.619
186.000,5,45.902,4.861,38.220,2.817,4.422,34.583,67.302,0,1211.259
187.000,5,46.422,5.046,45.715,1.498,5.458,0.000,78.821,1,1135.202
188.000,5,37.034,5.040,49.164,2.001,4.903,0.000,25.080,0,889.856
189.000,5,47.257,5.116,42.220,3.615,5.127,0.000,74.687,1,1293.223
190.000,5,46.552,4.864,44.811,2.225,6.870,0.000,10.341,0,799.774
191.000,5,44.624,4.933,46.540,3.018,5.603,0.000,73.878,0,982.274
192.000,5,36.532,5.276,41.395,2.019,3.215,0.000,28.213,1,1141.467
193.000,5,46.279,4.877,45.461,1.922,4.961,0.000,70.173,0,802.725
194.000,5,44.513,4.960,44.053,1.523,6.771,0.000,45.308,0,955.448
195.000,5,50.140,4.972,47.353,3.112,8.209,0.000,49.324,0,1068.953
196.000,5,46.119,4.831,45.312,2.604,4.315,0.000,54.484,0,992.951
197.000,5,44.135,5.078,41.251,2.922,5.608,0.000,22.465,0,1071.367
198.000,5,37.180,5.079,45.080,2.662,7.760,32.510,51.167,0,963.694
199.000,5,37.741,5.062,44.675,1.516,6.138,0.000,48.694,1,866.113
200.000,5,48.778,4.861,45.798,2.179,7.538,0.000,68.574,0,898.665
201.000,5,41.786,4.930,41.221,2.249,7.363,40.994,32.773,1,957.577
202.000,5,45.345,5.040,42.444,2.149,5.997,0.000,33.770,0,1222.190
203.000,5,43.927,4.842,43.436,1.778,8.700,0.000,28.679,0,1042.852
204.000,5,51.505,5.016,39.966,3.062,6.030,0.000,47.921,0,908.280
205.000,5,43.673,4.947,40.452,1.949,8.012,0.000,73.079,0,1000.178
206.000,5,53.672,5.085,42.351,1.768,2.390,0.000,40.036,1,981.987
207.000,5,49.915,5.384,45.932,1.533,3.695,0.000,28.340,1,929.538
208.000,5,45.065,5.045,46.731,1.627,8.615,10.248,57.849,0,1198.861
209.000,5,41.811,4.940,41.712,1.404,6.901,0.000,41.815,0,886.584
210.000,5,37.203,4.990,41.814,1.443,7.807,0.000,35.005,1,1200.886
211.000,5,47.008,4.835,46.276,1.513,8.913,0.000,39.363,1,749.404
212.000,5,41.068,5.137,42.810,2.386,5.836,0.000,14.013,0,721.689
213.000,5,48.298,5.086,43.381,2.299,3.926,15.997,72.424,0,1116.897
214.000,5,44.629,4.822,43.684,1.791,8.141,0.000,57.084,0,1001.799
215.000,5,34.594,5.000,42.257,1.818,4.898,0.000,38.555,0,976.205
216.000,5,47.385,4.724,42.999,1.747,7.930,0.000,79.638,0,1011.159
217.000,5,43.059,5.147,41.724,2.588,8.079,0.000,43.769,0,996.445
218.000,5,49.759,5.178,46.966,1.999,4.155,0.000,53.003,0,1038.252
219.000,5,42.665,5.143,46.474,1.575,7.017,0.000,68.964,0,842.999
220.000,5,45.141,4.960,42.741,1.389,5.599,0.000,11.911,0,882.617
221.000,5,45.334,4.958,49.854,1.612,8.880,0.000,33.256,0,1111.674
222.000,5,40.926,4.884,44.334,1.458,6.454,0.000,33.829,0,943.321
223.000,5,51.181,5.109,46.575,2.266,5.501,0.000,58.615,0,1043.997
224.000,5,28.768,5.325,46.079,2.253,5.308,0.000,69.877,0,1124.550
225.000,5,43.180,4.955,44.098,3.366,5.071,4.075,57.329,0,637.900
226.000,5,47.797,4.926,42.710,2.004,5.411,0.000,50.261,0,749.018
227.000,5,40.906,5.095,41.313,2.052,8.514,17.452,60.882,0,779.472
228.000,5,50.679,4.750,44.093,1.435,7.279,0.000,75.161,0,1019.575
229.000,5,41.567,5.173,43.256,2.775,3.366,0.000,25.146,0,772.279
230.000,5,44.311,4.988,42.980,1.549,7.866,0.000,43.709,1,967.455
231.000,5,46.363,5.129,40.239,2.572,5.030,0.000,75.862,0,942.508
232.000,5,41.806,5.079,42.632,3.700,6.414,0.000,30.767,0,821.971
233.000,5,36.862,4.950,41.765,2.308,5.953,0.000,55.658,1,1081.231
234.000,5,50.347,5.188,49.362,2.707,6.043,9.078,39.490,0,766.233
235.000,5,48.046,5.060,38.680,1.872,6.642,0.000,20.733,0,1200.994
236.000,5,47.589,4.857,43.171,2.422,6.784,0.000,73.460,0,886.808
237.000,5,38.425,4.841,44.517,2.180,7.939,0.000,66.647,0,702.958
238.000,5,45.290,4.993,40.877,1.539,6.863,5.571,15.911,0,1034.765
239.000,5,47.612,4.613,39.978,2.835,5.621,0.000,56.292,0,801.135
240.000,5,56.783,4.805,45.653,1.476,5.628,0.000,22.759,0,928.192
241.000,5,43.976,5.198,41.108,3.108,3.806,75.765,70.291,1,890.822
242.000,5,42.571,5.228,40.032,2.022,7.169,0.000,27.972,0,842.038
243.000,5,41.483,5.007,43.180,4.473,6.521,0.000,17.366,0,910.768
244.000,5,44.906,5.143,42.293,2.030,4.405,0.000,64.427,0,892.399
245.000,5,38.273,5.236,39.983,2.164,5.231,0.000,74.805,0,681.744
246.000,5,37.342,4.976,44.192,1.565,1.929,0.000,15.566,0,1028.161
247.000,5,43.296,4.775,45.124,3.101,4.507,0.000,50.310,1,796.500
248.000,5,45.822,4.860,47.459,1.483,4.948,33.560,21.269,0,1001.224
249.000,5,42.442,4.858,41.734,1.469,6.078,0.000,36.041,0,969.003
250.000,5,45.999,5.027,46.509,1.855,7.276,0.000,14.844,0,913.522
251.000,5,46.198,4.776,42.129,2.530,8.143,0.000,32.196,0,709.616
252.000,5,53.493,4.790,41.395,2.050,7.038,64.702,61.929,0,864.652
253.000,5,46.491,5.035,42.898,3.487,6.459,0.000,51.122,1,795.018
254.000,5,49.852,5.176,39.243,2.097,7.102,0.000,14.303,1,758.427
255.000,5,38.385,5.115,41.819,2.314,6.417,96.779,35.473,0,1141.463
256.000,5,38.984,4.903,40.448,1.847,6.673,0.000,76.882,0,919.588
257.000,5,45.147,4.956,45.677,3.785,8.844,0.000,52.601,1,953.770
258.000,5,48.777,4.988,44.564,1.748,6.044,56.104,28.893,0,1068.326
259.000,5,36.772,5.085,37.929,1.629,3.843,0.000,56.144,0,1037.850
260.000,5,52.130,5.269,42.788,2.397,3.718,0.000,38.834,1,1182.983
261.000,5,42.963,5.024,45.185,1.604,6.258,0.000,30.251,0,1227.427
262.000,5,44.462,4.897,40.193,2.952,5.358,60.241,68.885,0,862.101
263.000,5,43.805,5.011,40.383,3.901,5.839,0.000,32.359,1,1080.087
264.000,5,38.652,4.843,42.130,2.225,7.825,20.138,63.531,0,857.334
265.000,5,47.832,4.756,41.673,1.886,6.516,0.000,57.593,1,900.110
266.000,5,34.902,4.977,41.893,2.550,7.139,0.000,25.838,1,1165.733
267.000,5,51.840,4.820,43.489,2.571,6.233,0.000,39.055,1,963.018
268.000,5,33.301,5.023,45.954,1.527,3.906,23.863,41.835,0,946.615
269.000,5,43.185,4.891,45.627,2.141,3.667,95.425,40.320,0,1278.110
270.000,5,45.779,5.091,42.974,2.088,7.692,0.000,21.456,0,1002.715
271.000,5,42.149,5.105,41.595,2.044,4.363,112.063,72.486,0,947.575
272.000,5,39.868,5.050,43.242,2.636,5.622,0.000,73.987,0,713.156
273.000,5,54.037,4.860,41.844,3.151,6.842,0.000,72.331,0,744.833
274.000,5,50.429,5.057,38.967,1.656,5.562,0.000,41.412,0,1152.389
275.000,5,46.449,5.115,41.490,2.083,5.818,0.000,26.991,0,695.389
276.000,5,39.143,5.044,44.544,1.687,6.165,0.000,21.776,0,1035.484
277.000,5,45.976,5.096,38.764,1.813,5.060,34.832,33.604,0,777.352
278.000,5,37.255,5.033,36.497,2.387,9.646,0.000,40.550,0,930.750
279.000,5,44.615,5.132,43.310,3.333,5.034,126.825,68.002,0,878.955
280.000,5,43.594,4.892,40.575,2.409,6.395,0.000,56.570,0,985.590
281.000,5,48.379,5.314,43.085,1.761,6.674,25.315,59.508,0,648.662
282.000,5,47.753,5.286,47.220,1.809,9.685,0.000,48.098,0,925.812
283.000,5,45.753,4.994,43.014,1.969,4.519,0.000,34.816,0,842.668
284.000,5,50.558,4.717,39.795,2.902,3.914,14.166,21.883,1,765.144
285.000,5,42.663,4.996,44.642,2.370,6.324,0.000,34.874,0,1076.769
286.000,5,47.878,4.956,44.379,3.231,6.914,0.000,57.778,1,903.889
287.000,5,42.393,4.889,40.472,3.088,8.117,0.000,30.890,1,824.987
288.000,5,45.699,4.691,45.708,2.478,4.776,88.042,16.474,1,1191.280
289.000,5,44.022,4.998,42.129,3.106,5.953,0.000,78.599,1,935.508
290.000,5,51.472,5.010,41.394,2.816,4.883,0.000,24.949,0,1136.032
291.000,5,34.916,5.003,42.827,2.864,5.731,0.000,44.147,1,1309.320
292.000,5,51.371,5.015,43.214,2.534,4.218,0.000,53.182,0,981.412
293.000,5,35.470,4.854,43.536,1.910,5.524,0.000,41.668,0,688.336
294.000,5,48.496,5.090,44.207,2.223,8.232,0.000,35.198,1,977.162
295.000,5,44.457,5.004,43.099,3.812,7.851,0.000,16.402,0,921.484
296.000,5,47.194,5.030,44.207,2.500,5.621,0.000,23.306,1,1101.627
297.000,5,42.224,5.192,41.356,4.146,6.322,0.000,28.783,0,766.978
298.000,5,52.542,5.015,44.228,2.506,6.220,0.000,65.241,0,987.554
299.000,5,43.716,5.525,41.734,1.727,5.513,0.000,66.601,0,886.740
300.000,5,40.392,5.090,40.102,2.790,6.647,0.000,16.178,1,1009.586
301.000,5,42.825,5.250,41.183,1.779,8.399,0.000,34.886,0,834.989
302.000,5,53.603,5.141,45.559,2.770,6.019,0.000,13.570,0,1017.962
303.000,5,41.516,5.005,38.322,2.525,4.365,0.000,32.708,0,1062.347
304.000,5,51.864,5.063,37.926,2.162,5.861,0.000,28.901,0,1096.650
305.000,5,53.676,5.135,42.060,2.450,8.304,0.000,13.456,0,886.925
306.000,5,45.132,5.120,46.502,2.139,8.420,0.000,30.706,0,999.053
307.000,5,56.928,4.869,37.823,1.644,5.451,112.289,38.001,0,841.101
308.000,5,44.338,4.918,42.076,1.969,7.893,95.249,15.988,0,822.608
309.000,5,42.820,4.835,43.877,2.362,3.679,32.108,75.671,1,888.718
310.000,5,42.920,4.947,39.773,2.284,5.513,0.000,20.593,0,806.134
311.000,5,36.177,5.028,40.584,4.165,5.266,0.000,19.132,0,1150.643
312.000,5,49.039,4.999,42.403,2.159,6.357,0.000,63.951,0,581.391
313.000,5,47.894,5.133,44.356,2.947,6.584,58.164,62.870,0,612.216
314.000,5,52.591,4.956,42.087,2.627,6.072,0.000,33.524,1,860.297
315.000,5,47.477,5.149,43.153,2.156,6.209,24.719,42.763,0,704.711
316.000,5,48.907,5.058,42.007,2.567,8.853,129.559,60.560,0,971.015
317.000,5,44.078,4.821,43.266,1.945,7.521,0.000,41.783,0,747.144
318.000,5,47.842,4.891,43.089,3.292,6.242,0.000,49.362,1,1263.506
319.000,5,36.922,4.878,46.458,2.702,5.976,93.366,21.616,0,954.439
320.000,5,46.547,4.769,41.552,2.315,4.422,0.000,37.146,0,928.510
321.000,5,47.054,4.869,43.580,2.437,5.105,0.000,24.009,0,720.762
322.000,5,47.848,4.917,42.062,2.446,5.533,0.000,13.372,0,975.268
323.000,5,38.862,4.848,42.764,2.010,5.678,0.000,37.483,0,1141.829
324.000,5,46.345,5.147,42.368,3.140,4.834,16.315,33.213,0,856.605
325.000,5,44.299,5.100,41.517,1.681,4.641,79.236,75.801,0,864.465
326.000,5,39.409,5.109,45.003,1.832,9.737,0.000,72.652,0,865.373
327.000,5,46.077,5.002,40.458,2.219,4.441,0.000,75.930,1,890.842
328.000,5,46.813,5.035,38.787,1.705,5.764,0.000,34.267,1,907.052
329.000,5,52.080,5.016,39.423,1.759,3.531,0.000,64.084,0,625.417
330.000,5,47.024,5.119,41.869,1.859,5.738,25.165,10.373,0,1053.192
331.000,5,45.076,5.289,38.782,3.773,6.670,0.000,55.130,1,872.117
332.000,5,42.287,5.229,44.180,1.959,6.599,0.000,21.073,1,964.175
333.000,5,43.214,5.043,38.904,2.002,6.914,0.000,39.208,0,1109.191
334.000,5,43.867,4.980,41.779,2.155,6.463,59.930,70.359,1,789.505
335.000,5,41.037,4.755,35.473,1.924,6.969,0.000,63.276,1,1235.690
336.000,5,34.002,5.132,45.369,1.854,4.295,0.000,27.212,1,842.941
337.000,5,49.203,5.057,45.132,1.790,6.480,0.000,76.383,0,1051.838
338.000,5,52.350,5.239,46.485,1.889,7.792,49.991,17.944,1,777.020
339.000,5,48.339,4.972,42.947,3.813,6.448,0.000,27.731,0,762.426
340.000,5,51.640,4.983,45.161,3.224,5.391,37.850,55.157,0,896.916
341.000,5,37.916,5.077,41.939,3.082,10.429,0.000,58.712,0,682.393
342.000,5,38.626,5.123,45.237,2.340,5.790,0.000,25.539,0,871.611
343.000,5,50.355,5.198,43.472,2.015,6.338,0.000,51.918,0,1024.064
344.000,5,46.696,5.017,42.956,1.956,8.702,0.000,31.925,0,1079.464
345.000,5,46.230,5.009,43.791,2.760,7.239,0.000,34.168,0,893.925
346.000,5,39.334,4.879,39.204,2.894,5.327,0.000,77.772,1,836.546
347.000,5,41.395,5.151,44.054,1.997,5.873,0.000,41.487,1,732.950
348.000,5,41.284,5.193,37.767,2.759,6.154,0.000,21.749,0,636.783
349.000,5,30.003,4.836,43.470,2.364,5.958,0.000,45.209,0,753.156
350.000,5,51.916,4.716,38.335,2.193,8.713,0.000,64.740,0,916.518
351.000,5,47.912,4.998,44.356,3.459,7.208,15.367,47.868,0,704.071
352.000,5,42.993,4.873,38.223,5.415,4.692,0.000,66.670,1,596.378
353.000,5,48.519,4.763,42.314,2.000,3.186,131.969,56.059,0,606.418
354.000,5,50.967,4.794,42.773,1.901,7.535,164.113,18.006,0,796.233
355.000,5,44.975,5.025,43.807,1.842,7.203,0.000,70.759,0,1060.737
356.000,5,35.916,5.036,41.277,2.504,8.514,46.721,68.091,0,960.758
357.000,5,47.846,5.039,38.209,1.900,5.829,0.000,12.512,0,1108.134
358.000,5,47.050,5.228,45.205,2.628,9.031,125.168,43.301,1,832.018
359.000,5,50.160,5.213,41.742,3.656,7.051,0.000,16.480,0,898.120
360.000,5,48.924,4.937,42.143,2.191,7.773,102.002,54.018,0,807.603
361.000,5,49.182,4.714,45.650,1.826,7.968,0.000,38.653,0,1028.342
362.000,5,45.034,5.007,42.466,2.759,8.390,80.294,21.716,0,813.103
363.000,5,46.009,5.185,40.997,2.823,8.428,188.155,73.451,1,763.030
364.000,5,47.057,5.192,40.880,3.331,6.094,0.000,24.038,1,845.744
365.000,5,40.367,4.942,38.108,2.650,5.142,0.000,19.082,1,1109.675
366.000,5,42.853,5.142,39.733,2.441,5.945,0.000,28.341,1,903.696
367.000,5,42.439,5.330,40.026,2.518,6.804,0.000,25.975,0,934.109
368.000,5,50.685,4.736,40.162,2.415,6.655,0.000,67.818,0,901.751
369.000,5,49.848,4.997,42.911,2.526,6.473,0.000,45.460,1,885.424
370.000,5,39.377,5.197,41.893,2.348,8.275,115.341,76.993,0,732.637
371.000,5,39.529,4.700,40.920,2.331,7.544,0.000,65.628,1,881.937
372.000,5,42.615,5.188,40.984,3.270,6.585,94.837,24.678,1,1072.140
373.000,5,33.041,4.921,39.958,1.863,6.636,146.508,43.247,1,917.932
374.000,5,34.108,5.004,39.168,2.832,8.314,16.749,75.884,0,1105.764
375.000,5,41.993,5.107,39.929,2.121,5.873,112.235,67.213,0,870.778
376.000,5,41.052,4.851,46.600,2.477,6.841,0.000,11.403,0,827.481
377.000,5,35.606,4.980,43.419,2.596,5.613,0.000,26.774,1,863.555
378.000,5,46.362,4.796,40.497,1.884,8.696,114.199,29.662,1,867.504
379.000,5,40.187,4.967,39.912,2.854,7.278,0.000,22.968,0,951.512
380.000,5,43.479,4.948,43.667,2.734,9.380,150.375,22.532,0,760.506
381.000,5,40.149,4.784,41.632,2.415,4.526,0.000,15.632,1,888.313
382.000,5,49.237,5.207,43.176,2.209,8.914,0.000,53.421,0,817.058
383.000,5,44.964,5.009,40.383,2.605,6.422,0.000,73.169,0,605.117
384.000,5,47.606,4.532,41.778,2.438,4.363,0.000,17.925,1,947.727
385.000,5,48.126,4.988,40.127,2.921,7.407,68.566,32.089,1,542.159
386.000,5,40.374,4.901,40.405,2.045,5.726,230.687,24.781,1,845.617
387.000,5,41.352,5.168,40.020,3.164,4.504,232.835,13.593,1,706.429
388.000,5,33.705,5.139,40.842,2.543,5.514,130.756,71.527,0,852.222
389.000,5,44.342,5.263,43.494,2.155,6.449,164.689,24.634,1,899.956
390.000,5,45.498,5.017,41.443,2.151,3.562,0.000,68.698,1,1006.528
391.000,5,41.005,5.071,42.048,2.370,6.573,235.065,13.987,1,658.051
392.000,5,40.258,5.183,41.412,2.940,5.962,0.000,71.486,1,709.576
393.000,5,45.508,4.849,40.301,2.077,8.852,0.000,24.363,0,895.578
394.000,5,39.164,4.762,40.245,3.182,7.160,28.303,11.367,0,897.214
395.000,5,42.291,5.046,38.070,3.760,5.597,200.141,16.336,1,694.341
396.000,5,41.216,4.867,46.299,2.706,6.912,0.000,63.461,0,829.038
397.000,5,36.398,4.911,37.396,3.351,3.627,171.315,43.308,1,558.585
398.000,5,48.859,4.976,41.802,2.235,7.253,58.754,31.292,0,734.663
399.000,5,34.944,4.784,44.862,2.706,5.252,0.000,18.773,0,621.118
400.000,5,35.622,5.101,38.041,1.911,9.172,0.000,39.599,0,748.398
401.000,5,45.821,4.698,41.984,3.789,6.457,83.466,38.601,1,658.131
402.000,5,47.197,5.093,47.036,2.796,4.907,0.000,36.004,0,817.108
403.000,5,48.866,5.254,36.155,2.903,9.577,134.246,47.278,0,823.937
404.000,5,49.707,5.083,38.992,2.515,7.893,203.077,56.994,1,833.387
405.000,5,45.168,4.994,40.810,2.259,5.245,0.000,36.743,0,839.667
406.000,5,39.907,4.930,39.917,2.822,7.447,0.000,77.326,1,797.271
407.000,5,46.556,5.269,36.697,4.145,6.358,140.541,40.303,1,684.989
408.000,5,45.158,4.939,44.397,2.341,5.425,0.000,17.244,0,1038.610
409.000,5,50.959,5.281,40.660,2.281,7.592,48.638,28.184,0,855.454
410.000,5,50.332,4.672,40.926,3.830,6.468,0.000,66.590,1,533.573
411.000,5,49.558,5.037,43.860,2.277,6.167,4.515,38.612,0,756.672
412.000,5,34.243,4.894,40.190,3.246,5.998,0.000,78.971,0,736.767
413.000,5,42.591,5.073,42.484,2.324,6.342,0.000,73.643,0,735.427
414.000,5,44.264,4.979,45.027,2.402,5.937,247.892,68.562,0,838.405
415.000,5,42.222,5.081,40.915,2.854,8.810,0.000,32.776,0,770.595
416.000,5,39.876,4.626,40.194,2.379,7.567,114.927,61.422,0,816.604
417.000,5,40.561,5.231,39.870,2.652,5.355,0.000,67.020,0,632.172
418.000,5,49.767,5.067,39.534,2.058,9.460,245.438,77.181,0,1029.909
419.000,5,48.976,4.888,37.513,2.204,7.834,100.554,37.073,0,793.228
420.000,5,42.801,5.152,45.630,2.165,3.471,0.000,51.018,0,838.895
421.000,5,43.416,5.078,40.584,2.275,9.147,0.000,67.147,0,850.523
422.000,5,43.171,4.816,38.183,2.457,5.405,0.000,31.947,0,878.571
423.000,5,39.399,5.136,41.291,2.225,6.695,0.000,49.018,1,836.189
424.000,5,43.892,5.125,45.158,2.281,7.345,76.321,72.687,0,934.567
425.000,5,46.424,5.057,44.436,2.759,7.298,247.145,42.430,0,367.196
426.000,5,41.521,4.928,41.831,2.318,6.190,70.908,24.115,1,898.894
427.000,5,45.662,4.978,44.520,2.593,7.455,0.000,78.498,0,934.633
428.000,5,47.218,4.861,38.055,4.650,6.594,0.000,28.480,1,641.994
429.000,5,41.867,5.156,39.394,3.602,4.375,98.635,35.129,1,870.292
430.000,5,41.849,4.932,44.388,3.277,5.170,6.965,47.683,1,752.073
431.000,5,49.276,5.097,38.970,2.058,6.877,220.888,31.365,0,656.603
432.000,5,42.386,5.089,41.172,3.756,8.787,99.316,61.493,0,553.834
433.000,5,46.841,4.994,44.171,2.659,8.099,0.000,20.458,0,1001.574
434.000,5,45.975,4.889,35.788,2.729,7.184,0.000,24.224,0,791.709
435.000,5,43.640,4.998,38.343,2.659,6.956,0.000,74.931,1,733.010
436.000,5,32.122,5.143,40.542,2.651,7.977,0.000,59.457,1,731.187
437.000,5,48.766,5.110,44.376,2.466,6.964,0.000,57.296,0,844.052
438.000,5,49.002,4.986,40.356,3.953,7.487,84.235,79.101,1,555.810
439.000,5,42.150,4.784,38.031,2.536,6.459,0.000,72.631,0,805.480
440.000,5,40.535,5.040,42.075,2.250,6.705,240.552,35.619,0,807.251
441.000,5,36.755,5.242,39.757,3.746,3.757,84.041,43.822,0,914.766
442.000,5,39.158,4.660,44.005,2.235,7.910,103.857,27.179,0,1055.138
443.000,5,42.960,4.976,36.229,4.037,8.259,0.000,74.012,0,501.640
444.000,5,42.775,4.577,42.739,3.667,4.324,0.000,28.168,0,686.855
445.000,5,45.929,4.814,40.010,2.491,8.159,23.042,26.651,0,876.835
446.000,5,44.891,5.261,38.664,3.393,8.147,0.000,73.671,1,1189.135
447.000,5,52.091,4.859,42.909,3.130,5.231,252.577,79.884,0,805.795
448.000,5,44.861,4.931,42.067,3.020,6.524,126.824,24.366,0,754.875
449.000,5,43.175,5.034,38.695,2.507,7.006,0.000,65.554,1,836.305
450.000,5,40.957,4.949,37.721,3.596,8.952,284.694,21.204,0,603.039
451.000,5,40.111,4.928,40.954,2.157,3.691,35.650,14.825,0,905.775
452.000,5,46.865,5.253,42.530,3.210,6.157,220.789,33.795,0,857.467
453.000,5,45.556,5.271,38.172,2.153,6.510,153.444,57.657,0,671.306
454.000,5,42.881,5.190,39.012,2.257,5.547,303.554,32.450,1,678.285
455.000,5,41.455,4.965,40.852,3.125,6.936,0.000,34.413,0,618.130
456.000,5,45.670,5.215,35.271,2.795,6.856,0.000,16.692,1,726.931
457.000,5,43.343,5.076,45.651,2.629,5.400,198.514,30.086,0,853.543
458.000,5,40.211,4.967,40.415,2.451,6.966,0.000,79.862,1,1126.076
459.000,5,42.818,5.170,37.638,2.505,6.791,61.216,60.454,0,708.153
460.000,5,49.676,5.169,41.414,2.588,4.488,309.141,22.593,0,747.130
461.000,5,33.510,5.220,37.950,2.968,5.261,0.000,75.854,0,920.660
462.000,5,50.424,5.140,38.244,2.895,6.073,206.685,36.119,0,737.959
463.000,5,43.412,4.873,38.382,3.657,12.179,0.000,73.288,0,482.392
464.000,5,44.100,4.702,38.844,3.216,7.508,236.931,18.602,0,744.085
465.000,5,45.477,5.038,38.530,4.031,7.376,4.945,11.154,0,671.976
466.000,5,44.921,5.211,46.556,2.827,8.156,61.286,62.958,0,816.778
467.000,5,41.738,4.952,42.419,3.296,5.646,0.000,58.606,0,720.107
468.000,5,39.003,5.323,44.867,2.748,6.311,305.058,69.706,1,693.128
469.000,5,45.927,4.590,39.696,2.857,7.848,75.424,23.961,0,773.164
470.000,5,44.461,5.187,39.563,2.123,9.275,29.382,55.746,0,728.970
471.000,5,44.968,5.155,39.637,2.839,7.253,0.000,62.702,1,889.615
472.000,5,47.319,5.325,40.553,2.633,5.413,70.055,18.917,0,765.401
473.000,5,53.158,5.021,41.355,3.720,7.626,171.797,45.901,0,759.424
474.000,5,42.570,5.091,39.124,3.106,5.679,0.000,40.149,0,761.145
475.000,5,36.399,5.006,42.350,3.505,3.523,0.000,50.724,0,639.834
476.000,5,48.474,5.013,38.510,2.463,8.496,0.000,76.824,0,1006.318
477.000,5,47.529,4.855,42.011,2.134,8.992,30.761,27.340,0,821.520
478.000,5,49.694,5.056,38.575,2.680,5.712,57.093,40.399,1,793.756
479.000,5,48.119,4.968,42.714,3.255,5.800,15.215,45.024,1,691.735
480.000,5,36.718,4.703,40.817,2.239,7.824,209.517,68.170,1,685.300
481.000,5,40.836,5.080,41.589,3.231,7.173,216.788,54.984,0,642.875
482.000,5,42.762,4.720,37.989,3.301,5.955,0.000,74.213,0,977.575
483.000,5,46.567,5.190,39.172,2.318,3.927,97.049,60.040,0,503.580
484.000,5,44.824,4.886,41.506,2.448,8.532,11.992,67.301,1,800.215
485.000,5,47.875,4.791,40.851,3.013,7.663,0.000,49.744,0,605.823
486.000,5,38.657,5.109,39.167,2.599,5.550,302.931,43.226,1,751.814
487.000,5,35.791,4.841,33.063,3.764,7.101,241.584,66.452,1,657.885
488.000,5,41.575,5.039,41.308,2.252,6.908,220.384,73.414,0,849.465
489.000,5,38.193,5.297,39.387,3.769,8.893,212.654,45.763,1,770.638
490.000,5,45.091,5.153,39.558,2.680,6.709,198.037,35.497,0,617.844
491.000,5,44.739,4.971,41.170,2.859,5.705,0.000,19.630,0,1057.762
492.000,5,53.582,5.066,40.091,2.361,5.291,0.000,62.153,0,820.094
493.000,5,40.378,4.820,35.742,2.613,5.992,47.292,66.902,0,428.807
494.000,5,39.283,5.178,39.923,3.036,5.431,273.388,45.272,0,636.745
495.000,5,45.391,5.104,40.955,3.190,6.362,107.020,36.394,0,766.275
496.000,5,45.380,4.721,41.692,2.342,7.016,174.758,26.004,1,782.441
497.000,5,45.933,4.716,42.269,3.165,6.274,0.000,39.921,0,661.984
498.000,5,50.897,5.052,39.202,2.631,6.689,0.000,59.779,0,927.272
499.000,5,43.059,4.966,38.402,2.809,6.273,148.343,53.505,1,535.522
500.000,5,45.377,4.679,39.596,3.160,6.562,285.448,21.949,0,785.766
501.000,5,39.006,4.486,38.706,3.676,6.944,184.928,45.448,1,826.984
502.000,5,43.115,4.816,38.680,2.331,6.412,56.085,12.303,1,812.472
503.000,5,43.462,4.954,45.086,3.938,8.086,129.690,45.043,0,733.543
504.000,5,46.131,5.153,42.514,2.427,7.462,278.517,40.850,1,792.285
505.000,5,53.391,5.117,43.639,3.336,5.945,318.289,43.663,0,715.446
506.000,5,35.589,5.304,38.663,2.715,4.609,0.000,74.582,1,724.759
507.000,5,35.941,5.105,40.672,2.810,7.693,0.000,12.373,0,659.995
508.000,5,38.706,4.928,40.261,3.675,5.670,15.402,26.949,0,914.617
509.000,5,39.298,5.131,34.417,3.864,4.779,150.262,55.968,1,874.673
510.000,5,39.464,5.382,41.657,2.572,7.143,326.437,43.643,0,694.230
511.000,5,39.738,5.192,43.023,2.738,5.219,60.783,42.107,0,820.666
512.000,5,43.415,5.134,39.793,4.981,4.661,0.000,70.951,1,688.877
513.000,5,45.890,5.186,39.928,3.936,5.736,0.000,43.043,1,435.065
514.000,5,51.674,5.028,37.163,3.599,5.229,0.000,50.340,1,646.950
515.000,5,42.975,5.083,43.001,3.103,8.004,0.000,49.850,0,674.128
516.000,5,39.323,4.840,37.734,3.369,6.926,0.000,16.975,0,828.282
517.000,5,52.282,5.005,40.443,3.354,6.971,284.107,44.980,1,387.712
518.000,5,43.516,4.958,40.250,3.540,6.333,198.796,29.682,0,826.522
519.000,5,47.339,5.194,42.509,2.261,7.295,0.000,17.980,0,777.868
520.000,5,49.527,5.199,38.769,2.377,7.000,0.000,59.198,0,727.024
521.000,5,49.343,4.888,39.211,2.981,6.021,271.569,68.489,0,745.169
522.000,5,41.324,4.845,35.892,2.629,6.195,0.000,20.279,0,528.032
523.000,5,45.567,4.956,35.731,4.062,6.779,0.000,76.538,0,519.122
524.000,5,45.934,5.173,36.991,2.745,9.400,0.000,11.118,0,688.545
525.000,5,41.466,4.897,39.424,3.933,9.633,0.000,79.081,0,871.796
526.000,5,58.319,4.764,39.492,2.576,6.333,132.878,54.423,0,510.903
527.000,5,36.306,4.553,35.579,3.364,7.194,366.607,76.090,1,425.048
528.000,5,48.476,5.014,41.040,3.515,6.628,0.000,76.605,0,547.804
529.000,5,51.530,5.165,35.984,2.714,7.852,25.651,64.151,1,782.150
530.000,5,48.536,5.046,37.070,3.276,6.992,0.000,58.801,0,1000.133
531.000,5,42.114,4.829,36.594,3.934,4.238,238.475,37.317,0,692.675
532.000,5,46.654,4.932,41.445,3.472,6.367,111.040,64.541,1,671.594
533.000,5,51.688,4.861,38.695,2.982,5.279,310.518,64.608,0,942.174
534.000,5,58.500,4.896,42.753,3.365,5.189,0.000,28.644,1,499.226
535.000,5,45.506,5.042,42.201,3.101,5.007,235.483,21.165,1,712.145
536.000,5,56.685,4.941,33.572,2.985,6.377,384.542,52.839,1,526.053
537.000,5,44.990,4.748,38.937,3.294,7.543,291.715,63.335,0,739.083
538.000,5,43.591,5.039,35.704,3.225,8.680,294.024,14.432,1,555.430
539.000,5,36.847,5.167,35.623,2.449,6.278,0.000,32.533,0,725.958
540.000,5,50.444,5.010,39.225,3.161,6.036,241.562,17.029,0,725.471
541.000,5,43.309,4.852,40.486,2.953,6.759,75.487,79.657,0,696.117
542.000,5,44.324,5.121,36.431,2.525,7.387,358.300,61.565,0,867.662
543.000,5,46.688,4.834,40.424,3.603,7.264,0.000,36.982,0,998.307
544.000,5,40.003,5.181,41.297,2.360,7.244,60.855,20.421,1,1055.875
545.000,5,36.904,5.133,42.359,2.490,8.787,388.361,30.739,0,1041.098
546.000,5,40.499,5.118,38.617,2.389,6.595,319.320,52.812,0,981.756
547.000,5,52.098,5.168,41.382,3.410,6.401,39.307,77.558,0,863.443
548.000,5,43.503,5.050,45.480,3.354,7.814,367.287,16.770,0,910.713
549.000,5,44.066,5.205,39.205,3.479,5.408,0.000,51.547,0,908.055
550.000,5,41.932,4.868,42.317,4.295,5.392,255.006,76.377,1,590.350
551.000,5,35.225,5.035,41.436,2.850,8.422,0.000,33.672,0,1056.787
552.000,5,46.006,4.837,42.498,2.447,6.945,358.911,18.009,0,575.478
553.000,5,41.560,5.356,40.815,3.085,5.859,293.272,70.906,1,637.269
554.000,5,42.574,4.931,37.079,3.184,6.350,0.000,65.965,0,284.856
555.000,5,48.241,4.979,39.042,4.556,5.939,166.142,24.796,0,453.077
556.000,5,44.135,5.125,42.339,2.945,8.228,304.059,68.874,1,859.814
557.000,5,54.398,5.206,35.311,3.497,5.184,130.001,63.177,0,544.917
558.000,5,38.779,4.928,44.023,2.716,8.278,133.652,60.246,1,882.811
559.000,5,43.124,4.811,39.788,3.657,5.708,0.000,67.832,1,756.437
560.000,5,48.529,4.971,39.669,2.902,7.039,220.666,66.444,0,823.788
561.000,5,47.316,4.783,42.216,2.521,8.339,39.111,50.952,1,866.488
562.000,5,42.771,4.942,37.577,3.941,6.972,384.997,32.078,0,626.777
563.000,5,50.555,5.166,41.017,2.565,10.086,0.000,18.004,1,814.381
564.000,5,44.917,5.053,37.118,2.561,7.155,195.597,70.599,0,772.939
565.000,5,53.952,5.210,40.969,2.738,6.872,336.663,20.563,0,897.937
566.000,5,37.873,5.126,40.142,2.762,6.034,259.870,34.805,0,852.082
567.000,5,43.705,4.877,38.205,4.089,6.134,35.308,52.758,0,772.268
568.000,5,44.206,5.001,40.590,3.515,6.285,79.158,48.627,0,955.658
569.000,5,41.462,4.938,39.468,2.533,7.406,116.103,50.504,0,746.410
570.000,5,44.708,4.977,42.821,2.780,6.934,331.569,15.017,1,1037.785
571.000,5,46.794,5.044,38.933,3.193,4.640,17.763,44.329,1,691.410
572.000,5,41.447,4.704,39.820,3.202,7.494,175.709,78.003,0,895.324
573.000,5,46.466,5.109,39.979,2.736,5.068,0.000,45.423,1,818.893
574.000,5,44.800,4.882,38.166,2.880,8.734,154.644,27.094,0,656.833
575.000,5,45.721,5.169,40.344,3.657,8.109,107.272,51.403,1,718.748
576.000,5,46.607,4.878,39.634,3.033,2.894,173.910,25.533,0,710.692
577.000,5,40.635,5.027,37.570,2.925,6.659,35.917,44.585,0,840.530
578.000,5,42.931,5.173,36.060,3.287,6.490,288.762,65.585,0,650.734
579.000,5,45.647,5.015,37.158,3.977,5.989,377.963,62.099,0,552.865
580.000,5,41.138,5.092,36.839,2.493,6.550,191.250,40.874,0,704.294
581.000,5,36.646,5.051,31.938,2.885,8.275,370.932,71.542,1,569.748
582.000,5,47.732,4.852,36.933,3.219,6.933,73.480,25.860,0,694.489
583.000,5,52.572,5.011,39.058,3.859,6.995,287.838,18.618,1,684.397
584.000,5,47.785,5.210,40.984,3.398,4.165,211.951,40.284,1,784.451
585.000,5,40.509,4.801,40.586,3.473,6.235,226.415,34.502,0,839.794
586.000,5,43.977,4.817,42.531,4.267,4.275,208.142,68.307,1,734.070
587.000,5,40.179,4.983,36.156,2.735,6.709,374.716,57.652,0,471.626
588.000,5,33.477,4.807,36.369,3.040,6.406,54.247,22.952,0,832.687
589.000,5,48.173,4.856,37.794,2.804,7.857,143.303,47.346,0,870.531
590.000,5,41.561,5.066,33.589,2.757,7.639,438.416,11.054,0,516.888
591.000,5,48.610,5.100,39.262,2.545,5.888,135.407,36.808,0,903.614
592.000,5,45.195,5.039,40.787,3.622,6.172,368.062,52.348,1,1041.067
593.000,5,47.539,5.088,41.393,3.276,5.665,6.514,67.974,0,540.510
594.000,5,36.562,5.117,43.281,4.125,8.866,323.719,49.031,0,750.040
595.000,5,44.539,5.019,38.178,3.658,6.782,216.202,62.194,1,769.488
596.000,5,43.013,4.834,38.487,2.605,8.206,256.324,63.169,0,956.758
597.000,5,41.429,4.847,39.036,2.827,6.018,0.000,43.532,1,488.726
598.000,5,45.954,4.916,37.897,2.723,4.914,236.609,44.804,1,598.546
599.000,5,41.549,5.027,43.874,2.839,6.961,377.684,43.547,0,591.072
600.000,5,43.872,5.154,43.884,3.607,6.878,192.296,20.182,1,834.430
601.000,5,45.365,5.202,35.528,4.233,8.559,401.455,24.834,1,707.654
602.000,5,59.466,5.062,36.051,3.341,8.331,152.102,42.041,1,540.075
603.000,5,38.404,5.085,36.047,3.422,4.881,309.292,13.539,0,509.509
604.000,5,39.427,4.945,41.407,2.656,7.579,295.124,38.069,0,937.379
605.000,5,42.419,5.136,36.085,4.029,4.044,196.472,68.102,1,828.780
606.000,5,41.873,5.277,39.361,2.702,6.875,0.000,57.654,0,830.549
607.000,5,42.042,5.034,40.096,3.508,4.874,400.377,76.022,0,825.898
608.000,5,37.105,5.032,37.595,2.755,8.328,158.387,40.943,0,651.979
609.000,5,44.634,5.150,41.202,2.831,9.517,379.306,20.067,0,555.921
610.000,5,40.967,5.164,39.942,3.915,7.918,456.101,20.424,0,291.964
611.000,5,42.587,5.041,35.844,3.168,7.766,96.981,37.897,0,494.365
612.000,5,45.634,4.892,36.501,4.221,7.849,171.185,15.049,0,495.664
613.000,5,44.633,5.206,38.664,3.757,5.519,393.298,55.590,0,613.244
614.000,5,40.570,5.033,37.299,3.802,5.450,277.857,49.197,1,622.196
615.000,5,46.488,4.868,36.107,3.474,5.863,196.240,46.362,0,787.665
616.000,5,45.139,5.145,37.498,3.231,4.547,458.579,60.471,0,603.852
617.000,5,49.655,4.866,39.170,4.120,4.400,42.580,68.309,1,590.390
618.000,5,46.771,4.772,36.926,2.585,10.696,161.254,38.448,0,606.995
619.000,5,45.768,5.000,44.195,3.233,2.255,19.441,15.940,1,678.239
620.000,5,45.210,4.792,36.739,3.166,8.076,281.730,38.031,0,675.819
621.000,5,40.323,4.812,44.751,2.818,7.178,446.122,47.613,1,706.191
622.000,5,44.507,5.010,37.581,2.616,8.155,414.824,69.098,0,621.576
623.000,5,48.860,5.002,41.087,3.122,6.104,0.000,13.096,0,764.925
624.000,5,45.792,4.729,37.645,3.785,7.557,424.833,63.762,0,720.069
625.000,5,41.708,4.875,37.831,3.713,5.028,0.000,41.005,0,830.476
626.000,5,41.580,4.840,37.494,3.927,5.794,157.131,35.017,0,539.803
627.000,5,51.129,5.239,42.645,3.864,4.385,416.581,66.346,0,592.194
628.000,5,53.503,4.890,36.453,3.012,5.478,456.828,68.069,0,679.165
629.000,5,51.943,4.953,36.465,2.819,7.837,0.000,49.637,0,883.060
630.000,5,36.348,5.366,42.484,3.255,6.897,10.259,26.628,0,747.802
631.000,5,42.734,4.767,40.508,3.017,7.652,339.216,11.830,1,542.156
632.000,5,42.015,5.034,38.432,3.647,5.770,419.026,54.847,0,757.368
633.000,5,45.131,5.386,36.058,3.051,9.986,316.850,58.472,0,552.013
634.000,5,37.566,4.965,41.475,2.771,8.718,218.654,20.638,0,867.114
635.000,5,50.177,5.117,35.961,4.326,7.634,423.384,52.263,1,725.002
636.000,5,37.893,5.067,37.462,3.023,8.705,476.768,36.499,0,520.284
637.000,5,50.117,4.892,40.739,2.872,7.288,171.100,16.008,1,634.751
638.000,5,43.554,4.912,40.191,2.859,7.283,360.262,65.519,1,922.305
639.000,5,45.536,5.025,38.758,3.347,8.434,0.000,37.573,0,757.844
640.000,5,37.652,5.165,37.732,3.533,5.632,285.693,58.149,1,727.944
641.000,5,42.306,4.926,41.073,3.823,7.186,97.166,72.012,0,679.024
642.000,5,50.317,4.975,39.802,2.653,7.380,273.123,30.066,1,812.008
643.000,5,41.301,4.792,39.673,3.120,7.402,483.167,55.366,0,759.880
644.000,5,38.202,5.095,36.349,2.685,4.953,3.287,18.072,0,578.876
645.000,5,47.815,5.051,40.635,3.281,6.496,269.873,55.889,0,827.566
646.000,5,40.018,5.012,38.395,2.996,7.859,486.065,61.875,0,763.090
647.000,5,51.246,4.982,36.944,3.300,5.805,293.707,46.847,0,606.489
648.000,5,42.774,5.050,43.283,3.020,5.915,407.822,33.497,0,804.106
649.000,5,43.564,4.986,34.356,3.862,7.004,74.819,31.951,1,609.221
650.000,5,49.600,5.130,39.738,3.522,6.246,294.243,74.038,0,646.845
651.000,5,53.783,5.121,37.751,3.038,7.290,41.541,33.681,0,403.844
652.000,5,44.906,4.943,39.645,3.046,5.086,188.014,36.521,0,765.317
653.000,5,44.073,5.122,40.103,2.724,8.619,201.411,57.074,0,930.523
654.000,5,44.638,5.030,41.214,4.060,7.682,142.286,23.019,1,721.220
655.000,5,51.638,5.321,35.430,2.680,5.471,397.071,61.048,1,707.273
656.000,5,40.082,4.940,37.689,3.417,8.702,188.522,64.618,0,575.694
657.000,5,43.806,4.897,38.958,3.920,10.334,281.571,69.403,1,669.783
658.000,5,51.220,5.234,40.358,2.800,8.631,29.644,56.448,0,821.613
659.000,5,37.897,4.845,42.170,3.175,7.114,67.688,13.099,0,612.199
660.000,5,46.015,5.138,36.844,3.349,3.678,98.180,71.227,0,511.875
661.000,5,43.162,4.879,38.820,3.509,6.527,466.738,59.759,0,264.462
662.000,5,49.132,5.098,39.258,2.818,7.622,41.704,68.142,1,610.532
663.000,5,44.701,5.156,37.925,3.026,6.562,44.455,46.895,0,481.165
664.000,5,40.952,5.100,35.958,3.199,8.162,179.037,58.865,0,527.220
665.000,5,40.465,4.792,37.113,3.796,8.954,0.000,72.022,1,615.123
666.000,5,33.171,4.770,39.727,4.542,6.615,286.471,54.832,1,553.294
667.000,5,46.923,5.007,39.678,2.741,9.012,382.548,35.704,1,818.935
668.000,5,45.228,4.956,30.385,2.874,8.567,504.194,72.731,1,436.366
669.000,5,39.462,5.097,37.369,2.924,7.908,222.987,58.821,1,484.049
670.000,5,33.864,4.967,39.393,5.080,5.713,181.705,72.762,0,867.584
671.000,5,40.249,4.971,35.244,2.841,9.318,515.427,24.095,0,576.793
672.000,5,40.773,4.856,39.179,4.706,8.059,352.122,65.001,1,487.110
673.000,5,50.010,4.703,34.430,2.786,5.176,356.099,69.928,1,610.915
674.000,5,36.540,5.121,38.945,2.736,7.021,434.728,71.346,0,371.950
675.000,5,53.264,4.937,39.547,2.965,7.714,0.000,37.082,0,748.891
676.000,5,50.766,4.901,38.389,3.991,10.817,410.107,67.059,0,636.351
677.000,5,53.954,5.168,41.716,3.634,7.055,134.113,25.484,0,548.491
678.000,5,44.869,4.992,42.530,3.432,4.848,341.861,67.639,1,539.359
679.000,5,43.779,4.547,38.902,3.604,7.619,455.668,14.535,1,513.067
680.000,5,48.391,4.932,42.949,4.424,6.665,214.961,71.113,0,778.076
681.000,5,33.585,5.100,37.594,3.629,8.336,159.518,57.758,0,799.377
682.000,5,39.982,4.886,37.351,4.029,6.786,379.015,27.849,1,595.476
683.000,5,44.974,4.889,36.628,3.728,9.041,460.837,30.539,1,669.042
684.000,5,47.260,5.077,34.520,4.563,7.630,98.954,24.383,1,632.612
685.000,5,46.942,5.127,35.913,4.166,4.714,451.489,43.620,1,660.595
686.000,5,39.362,5.292,33.856,4.219,7.931,5.698,25.618,1,464.616
687.000,5,44.150,4.926,37.258,3.557,6.432,247.643,74.055,1,595.626
688.000,5,47.313,4.934,30.745,3.145,6.906,129.260,75.209,1,542.587
689.000,5,50.337,5.084,38.158,4.160,7.766,347.876,27.927,1,600.391
690.000,5,48.986,4.973,42.497,3.828,7.021,528.001,41.973,1,807.821
691.000,5,41.712,5.168,37.630,4.358,7.886,114.080,69.598,1,606.810
692.000,5,39.091,4.892,38.875,3.649,6.433,9.940,27.480,1,629.333
693.000,5,41.250,5.063,39.140,3.929,5.778,16.046,62.994,1,586.689
694.000,5,41.267,5.068,41.378,3.989,5.726,316.962,52.452,1,736.511
695.000,5,40.652,4.694,38.483,4.422,9.461,100.554,39.805,0,381.043
696.000,5,51.877,5.069,40.036,3.015,5.804,18.220,79.029,0,691.014
697.000,5,40.720,5.249,32.673,2.889,8.907,171.656,26.608,0,443.847
698.000,5,38.358,5.042,37.133,5.049,6.923,411.532,54.989,1,861.954
699.000,5,45.414,4.838,39.658,3.162,6.515,177.520,38.964,0,599.423
700.000,5,34.048,5.308,36.554,3.095,6.634,182.892,20.217,0,471.626
701.000,5,44.225,4.782,35.057,4.196,6.337,297.689,77.312,1,348.448
702.000,5,43.816,5.183,34.981,2.920,7.977,501.064,42.269,1,710.923
703.000,5,43.931,4.938,34.225,3.879,9.204,63.838,61.297,1,320.791
704.000,5,50.759,5.049,42.291,5.205,5.510,198.324,21.954,0,299.252
705.000,5,41.609,4.704,43.799,2.905,8.853,206.857,72.484,0,384.790
706.000,5,43.530,5.308,37.472,2.951,7.036,463.046,51.775,0,651.337
707.000,5,55.609,4.997,35.557,4.001,5.994,201.543,63.647,1,528.404
708.000,5,47.640,5.069,37.279,2.883,6.559,234.221,62.076,0,563.553
709.000,5,49.013,5.110,39.517,4.917,7.009,401.006,58.934,1,192.795
710.000,5,41.995,4.943,37.038,3.991,7.862,138.014,69.078,0,553.486
711.000,5,43.853,5.081,41.061,3.802,8.711,116.025,65.668,0,528.869
712.000,5,48.071,5.040,36.508,3.498,6.507,446.406,53.992,0,486.251
713.000,5,44.073,4.968,38.185,3.679,6.331,487.140,56.478,0,509.397
714.000,5,48.323,5.012,35.521,3.632,7.447,323.561,63.083,0,575.642
715.000,5,42.205,4.922,40.125,3.180,7.533,416.373,12.711,0,684.618
716.000,5,50.028,5.010,34.878,3.478,8.868,421.524,39.952,0,686.343
717.000,5,39.369,5.231,35.548,2.968,8.076,522.367,69.905,0,484.245
718.000,5,43.752,5.000,37.342,3.723,6.389,389.945,58.689,0,511.754
719.000,5,36.942,4.773,32.522,4.052,6.074,152.653,49.317,1,251.937
720.000,5,42.061,5.173,42.292,3.459,9.659,259.711,60.211,0,674.990
721.000,5,39.419,5.129,36.777,3.723,6.334,100.923,23.296,1,348.341
722.000,5,43.821,5.040,39.287,3.721,5.146,293.596,38.115,1,670.580
723.000,5,39.374,4.912,37.261,4.298,7.507,329.410,67.179,1,475.040
724.000,5,52.409,4.884,35.899,4.078,8.973,459.589,34.067,1,517.421
725.000,5,42.466,4.954,34.768,4.206,5.556,134.193,23.083,1,732.614
726.000,5,42.242,5.001,34.212,4.278,7.142,192.540,75.782,1,684.519
727.000,5,45.367,4.859,35.873,3.693,7.111,335.464,61.803,0,595.971
728.000,5,49.677,4.981,37.452,3.063,6.911,476.885,38.146,0,502.397
729.000,5,45.090,5.129,41.299,4.238,7.463,453.324,50.229,0,611.740
730.000,5,43.841,4.808,38.755,3.568,5.167,246.456,66.662,0,608.672
731.000,5,48.319,5.219,35.912,3.815,5.773,423.361,39.642,1,441.265
732.000,5,49.744,5.055,35.226,3.164,7.201,84.426,41.905,0,619.239
733.000,5,44.333,5.095,35.233,3.973,7.599,97.326,60.939,1,864.134
734.000,5,44.390,5.109,40.060,2.962,9.036,496.080,43.911,0,776.093
735.000,5,44.367,5.026,42.163,3.218,7.378,555.087,74.936,0,876.122
736.000,5,53.676,4.782,36.707,3.254,8.601,226.638,28.394,1,412.067
737.000,5,43.015,5.044,33.698,3.767,8.788,492.840,65.491,1,533.712
738.000,5,40.328,4.966,39.869,4.225,6.133,276.573,11.607,1,472.866
739.000,5,38.393,4.963,36.340,4.991,8.979,310.566,20.393,0,535.520
740.000,5,39.584,4.948,37.380,4.141,8.796,350.598,60.555,1,383.190
741.000,5,43.616,4.941,39.434,4.636,8.093,137.576,69.434,1,612.939
742.000,5,35.700,5.158,37.929,3.802,7.018,246.977,51.327,1,525.506
743.000,5,40.178,4.802,36.611,3.706,7.981,135.342,48.545,0,306.894
744.000,5,48.002,5.015,35.717,4.495,7.110,225.008,57.325,1,737.017
745.000,5,40.190,4.886,36.815,4.776,6.204,229.051,54.535,0,292.673
746.000,5,48.101,4.912,38.525,3.852,4.143,60.092,40.267,0,543.989
747.000,5,37.415,5.101,34.497,3.906,7.644,431.492,65.375,1,467.930
748.000,5,41.999,4.899,34.908,3.484,6.180,140.658,21.117,0,535.032
749.000,5,42.592,4.958,31.123,3.952,4.465,75.429,43.462,1,236.400
750.000,5,45.141,4.912,35.547,3.083,7.022,144.541,72.049,1,695.291
751.000,5,46.266,4.896,34.499,3.607,5.922,574.251,72.222,0,604.057
752.000,5,48.075,5.130,33.661,4.328,10.072,310.982,55.202,1,393.688
753.000,5,42.187,5.114,35.012,4.459,7.486,417.055,42.453,1,609.102
754.000,5,40.693,4.971,36.323,3.598,7.627,341.054,71.294,1,370.144
755.000,5,44.517,5.180,34.599,2.971,6.647,356.330,46.943,1,519.601
756.000,5,42.852,4.892,32.764,3.235,9.257,360.851,79.165,1,284.462
757.000,5,40.095,5.111,32.641,3.624,9.322,579.481,24.847,1,607.329
758.000,5,41.170,5.089,37.128,3.462,7.567,377.389,48.070,0,728.418
759.000,5,43.878,5.114,36.161,5.343,9.457,245.171,33.843,0,600.463
760.000,5,42.274,5.132,35.171,3.312,6.487,431.334,28.965,1,563.202
761.000,5,43.544,4.974,33.800,3.963,5.414,247.137,22.906,0,369.977
762.000,5,46.238,4.842,36.459,3.078,6.792,274.461,64.107,0,628.896
763.000,5,42.309,5.123,41.135,3.307,8.293,181.482,30.912,0,631.776
764.000,5,46.039,4.844,39.598,3.700,5.400,478.697,67.869,0,614.343
765.000,5,50.142,4.985,39.304,3.395,10.342,249.587,25.290,0,252.886
766.000,5,48.376,5.153,37.461,4.034,6.144,151.393,12.679,1,615.389
767.000,5,40.393,4.742,37.128,4.084,8.142,580.090,12.216,1,448.968
768.000,5,41.679,4.934,39.897,3.730,6.541,116.663,17.042,1,778.587
769.000,5,39.903,4.938,40.031,3.164,9.996,455.573,17.705,1,836.421
770.000,5,44.505,5.224,34.452,4.677,7.930,315.075,52.860,1,423.813
771.000,5,48.518,4.922,35.433,3.356,10.022,495.261,46.554,0,534.800
772.000,5,37.608,5.148,35.201,5.444,4.791,324.063,44.765,1,183.279
773.000,5,46.424,4.904,35.820,3.044,8.247,455.715,78.477,0,640.929
774.000,5,38.537,4.617,39.301,3.534,5.412,496.935,21.791,0,534.111
775.000,5,53.857,4.844,36.431,3.505,9.076,468.280,11.445,0,292.712
776.000,5,40.592,5.083,35.844,4.613,8.186,352.500,57.626,1,462.282
777.000,5,37.885,5.065,37.198,4.054,5.694,128.728,49.461,1,563.273
778.000,5,48.550,5.088,35.922,3.604,7.630,246.071,41.601,1,359.886
779.000,5,47.615,5.037,37.760,3.040,8.129,614.407,79.698,0,672.589
780.000,5,60.907,5.166,35.184,5.123,5.639,158.472,56.981,1,238.972
781.000,5,38.244,4.824,33.401,4.499,7.712,589.313,24.632,1,310.759
782.000,5,44.080,5.042,37.266,4.782,7.658,472.025,17.185,0,473.907
783.000,5,43.136,5.155,34.620,4.453,7.053,330.175,13.531,1,405.388
784.000,5,52.529,4.976,34.818,4.346,6.779,520.217,28.028,1,704.431
785.000,5,41.087,4.941,33.165,3.739,7.982,150.952,78.040,1,396.734
786.000,5,39.488,5.265,38.182,3.284,6.475,539.445,12.544,0,490.823
787.000,5,53.948,4.688,32.274,3.881,8.011,514.011,17.900,1,286.980
788.000,5,45.493,5.056,37.172,3.547,7.033,452.158,74.728,1,651.207
789.000,5,49.976,5.079,34.968,3.886,7.140,406.347,38.030,1,435.318
790.000,5,41.322,5.159,33.547,3.134,6.344,568.538,70.373,1,526.250
791.000,5,40.581,5.066,35.499,3.737,7.065,326.145,45.821,1,446.304
792.000,5,50.740,4.733,32.361,3.505,5.973,401.338,66.675,1,547.323
793.000,5,43.291,5.232,36.179,5.049,6.653,293.978,78.851,1,383.569
794.000,5,42.554,4.856,36.617,3.749,7.627,260.215,38.295,1,239.780
795.000,5,39.151,5.024,38.331,5.759,8.875,518.182,43.330,1,661.295
796.000,5,49.693,5.174,34.071,3.121,5.629,171.550,20.055,1,554.895
797.000,5,37.390,4.837,33.308,4.170,6.488,592.543,27.725,1,524.241
798.000,5,43.172,4.740,33.232,4.462,5.409,137.715,31.144,1,422.007
799.000,5,50.563,5.050,34.424,3.752,8.714,558.776,31.619,1,99.373
800.000,5,39.384,5.101,32.983,3.128,9.962,254.126,77.017,1,680.141
801.000,5,40.777,5.037,35.108,3.114,8.580,480.471,27.074,0,634.067
802.000,5,44.612,4.855,37.682,3.263,8.557,475.635,35.950,0,362.676
803.000,5,39.713,5.036,36.321,3.959,8.911,130.931,47.704,1,600.568
804.000,5,46.267,4.916,39.098,4.357,5.680,170.756,71.321,0,414.171
805.000,5,38.707,5.340,36.533,4.097,9.292,162.844,37.338,0,359.910
806.000,5,41.911,5.076,36.802,4.013,8.200,380.061,74.522,1,685.365
807.000,5,42.503,4.753,37.026,3.953,8.697,301.446,30.191,0,554.107
808.000,5,51.486,4.989,38.817,4.304,9.839,292.199,48.582,1,412.860
809.000,5,46.291,5.057,37.696,4.641,8.577,140.415,24.013,1,669.898
810.000,5,54.810,4.876,32.569,4.335,4.785,425.349,21.448,1,386.812
811.000,5,39.061,4.872,38.221,4.421,7.900,120.677,28.367,1,315.475
812.000,5,34.816,4.941,41.209,3.917,5.972,438.514,70.997,1,365.286
813.000,5,48.366,5.095,33.581,3.527,7.509,538.345,57.591,1,262.952
814.000,5,43.627,5.099,33.919,4.060,8.545,320.166,59.239,1,361.981
815.000,5,46.065,5.003,35.494,3.534,5.098,119.221,56.979,1,440.134
816.000,5,40.720,4.914,34.822,5.128,9.116,517.115,12.187,0,498.713
817.000,5,44.310,5.046,33.719,3.637,8.412,443.923,39.567,1,308.846
818.000,5,47.677,4.893,34.772,3.470,9.635,273.343,21.855,1,493.803
819.000,5,40.906,5.392,42.504,4.371,7.978,228.212,19.420,0,351.557
820.000,5,53.142,5.099,38.137,3.839,8.072,349.460,47.311,0,610.661
821.000,5,45.177,4.772,32.760,5.363,7.557,494.703,68.347,1,461.592
822.000,5,49.637,5.004,33.204,3.225,8.278,216.007,13.471,1,657.870
823.000,5,41.840,5.258,36.504,3.751,8.162,457.104,40.516,0,432.764
824.000,5,47.414,4.967,36.417,3.927,6.258,219.205,60.891,0,306.002
825.000,5,45.440,4.998,37.889,3.783,7.675,232.222,14.274,1,505.243
826.000,5,48.123,4.888,32.488,3.388,8.668,303.505,21.963,1,165.243
827.000,5,36.120,5.000,33.196,3.462,6.491,292.415,10.620,0,504.841
828.000,5,43.539,5.053,37.580,4.404,7.534,382.132,63.435,1,678.046
829.000,5,44.442,4.961,34.829,3.984,8.738,359.775,29.113,1,402.204
830.000,5,46.288,5.112,34.144,5.916,8.848,244.649,40.753,1,134.900
831.000,5,44.890,5.008,33.084,3.381,6.338,611.512,58.798,1,639.522
832.000,5,45.817,4.902,37.815,4.162,8.962,578.767,51.373,1,479.963
833.000,5,44.302,5.008,38.084,3.277,7.363,349.218,35.509,0,542.999
834.000,5,44.028,4.982,37.013,5.017,8.171,317.305,50.908,0,240.159
835.000,5,43.268,5.079,39.247,3.615,8.905,444.157,58.057,0,720.937
836.000,5,48.613,5.024,31.945,4.725,8.300,665.316,72.274,1,101.514
837.000,5,42.265,5.037,36.121,3.277,8.813,611.098,25.753,1,526.222
838.000,5,42.223,5.019,31.557,3.578,7.032,583.616,63.229,1,300.624
839.000,5,39.565,5.060,32.908,4.071,11.223,333.550,40.048,1,273.776
840.000,5,46.910,5.103,37.104,4.259,8.351,191.005,49.335,0,524.072
841.000,5,32.518,4.900,38.630,5.317,10.655,587.112,51.162,1,285.671
842.000,5,39.718,4.696,33.176,3.703,7.830,224.283,55.117,1,136.312
843.000,5,45.759,4.999,35.492,4.458,9.283,555.424,54.929,1,406.546
844.000,5,48.007,4.757,35.172,3.887,6.503,153.039,79.179,1,732.841
845.000,5,42.131,5.065,32.424,3.971,7.750,175.450,40.593,1,587.138
846.000,5,50.331,4.696,38.778,3.394,7.580,505.054,53.457,0,616.855
847.000,5,50.427,5.094,35.588,3.471,7.982,446.118,46.056,1,394.446
848.000,5,42.476,4.771,34.586,5.876,8.614,667.446,15.269,1,0.000
849.000,5,43.137,5.203,34.451,4.071,8.330,417.932,36.024,1,331.282
850.000,5,39.270,4.808,39.418,3.907,6.502,244.086,64.834,0,532.798
851.000,5,39.117,5.113,38.700,4.579,6.039,383.490,79.990,1,607.553
852.000,5,40.596,5.093,34.307,4.535,8.209,427.832,48.659,1,406.403
853.000,5,48.274,5.079,35.375,3.297,7.260,505.588,16.038,0,480.811
854.000,5,49.463,4.853,33.462,4.026,5.821,320.119,74.350,0,292.858
855.000,5,55.429,4.616,37.020,3.310,7.213,315.588,14.524,1,306.997
856.000,5,42.309,4.773,34.612,5.824,6.901,322.173,43.635,1,236.475
857.000,5,55.818,5.260,36.315,4.551,7.221,480.818,66.111,1,507.082
858.000,5,42.032,4.978,35.205,4.604,7.775,669.593,38.006,1,494.683
859.000,5,48.174,5.075,32.819,3.598,6.368,586.458,66.823,1,134.740
860.000,5,52.204,5.228,38.568,3.396,8.657,596.199,63.806,0,563.727
861.000,5,41.121,4.939,34.539,3.914,9.348,316.285,33.842,0,591.777
862.000,5,41.120,5.127,34.874,3.900,10.005,450.874,64.454,0,413.104
863.000,5,42.367,4.892,36.105,3.291,8.768,702.866,54.411,0,606.001
864.000,5,39.238,5.092,37.635,4.411,5.790,175.550,26.023,1,526.125
865.000,5,52.015,5.031,35.464,5.166,7.074,463.066,63.516,1,98.010
866.000,5,35.872,4.960,33.967,4.316,5.923,452.730,23.601,0,399.002
867.000,5,48.499,4.971,37.622,4.160,5.712,434.543,63.222,0,847.717
868.000,5,47.626,5.076,33.548,3.537,10.466,713.555,58.712,1,435.693
869.000,5,44.348,4.764,33.567,3.629,8.966,202.194,50.449,0,336.158
870.000,5,46.625,5.142,35.870,4.470,7.261,677.982,15.215,1,247.376
871.000,5,47.204,4.993,35.633,3.816,5.648,298.534,74.694,1,535.542
872.000,5,41.366,5.212,36.755,4.691,8.047,679.232,48.489,1,337.694
873.000,5,45.115,5.148,33.395,5.257,7.052,619.581,65.824,1,136.083
874.000,5,48.427,4.950,34.368,3.798,11.519,322.724,10.150,0,284.020
875.000,5,45.596,5.035,36.130,5.103,10.051,706.218,22.895,1,428.232
876.000,5,42.894,5.153,36.678,3.482,8.494,284.941,75.568,0,427.469
877.000,5,50.324,4.868,37.330,5.818,8.074,546.243,62.668,1,465.399
878.000,5,42.955,5.182,35.229,3.634,7.339,179.135,39.767,1,314.205
879.000,5,44.106,5.061,36.762,3.740,5.698,221.167,24.019,0,156.432
880.000,5,34.466,4.878,30.350,4.380,9.700,670.188,59.250,1,150.405
881.000,5,44.154,4.874,34.136,4.523,7.297,626.639,41.026,1,363.276
882.000,5,41.275,5.232,37.136,4.106,8.714,347.931,54.077,0,455.932
883.000,5,45.099,5.114,37.732,4.176,7.387,252.283,47.784,0,560.446
884.000,5,46.125,4.747,33.742,4.195,7.171,389.975,24.600,1,265.587
885.000,5,45.826,5.074,34.447,4.246,6.879,300.507,79.128,1,202.025
886.000,5,41.532,4.905,37.004,3.891,9.768,395.783,76.353,0,619.283
887.000,5,44.644,4.739,36.824,3.418,4.613,266.550,75.224,1,143.466
888.000,5,51.436,4.725,37.541,5.552,7.665,229.198,22.003,1,488.709
889.000,5,46.023,5.293,34.404,3.665,5.782,695.707,17.050,1,124.445
890.000,5,41.484,5.185,33.769,4.994,5.760,615.168,19.606,1,239.828
891.000,5,49.794,4.975,32.799,5.019,8.024,349.119,23.495,1,420.533
892.000,5,45.854,4.767,35.529,3.745,8.571,290.859,58.605,0,539.259
893.000,5,37.034,5.037,38.813,5.120,8.513,318.863,68.066,1,503.625
894.000,5,42.340,5.179,32.286,3.753,9.614,721.837,30.214,1,553.181
895.000,5,41.229,4.974,36.894,4.317,7.181,253.858,74.012,0,632.263
896.000,5,52.208,5.056,30.880,4.817,7.827,584.972,45.515,1,125.087
897.000,5,50.590,4.933,36.211,4.128,8.254,454.464,26.402,0,238.349
898.000,5,52.504,4.719,33.454,3.919,9.400,664.623,22.716,1,7.298
899.000,5,43.327,4.829,38.531,4.391,7.751,588.796,25.386,0,461.750
900.000,5,47.918,4.919,35.592,4.501,6.145,351.138,77.776,1,714.905
901.000,5,51.950,5.231,35.126,4.639,7.209,209.333,33.796,1,610.038
902.000,5,42.523,4.961,37.306,3.635,8.315,313.041,73.469,1,519.284
903.000,5,50.717,5.098,35.122,3.541,8.220,737.536,47.233,1,349.528
904.000,5,41.038,5.221,34.100,4.436,10.097,396.331,10.753,1,235.009
905.000,5,38.461,5.100,37.082,3.713,8.936,646.290,32.688,0,363.073
906.000,5,44.225,4.997,35.865,3.683,6.694,733.769,78.938,1,709.575
907.000,5,39.145,4.778,36.947,4.219,10.714,426.648,23.754,1,534.852
908.000,5,43.578,4.974,33.461,3.558,9.105,262.570,70.955,1,582.833
909.000,5,46.774,4.893,31.293,5.333,5.090,242.717,37.846,1,321.224
910.000,5,44.386,4.962,36.656,3.629,5.698,548.594,27.313,0,592.122
911.000,5,47.834,5.036,36.505,4.107,9.853,549.964,58.688,1,563.073
912.000,5,43.190,4.740,36.350,3.870,6.300,276.146,79.231,1,790.803
913.000,5,41.790,4.748,36.104,4.799,8.504,461.208,24.877,1,238.967
914.000,5,48.598,4.988,32.156,3.931,6.396,347.264,18.591,1,409.477
915.000,5,49.879,5.016,30.007,3.898,7.405,417.052,52.897,1,48.485
916.000,5,39.404,5.018,36.251,5.101,5.726,225.827,21.993,0,337.158
917.000,5,44.093,5.037,30.983,3.641,10.094,277.062,70.256,1,172.928
918.000,5,42.620,4.945,34.338,3.742,6.259,733.690,13.046,1,73.329
919.000,5,46.556,5.066,38.471,4.484,8.088,435.322,17.654,0,386.310
920.000,5,44.536,4.963,40.155,4.521,9.555,616.950,70.824,1,706.501
921.000,5,48.326,5.043,33.996,5.349,7.594,764.072,45.273,1,280.853
922.000,5,36.698,4.805,32.082,3.993,7.413,314.846,50.532,1,539.292
923.000,5,39.272,4.933,33.366,4.615,9.340,414.230,45.833,1,444.051
924.000,5,44.180,4.840,36.053,3.887,8.636,420.945,78.101,1,502.841
925.000,5,47.426,4.837,32.025,3.909,8.856,498.494,44.126,0,0.000
926.000,5,44.129,4.870,36.658,4.121,9.204,471.568,60.413,1,649.337
927.000,5,46.795,4.845,34.770,5.124,9.868,759.235,19.459,1,166.069
928.000,5,46.309,4.915,33.985,5.320,8.518,473.210,45.043,1,129.946
929.000,5,42.978,5.093,33.671,4.126,7.752,407.738,41.375,1,246.525
930.000,5,43.510,5.087,35.730,3.518,8.677,270.110,49.345,0,416.567
931.000,5,46.587,4.991,31.986,3.873,10.960,677.582,49.632,1,461.540
932.000,5,50.089,4.985,35.595,3.749,7.283,555.211,30.305,1,515.569
933.000,5,38.845,5.034,34.605,4.027,5.950,366.485,62.145,1,364.288
934.000,5,55.063,4.651,38.963,4.316,7.007,427.757,77.444,1,560.932
935.000,5,51.707,4.998,38.744,3.526,7.653,282.524,28.139,1,416.718
936.000,5,51.415,4.946,32.668,5.297,6.478,674.054,56.226,0,87.970
937.000,5,44.886,4.814,34.625,4.112,5.513,411.638,60.094,1,149.418
938.000,5,44.203,5.094,35.442,4.320,5.620,778.871,32.844,1,337.926
939.000,5,45.252,4.936,38.936,3.817,7.869,731.770,34.412,1,211.851
940.000,5,44.141,5.198,35.906,3.989,11.727,549.709,21.791,1,449.019
941.000,5,44.550,5.146,31.203,4.357,7.467,312.758,32.866,1,279.864
942.000,5,36.844,5.167,34.975,4.602,8.797,774.604,49.908,1,191.138
943.000,5,47.650,5.063,31.745,4.571,10.613,491.397,28.499,1,266.166
944.000,5,48.189,5.066,32.885,3.786,7.540,433.933,20.288,1,620.027
945.000,5,52.503,5.232,31.072,3.757,7.165,522.747,68.312,1,0.000
946.000,5,56.739,5.051,35.643,4.956,8.869,688.955,56.248,1,322.365
947.000,5,39.938,4.949,34.818,3.651,7.749,550.995,28.843,1,479.820
948.000,5,47.197,5.060,33.279,3.957,9.433,645.900,30.734,0,293.167
949.000,5,40.760,4.821,35.669,4.603,6.425,669.043,60.234,1,422.192
950.000,5,46.784,5.177,36.599,4.148,8.076,686.730,34.502,1,409.429
951.000,5,52.519,5.353,36.342,4.145,8.792,274.316,75.978,1,146.013
952.000,5,46.933,5.170,35.333,3.958,6.725,698.922,42.114,1,461.596
953.000,5,49.995,4.804,38.306,4.014,6.816,782.003,53.661,1,557.332
954.000,5,60.401,5.024,36.244,5.109,6.438,650.273,75.401,1,211.489
955.000,5,45.885,5.170,38.385,4.726,5.298,505.675,13.638,0,600.383
956.000,5,50.462,5.206,33.931,3.901,9.142,709.305,68.870,1,438.097
957.000,5,60.779,5.062,34.580,4.380,5.399,458.805,21.165,1,242.041
958.000,5,49.210,5.062,33.655,4.703,7.212,426.382,72.789,0,338.248
959.000,5,49.939,4.925,36.858,3.866,9.962,409.816,44.443,1,408.305
960.000,5,44.202,5.108,38.372,3.668,8.286,678.967,17.199,1,531.873
961.000,5,45.303,5.118,35.113,4.217,6.643,602.443,37.856,1,423.703
962.000,5,46.931,5.069,29.398,4.935,12.097,723.581,19.546,1,0.000
963.000,5,46.395,5.066,36.392,3.598,7.373,500.506,64.844,0,289.347
964.000,5,43.095,5.132,33.584,4.514,7.664,293.307,11.785,1,443.483
965.000,5,51.015,4.783,35.224,3.883,7.995,481.394,14.878,1,550.437
966.000,5,42.848,4.989,34.863,3.768,12.190,654.131,57.914,0,386.559
967.000,5,44.541,5.201,33.633,4.721,6.876,485.862,64.447,1,98.402
968.000,5,44.604,5.082,31.113,4.667,9.784,665.324,56.522,1,434.828
969.000,5,43.780,5.003,31.666,5.004,7.745,768.557,37.055,1,77.328
970.000,5,39.884,5.115,33.295,5.319,6.508,645.467,32.775,1,92.798
971.000,5,50.830,5.098,32.752,3.815,7.952,801.316,72.349,0,318.952
972.000,5,38.780,4.804,32.521,4.617,8.644,560.616,17.646,1,399.893
973.000,5,39.971,5.232,34.347,5.408,8.338,368.863,63.523,1,267.394
974.000,5,40.172,4.891,32.695,4.087,8.715,604.531,43.532,1,275.656
975.000,5,47.442,5.125,38.244,3.832,9.236,317.144,11.168,0,378.668
976.000,5,42.591,4.982,32.331,3.810,5.488,633.040,26.158,1,477.942
977.000,5,40.638,5.087,35.819,4.533,7.504,573.648,27.445,1,597.640
978.000,5,40.694,5.174,34.693,4.224,5.385,712.348,68.827,1,244.706
979.000,5,44.522,5.030,33.429,5.199,8.623,637.868,59.440,1,239.163
980.000,5,35.608,4.977,33.930,4.437,6.821,647.112,36.246,1,199.884
981.000,5,36.462,5.173,29.778,3.755,7.002,600.385,49.850,1,122.858
982.000,5,53.006,4.766,34.260,4.593,9.215,497.423,72.689,1,212.880
983.000,5,37.836,5.120,36.993,3.809,10.051,637.712,73.175,1,363.586
984.000,5,49.309,5.028,34.523,5.225,12.767,592.451,23.330,1,333.116
985.000,5,47.721,5.100,36.452,4.320,7.979,623.899,15.109,1,85.378
986.000,5,47.237,4.852,34.007,4.147,6.760,439.173,21.431,1,531.245
987.000,5,47.179,5.110,36.695,3.883,8.762,584.519,49.114,1,314.513
988.000,5,38.930,4.814,34.166,5.552,8.384,723.052,61.244,1,467.550
989.000,5,48.148,4.821,34.108,4.042,7.370,451.628,17.055,1,179.892
990.000,5,43.011,4.907,34.449,3.853,9.230,680.017,79.905,1,317.108
991.000,5,48.349,5.089,34.871,3.807,9.178,595.498,30.901,1,634.866
992.000,5,43.528,5.190,31.497,3.888,10.414,461.102,21.748,1,241.533
993.000,5,42.226,5.013,36.913,4.663,9.267,437.505,36.282,0,299.585
994.000,5,47.486,5.115,30.352,4.443,7.472,398.449,40.642,0,331.765
995.000,5,48.036,4.857,32.449,3.788,9.227,327.470,31.418,0,247.200
996.000,5,44.850,5.095,32.425,4.513,5.594,355.496,52.743,0,294.907
997.000,5,42.884,4.968,30.401,4.248,8.083,472.962,13.166,1,389.067
998.000,5,48.243,4.874,33.071,4.147,7.302,301.382,59.657,0,503.346
999.000,5,44.289,5.241,32.776,3.922,7.228,486.699,39.944,1,395.347
0.000,6,47.604,4.999,46.709,2.076,7.790,0.000,23.601,0,1313.046
1.000,6,48.202,5.093,47.647,0.908,4.966,0.000,15.556,0,1413.540
2.000,6,42.893,5.027,48.569,2.001,6.903,0.000,51.341,0,1205.707
3.000,6,50.480,4.848,47.678,0.907,4.626,0.000,29.687,0,938.862
4.000,6,41.529,5.197,41.887,0.826,2.570,0.000,36.341,1,870.660
5.000,6,36.873,5.286,44.944,0.987,3.607,0.000,60.382,0,864.404
6.000,6,45.257,4.824,44.130,1.683,4.573,0.000,76.408,1,918.980
7.000,6,45.581,4.980,44.714,1.962,7.630,0.000,12.147,1,1123.658
8.000,6,44.617,4.951,45.787,1.918,5.420,0.000,40.189,0,979.484
9.000,6,40.280,5.174,43.354,0.765,4.063,0.000,39.564,0,945.584
10.000,6,43.800,4.581,49.439,0.829,6.197,0.000,16.533,0,1348.417
11.000,6,47.646,4.854,42.133,0.961,5.981,0.000,34.778,0,1227.929
12.000,6,40.678,5.027,44.630,1.504,7.493,0.000,65.280,0,1256.616
13.000,6,40.241,5.066,45.409,1.015,5.487,0.000,78.240,0,951.382
14.000,6,34.820,5.033,46.268,1.139,2.740,0.000,75.100,0,1094.039
15.000,6,45.716,4.969,45.488,2.437,5.523,0.000,71.277,1,1097.843
16.000,6,47.073,5.002,46.037,1.843,8.913,0.000,57.504,0,906.192
17.000,6,45.642,4.998,43.941,0.788,6.929,0.000,14.309,0,1140.151
18.000,6,46.034,5.066,45.689,1.069,6.324,0.000,15.094,1,1220.243
19.000,6,47.871,4.868,44.510,2.181,4.914,0.000,57.046,0,1269.145
20.000,6,48.934,5.131,47.829,1.154,5.272,0.000,52.976,0,1054.918
21.000,6,46.076,4.881,45.437,0.812,5.406,0.000,60.508,0,1076.356
22.000,6,36.788,4.991,44.881,1.727,5.479,0.000,49.324,0,1081.702
23.000,6,38.662,4.995,41.534,2.457,5.926,0.000,79.412,1,1082.164
24.000,6,42.814,4.948,48.511,0.798,6.863,0.000,38.077,0,1039.277
25.000,6,38.582,5.194,45.799,1.552,6.421,0.000,69.388,0,982.202
26.000,6,51.870,5.055,44.720,0.859,6.194,0.000,77.327,0,906.454
27.000,6,51.971,4.747,44.356,2.427,5.976,0.000,76.174,0,930.520
28.000,6,36.994,4.906,47.624,1.048,4.402,0.000,56.030,1,1239.661
29.000,6,34.639,4.982,45.300,2.164,2.687,0.000,46.791,0,952.512
30.000,6,34.940,5.372,45.071,1.712,4.811,0.000,21.621,0,921.617
31.000,6,48.471,5.172,50.177,0.934,7.249,0.000,30.743,0,874.118
32.000,6,46.048,5.474,45.162,1.157,6.079,0.000,23.622,0,1108.384
33.000,6,41.029,5.051,44.858,1.153,4.072,0.000,60.192,0,1225.563
34.000,6,43.698,4.822,43.857,1.599,3.918,0.000,64.548,1,956.707
35.000,6,47.204,5.023,45.872,1.343,2.724,0.000,17.454,0,1084.903
36.000,6,43.158,4.986,46.031,1.787,6.090,0.000,16.743,0,1221.513
37.000,6,45.202,5.053,43.385,2.075,7.062,0.000,37.441,0,1093.216
38.000,6,39.787,4.886,45.824,2.565,3.150,0.000,14.547,0,1014.694
39.000,6,44.168,5.198,44.854,1.548,6.168,0.000,49.601,0,1247.299
40.000,6,40.100,4.842,47.522,1.812,6.246,0.000,59.220,0,905.892
41.000,6,46.308,5.321,44.413,1.605,7.421,0.000,42.424,1,917.594
42.000,6,45.601,4.768,45.740,1.024,3.845,0.000,59.119,0,1102.921
43.000,6,56.315,4.852,45.153,1.930,4.266,0.000,71.493,1,1183.578
44.000,6,39.294,5.153,42.097,0.954,7.112,0.000,44.566,0,1221.280
45.000,6,45.383,5.015,43.761,1.920,7.435,0.000,19.643,0,1078.583
46.000,6,51.624,4.969,44.769,1.265,-0.051,0.000,22.457,0,1050.084
47.000,6,54.482,4.981,49.347,0.891,5.199,0.000,33.926,1,1034.090
48.000,6,48.678,4.773,45.135,1.306,5.298,0.000,79.404,0,927.537
49.000,6,51.604,5.201,43.540,1.302,5.752,0.000,35.829,1,1046.688
50.000,6,52.020,4.855,47.737,2.780,6.923,0.000,50.920,0,1097.609
51.000,6,46.863,4.953,48.405,1.073,3.516,0.000,34.958,0,1000.119
52.000,6,52.404,5.054,43.336,2.419,5.171,0.000,71.871,0,756.819
53.000,6,51.202,4.893,42.709,1.562,3.571,0.000,54.124,0,1264.308
54.000,6,43.869,5.301,47.994,1.101,4.718,0.000,45.842,1,885.869
55.000,6,38.778,5.054,47.184,1.066,6.180,0.000,59.212,0,1197.000
56.000,6,52.400,5.282,47.171,0.911,5.075,0.000,39.636,1,1201.080
57.000,6,49.674,4.955,45.610,1.008,5.050,0.000,24.726,0,867.084
58.000,6,46.395,4.989,44.953,1.206,5.091,0.000,26.809,1,1116.038
59.000,6,35.015,4.910,46.021,3.416,8.756,0.000,56.888,0,1110.108
60.000,6,49.781,4.909,44.173,1.284,3.689,0.000,23.061,0,1095.271
61.000,6,55.197,4.872,48.960,2.075,4.660,0.000,29.989,0,906.290
62.000,6,42.403,4.938,49.025,2.480,4.596,0.000,13.782,0,1205.102
63.000,6,44.388,4.847,42.841,1.525,6.369,0.000,53.625,0,1204.587
64.000,6,44.896,4.921,50.205,1.411,4.769,0.000,35.032,0,950.146
65.000,6,40.190,5.086,43.890,3.075,4.731,0.000,33.658,0,1276.293
66.000,6,38.534,4.770,43.919,1.660,4.835,0.000,49.700,0,1096.728
67.000,6,50.169,5.046,50.917,1.155,4.632,0.000,51.506,0,1020.558
68.000,6,46.499,5.121,43.842,1.378,6.515,0.000,30.059,0,1071.300
69.000,6,41.927,4.975,39.136,2.209,5.792,0.000,50.245,1,1111.885
70.000,6,42.732,4.897,47.923,1.954,5.391,0.000,39.405,0,786.497
71.000,6,48.455,4.793,46.963,1.159,5.244,0.000,25.476,0,1118.109
72.000,6,49.049,4.930,47.983,2.144,6.674,0.000,16.016,0,1299.737
73.000,6,55.648,5.050,44.651,2.347,4.472,0.000,19.874,1,1293.764
74.000,6,49.515,5.441,49.315,0.954,5.557,0.000,37.361,0,783.417
75.000,6,43.884,4.992,44.992,1.163,6.448,0.000,48.194,0,1057.869
76.000,6,43.624,5.108,44.451,3.162,5.305,0.000,18.126,0,859.674
77.000,6,41.267,4.690,46.718,1.592,6.605,0.000,65.037,0,1068.781
78.000,6,43.595,4.763,45.713,1.132,5.093,0.000,54.306,0,954.646
79.000,6,61.199,5.202,45.254,1.344,4.338,0.000,61.526,0,1079.144
80.000,6,46.599,4.796,44.330,2.618,6.759,0.000,71.273,1,913.561
81.000,6,33.192,5.072,39.179,0.952,4.574,0.000,78.745,0,910.388
82.000,6,45.379,5.225,43.663,1.232,3.478,0.000,64.639,0,1130.287
83.000,6,57.419,5.226,46.180,1.340,8.584,0.000,16.363,0,958.936
84.000,6,43.019,4.882,40.488,1.772,5.911,0.000,26.892,1,1078.872
85.000,6,53.740,5.115,43.347,3.091,7.274,0.000,74.619,0,1116.835
86.000,6,41.966,4.906,43.483,1.964,5.243,0.000,12.012,0,922.682
87.000,6,48.717,5.038,48.174,1.510,3.224,0.000,79.895,0,1169.391
88.000,6,43.407,4.994,43.094,1.518,7.785,0.000,37.119,0,1078.151
89.000,6,44.114,5.101,48.539,2.656,4.411,0.000,52.775,0,1049.846
90.000,6,42.190,5.022,43.401,1.976,6.704,0.000,31.111,1,1181.161
91.000,6,44.267,5.166,46.652,2.070,4.180,0.000,48.466,1,848.660
92.000,6,47.092,5.029,44.120,2.378,4.167,0.000,54.774,0,1182.718
93.000,6,38.155,4.754,48.607,2.610,5.623,0.000,67.523,1,886.441
94.000,6,40.069,5.046,45.000,2.265,5.418,0.000,74.969,0,837.295
95.000,6,50.721,4.893,42.860,1.861,3.224,0.000,46.027,0,936.448
96.000,6,46.158,4.902,45.578,1.350,4.642,0.000,52.159,0,741.505
97.000,6,50.081,4.994,43.378,1.234,6.221,0.000,22.486,1,1343.920
98.000,6,37.857,4.992,41.220,1.736,7.827,0.000,52.843,0,1087.053
99.000,6,48.858,4.999,45.048,1.370,3.684,0.000,14.055,0,1146.844
100.000,6,43.834,5.082,43.393,2.170,6.540,0.000,30.173,0,699.934
101.000,6,40.664,4.899,46.953,1.367,7.168,0.000,23.425,0,1309.703
102.000,6,39.668,4.989,46.241,1.315,5.341,0.000,75.306,0,1102.699
103.000,6,36.803,5.047,42.187,2.711,10.048,0.000,31.750,0,1005.476
104.000,6,53.954,4.600,42.396,2.147,7.834,0.000,53.611,1,776.306
105.000,6,40.771,5.198,47.540,1.067,4.877,0.000,58.968,0,804.728
106.000,6,48.412,4.908,48.660,2.050,7.609,0.000,76.544,1,971.776
107.000,6,42.342,4.952,45.555,1.568,5.681,0.000,42.408,1,969.575
108.000,6,44.452,5.088,45.519,2.271,5.051,0.000,67.297,0,939.743
109.000,6,50.884,5.169,47.116,1.904,5.797,0.000,10.057,0,1042.239
110.000,6,44.711,5.239,48.911,1.824,6.759,0.000,44.524,1,1190.117
111.000,6,47.621,5.047,39.606,1.109,3.542,0.000,65.169,0,925.649
112.000,6,47.797,4.875,40.938,1.302,5.275,0.000,56.808,0,1159.297
113.000,6,49.333,5.124,45.473,1.691,8.410,0.000,68.841,0,726.345
114.000,6,44.701,4.802,43.646,1.382,3.556,0.000,53.655,0,636.929
115.000,6,53.468,4.931,44.452,2.219,3.648,0.000,15.137,0,1171.434
116.000,6,47.291,4.913,45.090,1.183,3.452,0.000,29.562,0,614.012
117.000,6,40.650,4.928,44.123,1.319,8.075,0.000,14.874,0,1250.842
118.000,6,40.391,5.182,40.705,1.870,8.619,0.000,75.772,1,885.038
119.000,6,46.855,5.249,41.802,2.439,6.376,0.000,78.475,0,1337.135
120.000,6,47.774,4.946,43.976,2.346,7.599,0.000,35.771,0,938.169
121.000,6,44.173,5.206,43.772,1.526,6.894,0.000,65.661,1,1062.232
122.000,6,47.585,4.954,46.096,2.918,7.168,0.000,42.089,1,1026.738
123.000,6,37.550,5.016,42.857,2.181,6.875,0.000,29.105,0,1303.274
124.000,6,49.163,4.812,42.804,1.989,6.125,0.000,16.857,0,1035.440
125.000,6,36.784,5.011,44.503,3.531,8.045,0.000,64.793,0,1016.598
126.000,6,45.261,4.917,41.954,2.591,5.509,0.000,41.513,0,1045.189
127.000,6,37.895,4.953,48.087,1.818,8.092,0.000,79.440,1,1162.174
128.000,6,55.339,5.099,46.397,1.940,4.905,0.000,11.140,0,856.861
129.000,6,45.304,4.806,46.000,2.260,6.968,0.000,28.540,0,1021.793
130.000,6,38.973,4.959,41.645,1.597,6.910,0.000,39.449,1,1040.885
131.000,6,42.904,5.135,46.579,1.191,5.040,0.000,25.271,0,862.294
132.000,6,42.450,5.000,45.287,2.895,3.712,0.000,50.864,0,867.131
133.000,6,44.954,5.137,45.185,1.599,6.627,0.000,11.527,0,972.575
134.000,6,42.450,5.123,48.675,2.032,5.885,0.000,45.312,0,1191.112
135.000,6,40.187,5.006,44.457,1.647,6.813,0.000,66.938,0,860.457
136.000,6,42.390,4.897,44.704,1.109,6.420,0.000,72.902,0,990.867
137.000,6,50.295,5.077,44.578,2.142,9.866,0.000,55.685,0,932.804
138.000,6,42.894,5.002,47.829,2.357,4.858,0.000,61.299,0,920.751
139.000,6,48.638,5.087,45.594,1.827,4.072,0.000,55.140,1,948.221
140.000,6,47.321,5.145,43.062,1.264,4.668,0.000,73.624,0,934.147
141.000,6,43.040,5.039,43.870,1.474,6.071,0.000,61.338,0,989.735
142.000,6,38.560,4.940,44.383,3.013,6.743,0.000,67.544,0,752.329
143.000,6,46.730,5.071,46.884,3.198,6.174,0.000,47.879,0,1365.113
144.000,6,40.099,5.010,45.307,2.548,6.591,0.000,44.806,0,963.451
145.000,6,34.756,4.818,42.307,1.916,4.658,0.000,68.842,0,1140.630
146.000,6,44.651,4.994,46.055,1.195,4.206,0.000,55.441,0,1196.358
147.000,6,42.037,4.889,42.413,2.776,6.048,0.000,46.126,1,1001.805
148.000,6,52.387,4.800,41.267,1.889,7.704,0.000,67.044,0,960.154
149.000,6,39.090,5.044,47.515,2.012,6.594,0.000,23.999,0,1003.849
150.000,6,43.794,4.986,46.137,1.656,4.700,0.000,18.721,1,1404.697
151.000,6,45.625,5.085,45.175,1.381,4.102,0.000,76.998,0,1168.957
152.000,6,42.509,4.688,44.558,2.535,8.399,0.000,35.160,0,825.464
153.000,6,38.601,5.156,43.348,1.631,5.090,0.000,54.632,0,1031.664
154.000,6,43.419,4.802,43.904,2.526,7.481,0.000,26.703,0,823.143
155.000,6,46.368,4.966,41.101,1.732,5.924,0.000,58.061,0,942.064
156.000,6,36.923,4.824,42.275,1.490,8.126,0.000,50.173,0,1032.116
157.000,6,44.658,4.983,42.730,2.144,5.875,0.000,72.736,0,988.717
158.000,6,52.372,5.082,41.223,1.708,6.182,0.000,30.772,0,1233.153
159.000,6,32.941,4.847,42.988,1.933,6.427,0.000,45.845,0,763.533
160.000,6,39.405,4.628,43.055,2.601,5.311,0.000,59.443,0,926.062
161.000,6,44.302,4.924,43.529,1.205,5.634,0.000,22.690,0,1001.039
162.000,6,51.715,5.336,38.290,1.980,4.937,0.000,42.982,1,1322.514
163.000,6,44.832,5.025,41.078,1.978,5.055,0.000,41.127,0,968.568
164.000,6,42.282,4.867,43.653,1.563,7.686,0.000,44.816,0,1155.118
165.000,6,44.553,4.603,47.842,1.238,5.989,0.000,68.904,1,865.915
166.000,6,45.048,5.005,42.968,2.945,6.049,0.000,61.644,1,579.586
167.000,6,40.640,5.117,42.728,1.685,5.759,0.000,58.109,0,939.055
168.000,6,45.719,5.097,44.466,1.825,5.297,0.000,45.504,0,737.074
169.000,6,42.220,5.069,46.008,3.101,4.865,0.000,33.548,0,1111.703
170.000,6,42.178,4.835,45.594,2.795,5.671,0.000,33.523,1,698.376
171.000,6,38.412,5.023,39.617,2.328,5.942,0.000,47.212,0,993.780
172.000,6,48.599,4.941,41.625,1.927,4.055,0.000,64.429,0,900.726
173.000,6,55.200,4.940,44.408,1.748,7.767,0.000,20.754,1,1082.685
174.000,6,44.161,5.076,42.782,1.522,5.943,0.000,14.883,0,995.549
175.000,6,43.345,5.204,40.786,1.672,5.309,0.000,41.412,0,1043.461
176.000,6,36.488,4.996,40.908,2.732,8.655,0.000,23.735,1,1110.069
177.000,6,48.806,4.884,43.644,2.610,6.956,0.000,21.954,0,898.281
178.000,6,40.833,5.104,41.094,2.125,4.838,0.000,18.507,0,1195.424
179.000,6,43.755,5.238,45.447,2.490,4.431,0.000,37.759,0,796.249
180.000,6,49.489,4.764,39.337,1.251,5.544,0.000,52.575,0,739.393
181.000,6,47.197,5.081,45.882,2.161,5.860,0.000,42.141,0,917.445
182.000,6,48.450,5.170,43.027,2.170,4.994,0.000,59.156,1,950.513
183.000,6,46.852,4.887,46.680,1.975,6.890,0.000,30.864,0,1102.439
184.000,6,40.806,4.799,45.177,2.968,6.436,0.000,27.028,1,732.572
185.000,6,41.181,5.043,45.346,1.735,7.607,0.000,78.364,1,1348.001
186.000,6,45.659,5.388,45.153,3.178,5.114,0.000,70.768,0,1041.699
187.000,6,43.522,4.870,44.108,3.109,3.659,0.000,48.485,1,1101.049
188.000,6,43.041,4.775,46.931,1.469,3.479,0.000,46.920,1,1143.715
189.000,6,51.188,4.939,43.637,1.643,5.629,0.000,63.406,0,499.240
190.000,6,37.913,4.827,48.402,1.625,4.171,0.000,51.828,0,1061.894
191.000,6,50.183,4.785,46.414,2.627,3.731,0.000,17.207,0,908.681
192.000,6,50.379,4.876,42.315,1.544,5.428,0.000,15.050,0,933.982
193.000,6,45.538,5.161,46.317,1.794,8.382,4.097,72.709,0,1095.222
194.000,6,43.120,5.183,47.018,2.114,5.995,0.000,71.597,1,954.259
195.000,6,44.025,5.176,39.153,1.576,4.839,0.000,51.183,1,927.558
196.000,6,51.586,4.802,40.726,1.777,6.531,0.000,44.846,1,820.200
197.000,6,41.631,5.086,39.111,1.986,6.036,0.000,40.726,0,1087.260
198.000,6,43.446,5.230,43.372,1.883,5.325,0.000,67.106,0,955.703
199.000,6,49.637,4.944,44.522,1.735,9.064,0.000,49.659,0,1186.354
200.000,6,41.641,5.032,45.575,1.561,5.717,0.000,46.249,0,775.938
201.000,6,51.257,5.020,45.616,1.896,5.074,0.000,18.574,0,881.348
202.000,6,47.640,5.315,46.350,2.435,8.116,0.000,48.297,1,1155.861
203.000,6,37.576,5.170,44.434,1.678,6.222,0.000,29.049,0,843.972
204.000,6,45.927,4.869,44.661,2.642,3.889,0.000,75.006,1,831.275
205.000,6,32.758,4.886,44.388,2.688,6.952,0.000,32.775,1,1178.536
206.000,6,45.003,5.086,46.749,2.743,4.850,0.000,71.551,0,801.059
207.000,6,41.324,5.077,47.660,1.710,9.195,0.000,54.173,1,642.641
208.000,6,43.547,4.929,40.442,1.865,8.475,0.000,61.234,0,1081.903
209.000,6,50.141,4.860,47.228,1.387,3.268,2.098,56.177,0,988.292
210.000,6,54.796,5.015,39.207,1.852,9.676,37.017,32.659,0,1020.171
211.000,6,50.712,5.050,45.586,1.943,5.104,0.000,64.711,0,1103.742
212.000,6,47.076,4.972,45.048,2.358,4.755,0.000,55.508,0,1116.112
213.000,6,44.283,5.019,43.327,2.219,5.390,0.000,28.487,0,751.252
214.000,6,47.373,4.977,46.114,3.688,7.321,0.000,56.828,0,749.013
215.000,6,39.957,5.243,41.075,3.968,6.686,0.000,34.060,1,917.488
216.000,6,44.824,4.961,43.324,1.710,7.313,0.000,33.747,0,814.724
217.000,6,48.180,4.878,42.966,1.758,7.106,24.738,27.832,1,1090.180
218.000,6,43.307,4.722,43.961,2.309,8.638,0.000,63.757,0,1089.199
219.000,6,40.152,4.964,39.823,1.673,2.482,48.107,63.781,0,924.697
220.000,6,51.230,5.091,47.723,1.515,6.995,0.000,48.910,0,993.788
221.000,6,49.843,5.161,44.027,2.053,5.142,0.000,75.318,0,922.830
222.000,6,45.958,4.834,41.870,2.499,6.083,0.000,59.565,0,928.968
223.000,6,46.458,5.153,43.233,2.233,7.720,0.000,39.254,0,711.526
224.000,6,48.714,5.007,46.040,2.053,5.485,0.000,11.810,0,781.315
225.000,6,55.415,5.043,47.341,2.591,5.355,0.000,68.355,1,890.420
226.000,6,41.973,4.956,43.171,1.724,7.107,31.018,47.807,0,755.644
227.000,6,46.734,5.134,42.850,1.881,6.098,0.000,75.299,0,1172.538
228.000,6,44.317,5.049,42.618,1.667,7.775,0.000,79.700,0,1214.762
229.000,6,48.430,4.882,42.480,3.116,7.124,0.000,35.834,1,753.705
230.000,6,45.742,4.756,45.486,1.634,5.251,0.000,48.353,0,766.128
231.000,6,42.077,5.105,44.461,2.237,6.005,0.000,46.516,0,1035.320
232.000,6,43.449,5.143,43.179,1.546,2.467,0.000,31.941,0,963.347
233.000,6,38.436,5.086,45.635,2.124,6.720,0.000,62.415,0,550.060
234.000,6,47.763,5.075,40.839,1.487,6.457,0.000,30.378,0,1122.778
235.000,6,45.163,5.103,41.873,2.962,5.925,0.000,57.611,1,877.514
236.000,6,47.496,4.917,43.843,2.029,3.510,0.000,49.896,1,1033.290
237.000,6,50.348,4.878,43.801,1.476,2.136,29.708,42.609,0,1140.918
238.000,6,42.854,5.209,47.736,1.568,6.638,0.000,31.176,0,1179.742
239.000,6,50.968,5.010,41.598,2.274,4.297,0.000,59.572,1,683.155
240.000,6,48.813,5.086,41.314,1.829,5.562,0.000,12.041,1,955.958
241.000,6,45.723,4.943,40.753,2.301,8.734,0.000,26.421,0,1036.671
242.000,6,50.302,5.310,40.332,2.887,5.157,0.000,24.810,1,913.961
243.000,6,47.678,5.040,42.735,2.847,6.046,51.958,14.638,0,1055.801
244.000,6,40.161,5.109,43.268,2.066,7.966,0.000,15.310,0,1018.144
245.000,6,40.192,4.766,39.385,1.779,4.248,0.000,68.421,0,1122.849
246.000,6,40.701,4.999,43.702,1.970,6.396,46.681,21.081,0,1023.932
247.000,6,46.380,5.130,46.025,1.453,5.544,0.000,38.249,0,1128.561
248.000,6,45.004,5.268,42.184,1.997,4.245,0.000,75.334,1,1145.793
249.000,6,48.230,5.114,42.763,1.872,4.841,0.000,32.750,0,1215.383
250.000,6,39.958,4.926,40.278,2.505,5.422,0.000,37.735,0,969.221
251.000,6,34.078,4.799,43.747,2.806,5.249,0.000,26.821,1,1216.181
252.000,6,44.334,4.990,41.692,3.058,6.426,0.000,42.555,0,965.020
253.000,6,48.894,5.018,41.990,2.583,9.107,0.000,42.965,0,974.408
254.000,6,51.177,4.948,44.410,1.576,7.105,89.545,71.087,0,982.753
255.000,6,38.152,4.737,43.484,1.466,6.255,0.000,38.520,0,996.219
256.000,6,40.252,5.029,38.011,2.155,4.711,52.335,43.836,0,1033.075
257.000,6,42.439,5.087,40.351,2.087,4.120,58.946,18.300,1,1145.807
258.000,6,52.450,4.687,40.483,4.250,5.223,0.000,73.971,1,839.406
259.000,6,50.445,5.166,41.603,1.727,4.749,0.000,13.239,1,1129.347
260.000,6,42.484,5.010,40.253,2.154,5.175,0.000,32.233,0,738.773
261.000,6,40.294,5.185,43.509,2.134,6.230,0.000,33.020,0,974.232
262.000,6,45.402,4.759,38.978,3.725,4.859,0.000,36.806,0,923.106
263.000,6,48.774,4.723,44.932,2.275,5.771,26.632,27.896,1,1018.094
264.000,6,46.526,5.014,41.646,1.597,4.504,0.000,74.412,0,963.331
265.000,6,39.527,4.946,45.161,1.557,5.197,0.000,59.235,0,909.485
266.000,6,43.263,4.856,43.478,3.088,7.016,0.000,16.371,0,932.482
267.000,6,35.384,4.967,44.860,2.458,8.105,80.726,70.109,0,1048.720
268.000,6,41.115,5.009,47.218,2.817,6.361,0.000,10.634,1,825.650
269.000,6,36.695,4.950,37.204,1.670,7.422,0.000,63.335,0,1205.911
270.000,6,45.027,4.978,41.424,4.022,5.563,0.000,60.724,0,837.537
271.000,6,44.792,5.057,43.558,1.944,3.095,0.000,54.989,0,1136.740
272.000,6,45.201,4.904,43.828,1.604,7.364,111.155,44.891,0,1069.392
273.000,6,46.497,4.871,44.777,1.863,6.271,17.431,31.038,1,918.772
274.000,6,43.992,5.133,40.974,3.658,4.630,0.000,19.924,0,938.446
275.000,6,41.187,4.884,44.003,3.117,6.254,0.000,56.675,0,986.855
276.000,6,49.479,4.741,41.638,1.759,7.785,0.000,54.162,0,823.630
277.000,6,44.558,4.981,41.565,2.202,4.122,0.000,42.792,0,1043.575
278.000,6,36.787,5.020,39.246,2.596,4.547,10.334,62.972,1,851.195
279.000,6,51.969,4.943,44.686,1.847,7.981,0.000,75.736,0,861.848
280.000,6,45.802,5.159,46.103,1.654,6.475,0.000,66.292,0,1161.463
281.000,6,51.420,5.147,40.103,2.517,5.663,0.000,72.463,0,909.660
282.000,6,49.707,4.760,38.529,2.240,9.854,0.000,77.650,0,946.150
283.000,6,42.796,4.814,41.226,1.943,7.639,0.000,29.717,1,940.598
284.000,6,48.012,4.852,39.602,2.493,4.170,0.000,32.935,0,864.447
285.000,6,49.637,5.131,45.325,2.765,3.731,126.245,32.081,0,931.707
286.000,6,45.872,5.138,48.945,2.056,4.840,117.495,27.617,0,812.964
287.000,6,54.960,4.854,38.760,1.830,5.416,0.000,69.938,0,906.925
288.000,6,46.423,5.142,42.221,2.107,7.447,1.196,14.034,1,759.376
289.000,6,45.284,4.968,39.366,2.572,9.421,0.000,29.689,0,774.805
290.000,6,43.900,4.997,43.226,1.645,7.220,0.000,63.909,1,959.383
291.000,6,49.343,5.108,44.883,1.858,5.331,82.513,59.245,0,1181.926
292.000,6,45.726,5.106,39.187,2.958,4.911,0.000,28.633,1,1055.146
293.000,6,49.564,5.170,43.640,2.123,3.854,36.856,19.002,0,1057.338
294.000,6,55.061,4.965,42.230,2.467,4.652,0.000,62.660,1,745.402
295.000,6,40.528,5.061,42.116,2.335,6.962,0.000,75.653,0,866.529
296.000,6,48.252,4.801,41.505,2.116,7.623,0.000,69.841,0,977.073
297.000,6,47.926,4.971,44.816,2.176,3.395,0.000,15.884,0,1195.328
298.000,6,40.883,4.956,41.196,1.622,6.500,47.262,35.992,0,820.528
299.000,6,45.793,5.187,39.215,1.615,5.765,0.000,79.137,0,1040.597
300.000,6,40.830,5.080,41.090,3.411,3.779,0.000,20.554,0,871.231
301.000,6,40.763,4.971,42.657,1.976,5.191,0.000,56.143,0,773.144
302.000,6,42.037,5.214,39.527,3.137,5.044,0.000,55.146,1,828.864
303.000,6,47.757,4.961,42.895,1.902,9.740,0.000,65.480,0,708.692
304.000,6,46.439,5.237,42.034,4.046,5.096,0.000,26.396,1,760.372
305.000,6,44.291,5.047,41.004,1.853,6.883,0.000,11.688,0,837.429
306.000,6,41.078,5.128,43.771,1.834,5.502,0.000,11.511,1,710.271
307.000,6,43.051,4.933,41.536,4.660,5.412,147.696,23.055,1,626.626
308.000,6,40.583,5.042,36.838,1.881,5.508,0.000,72.671,0,783.199
309.000,6,55.236,5.126,39.372,2.120,4.215,0.000,61.968,1,1210.804
310.000,6,50.008,4.963,38.560,2.684,5.165,0.000,60.607,0,910.223
311.000,6,41.497,4.611,42.243,2.091,6.056,0.000,31.844,0,679.560
312.000,6,38.557,5.073,39.400,1.955,9.809,0.000,38.371,0,564.300
313.000,6,40.792,4.889,43.313,2.846,5.991,0.000,13.935,1,931.430
314.000,6,45.254,4.855,42.732,2.843,6.738,0.000,48.810,0,801.179
315.000,6,43.322,4.810,42.534,1.840,6.749,0.000,59.321,0,927.612
316.000,6,42.316,5.010,47.206,2.424,3.290,52.988,75.005,0,1046.437
317.000,6,36.304,4.999,40.245,1.695,5.340,0.000,50.713,0,972.701
318.000,6,42.584,5.143,41.223,2.283,8.255,0.000,57.141,1,945.056
319.000,6,52.184,4.977,39.525,2.484,6.022,0.000,11.695,0,1098.504
320.000,6,42.743,5.049,39.047,2.184,4.984,107.540,24.821,0,989.527
321.000,6,52.083,5.003,45.932,2.635,6.163,0.000,24.777,0,1252.668
322.000,6,45.820,5.027,43.023,2.484,7.147,0.000,11.430,0,859.276
323.000,6,37.535,4.951,41.039,2.516,7.685,0.000,33.180,0,807.089
324.000,6,49.074,4.970,40.634,1.713,8.790,0.000,44.087,0,917.131
325.000,6,40.411,5.009,41.043,2.217,8.102,0.000,10.851,1,894.561
326.000,6,41.948,4.840,40.586,1.932,5.901,108.389,13.294,1,747.924
327.000,6,46.134,5.285,44.658,2.907,5.281,0.000,78.835,0,789.304
328.000,6,48.169,4.995,36.754,2.207,6.418,0.000,27.567,0,828.976
329.000,6,44.211,5.107,37.121,3.233,5.081,129.384,61.213,0,629.203
330.000,6,50.009,5.015,40.930,1.954,4.518,0.000,60.089,0,580.009
331.000,6,46.249,4.948,38.610,2.807,6.632,0.000,15.517,0,915.989
332.000,6,46.159,4.883,40.485,2.196,5.741,66.570,10.731,0,1064.997
333.000,6,44.512,5.280,45.372,2.539,7.322,0.000,54.798,1,1257.112
334.000,6,42.091,5.068,44.244,1.898,7.476,158.771,62.413,0,533.533
335.000,6,42.352,4.788,43.049,2.444,5.233,27.265,72.605,0,861.127
336.000,6,46.166,5.041,41.583,1.886,6.250,175.828,64.938,0,830.355
337.000,6,39.939,5.208,44.331,1.990,6.060,0.000,78.258,1,784.100
338.000,6,39.146,4.836,38.285,1.717,6.697,0.000,10.485,1,676.840
339.000,6,49.178,5.339,38.640,1.979,3.994,0.000,30.578,0,937.804
340.000,6,42.526,4.960,40.992,1.793,6.709,0.000,27.414,0,998.933
341.000,6,43.455,5.028,38.751,3.510,9.270,0.000,41.446,0,722.501
342.000,6,49.969,4.943,42.568,2.349,4.478,81.017,71.031,0,1008.158
343.000,6,39.312,5.209,39.863,2.230,3.989,0.000,71.298,0,757.584
344.000,6,46.398,4.848,41.700,1.874,6.271,0.000,21.982,0,687.192
345.000,6,47.816,5.180,45.148,3.361,8.456,0.000,73.458,0,667.095
346.000,6,44.024,4.802,40.490,2.943,9.188,84.580,48.783,1,687.996
347.000,6,47.237,4.943,39.301,3.061,5.998,0.000,45.898,1,968.045
348.000,6,40.564,4.851,43.066,3.432,8.151,50.714,68.974,1,822.064
349.000,6,44.272,5.166,40.459,2.585,4.406,0.000,14.368,1,791.494
350.000,6,50.341,5.292,42.291,4.081,5.949,0.000,75.494,0,759.210
351.000,6,49.508,4.967,40.955,3.127,6.991,179.521,78.768,1,956.201
352.000,6,47.394,4.988,43.857,2.869,5.815,0.000,16.396,0,693.475
353.000,6,40.553,4.888,41.494,2.815,5.837,0.000,42.093,1,630.375
354.000,6,46.539,4.874,42.743,2.143,7.057,0.000,53.374,0,641.618
355.000,6,53.754,5.069,41.497,1.767,5.439,1.203,14.308,0,836.949
356.000,6,55.190,4.751,38.137,1.859,6.194,58.759,12.480,1,915.776
357.000,6,43.423,5.188,44.054,2.404,7.620,0.000,64.140,0,754.308
358.000,6,56.237,4.925,39.505,3.043,5.858,192.133,58.968,1,780.255
359.000,6,54.578,4.848,43.298,3.011,7.999,0.000,57.966,1,1059.122
360.000,6,49.220,5.283,41.760,2.755,6.931,0.000,79.095,1,780.597
361.000,6,39.912,4.922,39.760,2.676,4.090,210.234,62.035,0,979.038
362.000,6,51.893,5.091,42.629,2.078,5.823,0.000,59.668,0,629.766
363.000,6,52.900,5.047,42.271,2.679,8.526,129.110,33.299,1,1164.162
364.000,6,48.982,5.014,43.429,2.206,6.180,209.338,13.516,0,771.250
365.000,6,36.276,5.237,41.769,1.876,5.081,145.339,77.093,1,754.476
366.000,6,52.163,4.716,48.776,2.631,6.776,0.000,57.975,1,639.463
367.000,6,54.583,4.993,40.553,2.048,5.496,0.000,44.700,0,910.068
368.000,6,39.945,4.860,42.142,2.393,7.552,0.000,46.335,0,878.501
369.000,6,51.756,5.021,42.077,2.731,5.412,0.000,28.037,0,649.389
370.000,6,52.193,5.014,40.700,2.752,5.770,0.000,23.232,0,656.120
371.000,6,46.353,5.148,39.956,2.130,4.423,123.371,48.614,0,930.856
372.000,6,41.625,4.872,44.573,2.330,3.991,55.454,52.687,0,724.211
373.000,6,51.028,5.255,36.070,2.621,6.734,0.000,61.786,1,1114.489
374.000,6,55.410,4.952,43.505,2.607,7.225,0.000,79.522,0,1040.047
375.000,6,42.993,4.887,43.468,2.009,8.696,168.993,78.465,0,758.949
376.000,6,50.112,5.086,46.818,2.681,6.010,0.000,74.801,0,826.303
377.000,6,43.702,5.217,46.100,3.471,2.970,24.185,19.366,1,706.201
378.000,6,42.384,4.801,41.795,2.235,10.083,0.000,50.414,0,590.292
379.000,6,43.143,5.385,39.441,2.555,6.913,157.899,57.438,0,634.954
380.000,6,44.809,5.170,44.953,3.569,3.832,0.000,27.550,1,826.369
381.000,6,46.687,4.923,42.441,3.227,6.923,76.571,57.858,1,588.444
382.000,6,43.056,5.126,38.366,2.314,3.820,66.866,23.154,1,815.318
383.000,6,44.081,4.980,42.994,3.229,7.913,0.000,27.665,1,715.249
384.000,6,48.481,5.095,41.097,1.900,2.094,0.000,43.549,0,854.170
385.000,6,49.345,5.099,42.525,1.957,6.740,0.000,49.258,0,1010.467
386.000,6,41.893,5.047,39.608,2.237,3.792,59.926,74.177,0,950.263
387.000,6,41.329,4.880,37.310,2.161,4.593,0.000,27.707,0,973.212
388.000,6,34.685,4.768,36.727,2.171,6.739,229.592,18.717,1,861.985
389.000,6,49.212,4.987,42.001,2.490,5.316,0.000,40.658,1,833.920
390.000,6,37.185,4.671,47.204,3.001,5.243,56.592,49.935,0,1171.794
391.000,6,51.500,5.064,42.817,2.123,5.915,0.000,17.244,0,1034.485
392.000,6,39.867,5.165,42.509,3.071,8.874,0.000,18.086,1,1054.410
393.000,6,46.948,4.971,43.743,2.741,8.249,180.228,21.100,0,744.027
394.000,6,51.483,5.208,39.500,2.892,4.795,211.588,40.879,0,419.713
395.000,6,33.628,5.126,40.160,3.438,9.005,0.000,36.945,0,1104.670
396.000,6,45.357,5.048,43.621,2.930,8.411,80.706,30.860,0,721.526
397.000,6,46.719,5.132,37.773,1.911,5.505,35.117,29.849,0,946.753
398.000,6,45.894,4.883,41.138,3.869,5.415,0.000,17.010,1,878.406
399.000,6,39.603,5.440,41.334,2.004,5.993,0.000,17.740,0,956.284
400.000,6,48.718,5.031,49.220,2.742,6.451,0.000,51.581,0,739.400
401.000,6,40.699,5.133,36.386,2.286,7.157,0.000,53.539,0,762.842
402.000,6,46.036,5.084,43.199,3.394,5.242,150.361,76.464,1,1106.763
403.000,6,47.523,4.813,42.985,3.323,7.762,0.000,75.219,0,1105.921
404.000,6,55.475,4.889,40.803,2.181,8.009,97.229,17.796,0,888.085
405.000,6,44.197,4.760,40.141,2.707,7.325,0.000,14.543,1,888.074
406.000,6,44.040,5.205,39.611,1.951,5.987,113.286,51.306,1,844.244
407.000,6,54.885,5.122,41.816,1.981,6.153,10.213,74.893,1,887.869
408.000,6,50.863,5.099,44.766,2.072,5.928,186.403,68.443,0,696.018
409.000,6,49.534,4.975,39.943,3.031,4.608,0.000,37.579,0,555.479
410.000,6,43.395,5.299,43.555,2.148,5.860,0.000,66.583,1,1014.211
411.000,6,46.810,5.004,41.433,3.217,8.601,0.000,18.389,0,1014.739
412.000,6,45.145,5.141,41.947,2.876,8.267,0.000,48.918,0,842.204
413.000,6,43.164,4.982,43.678,3.407,8.413,151.098,10.533,0,845.510
414.000,6,51.152,5.192,40.545,2.956,9.580,0.000,66.165,0,584.972
415.000,6,41.700,5.188,39.097,3.481,6.735,0.000,53.457,0,521.169
416.000,6,51.844,4.960,39.473,2.936,8.131,119.083,26.399,0,869.960
417.000,6,55.152,4.988,43.453,4.310,7.786,0.000,70.706,0,647.118
418.000,6,41.744,4.876,38.304,2.265,8.649,150.809,36.750,0,722.148
419.000,6,42.880,5.118,40.169,2.671,5.419,202.993,34.282,0,975.315
420.000,6,44.129,4.895,44.080,3.586,6.908,117.641,48.542,1,820.408
421.000,6,44.819,5.177,39.338,3.652,5.863,31.048,53.416,0,907.736
422.000,6,45.994,4.979,46.107,1.973,4.876,0.000,77.937,0,923.424
423.000,6,42.087,4.791,37.674,2.397,8.461,0.000,24.101,0,529.165
424.000,6,44.765,5.229,42.139,2.694,5.922,149.646,23.486,1,589.553
425.000,6,41.872,4.806,40.672,2.399,5.601,112.723,21.705,0,652.650
426.000,6,43.977,4.961,42.335,2.363,8.830,0.000,24.640,1,953.570
427.000,6,36.170,5.010,41.233,2.477,7.205,0.000,29.382,0,752.330
428.000,6,46.176,5.012,38.789,2.564,7.037,84.345,13.323,0,999.467
429.000,6,53.379,4.862,40.739,2.958,3.900,103.178,15.825,0,735.552
430.000,6,36.926,4.985,37.691,2.377,8.067,227.546,68.875,0,1123.433
431.000,6,53.584,4.948,38.928,2.507,5.510,208.523,59.623,0,951.138
432.000,6,43.694,4.827,39.454,2.109,5.790,222.608,15.402,1,607.170
433.000,6,39.190,4.931,39.689,2.772,7.646,0.000,43.329,1,670.556
434.000,6,49.225,4.861,38.063,2.767,3.604,158.626,68.918,0,1014.165
435.000,6,39.287,4.784,39.596,3.479,5.712,0.000,77.616,1,520.532
436.000,6,45.091,4.960,36.487,2.502,7.843,0.000,59.322,1,799.809
437.000,6,36.351,4.950,45.605,3.031,7.373,275.828,33.309,0,636.457
438.000,6,48.022,4.942,43.697,2.629,7.238,0.000,23.350,0,1149.583
439.000,6,44.426,5.071,43.522,2.059,8.137,161.422,22.154,0,724.160
440.000,6,44.697,4.961,40.767,2.384,7.843,230.934,69.803,0,600.632
441.000,6,43.540,4.928,41.557,2.561,6.773,0.000,38.760,0,840.697
442.000,6,37.628,4.856,40.336,2.697,5.952,185.329,44.200,0,799.935
443.000,6,52.218,5.191,42.557,3.588,6.374,0.000,38.372,0,671.495
444.000,6,46.098,4.940,43.875,3.041,8.587,79.227,57.468,1,887.316
445.000,6,44.295,5.027,42.382,2.235,9.140,0.000,77.698,0,845.776
446.000,6,46.920,5.218,40.180,2.811,6.642,115.534,13.632,1,757.628
447.000,6,38.069,4.900,38.577,4.749,6.361,0.000,53.590,1,778.451
448.000,6,62.999,4.973,42.633,2.334,6.794,76.575,44.069,1,799.975
449.000,6,42.444,5.246,37.453,2.956,8.865,0.000,19.909,1,741.554
450.000,6,37.158,5.059,39.714,2.134,6.358,0.000,74.331,0,942.809
451.000,6,49.885,4.939,38.075,3.525,6.411,270.739,53.767,0,646.744
452.000,6,42.847,5.035,42.807,2.185,8.109,283.829,62.493,0,944.374
453.000,6,49.116,5.071,39.167,2.326,5.958,0.000,64.146,0,1059.910
454.000,6,47.741,4.884,43.127,2.487,5.386,50.452,10.154,0,894.223
455.000,6,39.595,4.733,40.519,2.103,9.225,46.048,68.056,1,948.055
456.000,6,30.972,4.935,37.573,2.633,6.185,78.566,78.113,0,1018.358
457.000,6,44.082,5.189,42.434,2.382,5.283,254.996,35.200,0,698.079
458.000,6,48.889,4.769,40.112,2.961,7.415,116.433,79.453,0,813.192
459.000,6,48.480,4.844,41.471,2.615,5.204,49.889,69.015,0,928.362
460.000,6,43.242,4.799,40.844,2.289,7.545,257.226,42.050,0,780.383
461.000,6,44.568,4.944,39.817,2.968,6.919,188.148,57.479,0,936.812
462.000,6,47.910,4.703,42.771,2.859,7.121,88.178,55.857,0,663.358
463.000,6,34.309,5.141,36.619,2.577,8.721,100.565,66.761,0,469.955
464.000,6,53.560,4.964,38.443,2.551,6.675,146.811,58.786,0,835.765
465.000,6,41.044,5.008,38.315,4.204,9.057,275.095,22.553,0,733.153
466.000,6,45.733,5.022,44.824,2.721,4.306,121.297,59.094,0,814.085
467.000,6,36.702,4.684,43.603,2.336,5.450,57.212,14.672,1,960.541
468.000,6,44.081,5.100,37.523,2.799,6.546,0.000,25.477,0,901.352
469.000,6,48.913,4.890,42.959,2.664,8.230,0.000,27.264,0,911.727
470.000,6,42.245,4.986,43.747,2.183,6.088,148.990,73.314,0,916.206
471.000,6,42.437,4.905,39.629,2.382,4.804,0.000,11.914,0,718.482
472.000,6,46.611,4.946,42.291,3.502,9.529,254.513,69.279,1,709.663
473.000,6,38.937,5.144,42.346,3.337,6.446,0.000,47.342,1,773.556
474.000,6,42.058,4.946,41.015,3.074,5.355,0.000,57.800,0,667.418
475.000,6,44.779,5.257,41.623,2.540,6.833,52.044,79.685,0,733.240
476.000,6,49.626,4.749,41.663,3.862,8.864,31.613,35.830,1,828.483
477.000,6,41.008,5.011,39.057,2.442,4.698,295.061,27.432,0,709.008
478.000,6,55.187,5.164,35.134,2.361,6.377,0.000,57.903,1,705.822
479.000,6,40.044,4.980,39.205,2.166,6.494,0.000,34.492,0,777.233
480.000,6,53.462,4.707,37.052,3.760,5.555,68.541,58.785,0,596.552
481.000,6,47.203,4.974,36.050,2.867,6.353,0.000,29.509,0,899.555
482.000,6,46.714,4.872,36.843,2.573,8.065,281.449,40.987,0,691.400
483.000,6,51.229,5.013,43.371,2.921,6.700,0.000,48.585,0,696.612
484.000,6,45.038,5.096,41.714,3.478,5.859,0.000,38.758,0,841.617
485.000,6,46.678,4.965,41.988,3.575,6.053,324.863,38.123,0,1119.077
486.000,6,39.787,4.849,37.338,3.530,7.517,0.000,40.039,1,748.621
487.000,6,48.693,4.942,39.082,2.849,7.503,224.042,36.652,0,1102.778
488.000,6,46.981,5.330,34.721,2.423,7.380,0.000,12.577,1,764.402
489.000,6,51.642,4.942,40.333,3.124,4.619,158.934,41.699,1,818.764
490.000,6,40.321,5.229,40.136,2.572,6.512,297.801,52.183,0,917.044
491.000,6,49.767,5.000,41.291,2.377,8.599,0.000,70.542,0,675.694
492.000,6,43.970,4.807,41.124,2.671,8.300,41.576,16.959,1,903.475
493.000,6,53.482,5.294,40.645,2.710,9.194,199.280,27.286,0,616.005
494.000,6,45.951,5.036,42.150,4.139,4.387,0.000,58.156,1,417.398
495.000,6,41.574,4.912,39.518,2.368,7.933,75.568,47.707,0,818.054
496.000,6,44.087,4.850,39.352,4.199,7.124,81.888,19.313,0,581.033
497.000,6,41.247,5.294,39.333,3.005,8.595,241.824,45.862,0,673.982
498.000,6,45.925,5.062,43.517,3.196,6.594,0.000,45.847,0,696.634
499.000,6,41.731,4.934,40.188,2.521,5.304,0.000,61.858,0,915.624
500.000,6,39.510,5.265,37.427,2.588,6.341,173.659,56.658,0,595.391
501.000,6,45.039,4.932,39.911,3.660,6.766,0.000,34.168,0,830.496
502.000,6,34.354,5.188,39.121,2.832,6.181,0.000,35.365,0,808.803
503.000,6,42.267,4.834,39.573,3.609,5.125,0.000,44.781,0,594.890
504.000,6,45.462,4.851,41.283,3.338,5.421,216.635,42.985,0,868.811
505.000,6,48.525,4.861,39.518,2.913,7.165,0.000,61.399,1,700.097
506.000,6,39.193,4.833,39.415,3.442,4.439,353.213,38.467,1,717.829
507.000,6,51.029,5.289,39.003,2.654,4.953,105.953,51.353,0,606.302
508.000,6,54.287,4.778,40.749,2.986,8.461,58.552,73.716,0,614.131
509.000,6,46.042,5.003,37.356,2.610,7.644,110.273,14.249,0,648.772
510.000,6,48.259,5.020,42.370,3.851,5.586,0.000,62.467,0,901.819
511.000,6,41.341,4.856,40.261,2.985,6.802,256.574,60.733,1,767.285
512.000,6,52.867,5.136,36.755,2.887,6.292,168.348,13.942,0,918.890
513.000,6,44.654,4.914,34.219,3.798,6.296,112.589,44.958,0,717.768
514.000,6,35.754,5.289,36.905,3.483,4.778,174.372,46.265,1,496.426
515.000,6,40.582,5.143,42.322,3.609,5.723,200.259,52.279,1,565.941
516.000,6,46.075,5.187,40.006,3.457,5.908,261.079,46.109,0,809.361
517.000,6,42.897,5.001,44.430,2.558,6.926,0.000,21.850,0,678.536
518.000,6,56.538,5.156,40.737,3.722,5.821,186.865,72.160,1,440.506
519.000,6,39.994,4.946,40.127,3.102,6.588,29.130,49.336,0,1021.642
520.000,6,48.104,4.769,41.659,3.591,7.573,279.928,65.903,0,580.632
521.000,6,44.794,4.782,41.264,3.151,7.106,78.497,46.099,0,727.716
522.000,6,44.879,5.061,38.716,3.016,5.519,59.384,47.101,0,919.042
523.000,6,42.614,4.917,38.666,2.652,5.592,176.626,49.420,0,918.147
524.000,6,44.566,4.920,39.248,2.768,7.578,101.213,31.578,0,867.125
525.000,6,45.177,5.215,41.659,2.474,6.142,99.791,36.656,0,698.037
526.000,6,45.750,4.945,39.843,3.578,5.486,120.321,63.785,0,918.142
527.000,6,43.704,5.238,44.677,3.746,6.742,69.954,69.824,1,924.579
528.000,6,35.810,4.923,32.561,3.870,6.795,201.479,32.680,1,730.637
529.000,6,47.869,5.207,37.839,2.528,8.754,0.000,25.714,0,657.612
530.000,6,54.392,5.319,45.014,3.250,6.820,247.682,34.455,0,415.653
531.000,6,53.840,5.029,41.208,2.340,7.693,67.617,31.753,0,603.714
532.000,6,45.483,5.210,40.924,2.577,3.415,0.000,61.849,0,588.977
533.000,6,49.233,4.961,38.477,2.508,5.272,297.101,24.546,0,863.663
534.000,6,52.101,4.956,37.936,2.376,4.693,3.807,40.811,0,1066.672
535.000,6,41.875,4.963,37.694,2.945,5.359,297.176,77.974,0,883.312
536.000,6,43.468,5.089,40.670,3.018,7.570,0.000,31.801,1,659.242
537.000,6,46.630,5.045,44.582,2.671,6.837,0.000,66.462,1,699.124
538.000,6,44.663,4.866,38.595,2.750,5.517,0.000,44.332,1,690.456
539.000,6,45.197,4.994,42.064,3.365,6.104,0.000,10.816,0,551.213
540.000,6,39.661,4.964,45.571,2.873,8.317,209.501,19.290,1,574.472
541.000,6,47.248,5.010,42.246,2.562,5.123,0.000,73.165,0,695.918
542.000,6,48.016,4.765,36.868,3.647,7.611,247.143,77.503,1,720.224
543.000,6,50.152,4.872,41.160,4.064,6.173,40.206,48.756,0,733.448
544.000,6,38.883,5.000,41.148,3.079,7.343,318.788,21.076,0,605.130
545.000,6,39.256,4.633,38.574,3.308,6.100,0.000,22.275,1,778.975
546.000,6,33.084,5.028,39.079,2.876,5.921,105.975,67.374,0,686.666
547.000,6,43.107,4.876,40.804,4.153,7.021,161.462,34.512,0,574.539
548.000,6,48.657,4.765,40.905,3.875,5.795,0.000,32.710,1,922.158
549.000,6,45.664,4.948,38.788,4.307,4.728,204.075,28.042,0,562.345
550.000,6,42.055,5.128,35.784,2.982,7.646,0.000,69.649,1,517.352
551.000,6,58.582,5.237,40.016,4.332,9.351,353.671,78.017,0,450.196
552.000,6,50.891,4.919,40.676,3.926,9.472,87.089,22.202,0,426.169
553.000,6,43.595,5.118,40.429,3.610,6.263,0.000,70.927,1,735.259
554.000,6,44.052,5.126,41.499,3.178,7.656,254.581,63.427,0,488.727
555.000,6,42.411,4.980,37.801,3.804,7.260,2.773,50.088,1,743.283
556.000,6,49.095,4.642,41.850,3.044,7.967,134.621,61.588,0,817.737
557.000,6,54.071,4.940,39.857,2.554,7.918,124.670,32.650,1,1099.179
558.000,6,49.117,4.895,42.177,3.263,7.765,0.000,74.026,0,905.892
559.000,6,57.260,4.993,41.623,2.696,8.126,226.868,13.043,0,663.736
560.000,6,42.388,4.965,41.747,2.990,5.215,10.968,53.054,1,601.183
561.000,6,49.627,4.939,47.323,2.448,6.888,354.025,24.396,0,877.831
562.000,6,39.998,4.913,39.088,4.573,8.222,260.829,12.478,0,768.524
563.000,6,47.591,5.156,40.773,3.489,4.841,81.165,17.994,1,694.953
564.000,6,49.553,5.209,40.288,4.070,5.878,16.028,66.409,0,601.455
565.000,6,35.242,5.108,35.534,2.729,6.890,106.015,66.725,1,445.266
566.000,6,45.050,4.975,39.181,3.450,7.077,244.796,49.040,0,632.825
567.000,6,45.919,5.149,35.712,2.723,6.130,133.380,31.961,0,876.544
568.000,6,42.951,5.145,42.346,2.898,5.131,397.220,57.681,0,628.505
569.000,6,44.533,4.995,36.903,2.706,6.330,204.111,70.021,0,691.687
570.000,6,40.123,4.845,41.285,3.152,5.987,0.000,31.977,0,648.858
571.000,6,34.410,4.869,40.911,3.134,4.873,275.318,57.520,1,1032.713
572.000,6,46.313,5.008,43.604,2.438,4.497,309.867,24.683,1,515.379
573.000,6,42.056,5.130,37.020,2.622,6.493,136.295,70.318,0,903.027
574.000,6,42.263,4.897,42.951,2.646,5.810,273.437,25.583,0,835.529
575.000,6,58.173,5.171,38.011,2.821,6.549,244.113,29.627,0,808.739
576.000,6,47.086,5.031,36.966,2.905,8.689,144.957,75.576,1,909.079
577.000,6,44.662,4.848,38.977,2.832,7.523,28.141,17.219,0,630.448
578.000,6,46.009,4.925,38.202,2.716,4.651,6.736,34.127,0,872.260
579.000,6,50.366,5.036,42.476,3.246,8.814,348.407,36.232,0,597.297
580.000,6,46.791,5.330,38.516,2.625,8.393,0.000,70.400,0,951.461
581.000,6,45.512,4.941,35.526,3.313,5.524,420.756,71.449,0,725.516
582.000,6,47.256,4.778,41.592,2.728,7.275,31.771,76.540,1,692.692
583.000,6,49.123,4.865,35.535,3.277,8.235,52.139,49.028,1,454.127
584.000,6,52.030,4.853,39.324,3.692,5.770,0.000,51.403,1,686.091
585.000,6,43.001,4.887,36.613,2.990,5.426,380.233,22.648,0,1190.378
586.000,6,49.090,5.046,40.046,2.480,7.039,0.000,29.410,0,755.328
587.000,6,48.008,5.016,40.175,2.789,8.449,119.856,10.569,0,934.061
588.000,6,41.891,4.861,39.869,2.498,5.279,126.548,27.685,0,707.607
589.000,6,42.223,4.815,37.702,4.382,6.276,74.001,11.119,1,678.238
590.000,6,43.885,5.199,39.508,2.899,7.204,297.982,53.640,0,782.149
591.000,6,41.312,5.094,41.806,4.276,5.601,389.238,21.887,1,1071.637
592.000,6,47.103,5.176,37.934,3.198,5.838,226.511,78.958,0,797.134
593.000,6,44.302,5.125,36.584,2.616,7.363,270.993,60.842,1,914.340
594.000,6,46.038,5.067,33.039,4.740,4.455,302.914,34.580,1,765.642
595.000,6,51.397,5.037,37.493,3.411,10.552,210.061,63.864,0,840.327
596.000,6,41.627,4.888,42.220,2.653,7.422,300.940,75.446,1,888.339
597.000,6,44.305,4.917,36.736,4.086,8.111,388.832,65.602,1,484.644
598.000,6,44.227,5.018,38.477,2.836,8.044,318.831,47.712,0,735.504
599.000,6,49.855,4.593,37.913,4.333,5.788,62.445,56.124,1,912.519
600.000,6,44.424,4.848,38.967,3.252,7.154,277.958,12.542,0,1000.013
601.000,6,45.865,4.904,42.317,3.172,7.932,116.511,13.809,0,546.424
602.000,6,42.829,5.268,33.739,3.058,8.341,138.442,78.402,1,643.027
603.000,6,47.618,4.964,32.981,3.022,6.459,9.806,43.566,1,521.618
604.000,6,42.906,4.912,40.703,3.522,4.763,162.050,13.871,1,983.685
605.000,6,46.200,4.882,35.768,4.367,7.254,22.790,59.911,0,493.510
606.000,6,44.341,5.039,38.206,2.672,7.399,0.000,10.759,0,784.118
607.000,6,48.226,5.067,39.883,3.213,5.396,64.194,15.027,0,673.412
608.000,6,41.779,4.863,33.143,4.275,6.556,83.541,65.220,1,279.662
609.000,6,51.112,4.972,35.729,2.541,8.116,0.000,63.195,0,791.678
610.000,6,36.266,4.813,41.868,3.180,8.962,318.545,25.747,1,544.094
611.000,6,48.157,4.921,35.566,2.761,7.390,393.530,46.352,1,486.153
612.000,6,41.244,5.145,40.347,3.152,8.628,0.000,10.583,0,766.197
613.000,6,43.622,4.824,39.270,2.928,8.102,238.025,28.574,1,708.364
614.000,6,50.857,5.080,35.284,3.054,6.573,175.627,12.683,1,760.415
615.000,6,47.467,4.773,42.340,2.733,8.196,190.387,44.500,0,811.733
616.000,6,45.646,5.061,36.049,3.656,5.910,363.427,27.224,1,532.723
617.000,6,37.638,5.019,39.201,5.334,6.362,359.409,45.105,0,600.617
618.000,6,56.258,5.032,41.477,4.396,8.550,31.817,72.687,1,567.508
619.000,6,47.442,5.182,41.263,2.854,5.654,0.000,17.445,1,513.458
620.000,6,50.300,4.807,39.696,4.817,5.421,0.000,75.417,0,718.632
621.000,6,45.026,5.272,38.588,3.687,8.875,0.295,11.143,1,614.049
622.000,6,29.494,4.893,38.538,4.028,9.708,0.000,50.664,0,915.419
623.000,6,51.297,5.116,38.994,2.949,7.254,164.475,75.825,0,831.202
624.000,6,41.623,4.925,36.632,2.997,8.676,143.244,15.408,1,583.250
625.000,6,45.754,4.835,42.399,2.944,7.035,275.493,14.315,1,397.519
626.000,6,48.921,5.149,40.032,4.572,5.740,106.941,10.216,0,525.556
627.000,6,30.842,4.946,36.973,3.746,6.993,164.855,66.399,0,576.892
628.000,6,50.529,5.097,38.717,2.983,4.526,266.173,47.063,0,780.957
629.000,6,40.442,5.013,40.839,2.637,8.877,0.000,20.517,0,1010.626
630.000,6,51.029,5.109,40.969,3.630,8.461,0.000,56.961,0,561.451
631.000,6,41.118,5.007,40.283,2.677,6.881,373.139,25.032,0,604.540
632.000,6,46.180,4.978,36.462,3.109,6.057,0.000,21.851,1,1005.884
633.000,6,38.225,4.737,39.451,3.812,5.959,248.352,60.765,1,443.549
634.000,6,39.673,4.904,39.726,2.991,6.989,249.200,34.357,0,701.354
635.000,6,45.481,5.113,37.683,3.697,9.020,288.123,62.694,1,415.300
636.000,6,51.192,5.096,42.703,4.678,7.175,80.692,21.514,1,603.921
637.000,6,44.486,5.020,40.929,3.160,4.771,0.000,14.486,1,744.457
638.000,6,46.313,4.736,38.400,3.851,4.651,295.134,20.999,1,302.013
639.000,6,45.892,5.192,43.303,3.170,4.841,447.942,43.655,0,666.279
640.000,6,46.654,5.355,35.259,3.064,8.162,320.361,42.521,0,679.968
641.000,6,37.622,5.087,38.994,3.487,6.438,390.356,29.751,0,495.312
642.000,6,39.934,5.026,36.135,4.044,8.357,421.105,49.365,1,510.839
643.000,6,50.117,5.141,39.058,2.671,6.777,12.398,30.955,0,588.705
644.000,6,40.535,4.775,38.031,2.761,5.681,201.267,18.831,0,833.021
645.000,6,45.738,5.223,43.069,2.785,8.362,69.879,59.254,0,614.950
646.000,6,44.104,4.908,35.790,4.125,7.667,486.486,22.756,1,398.107
647.000,6,47.980,5.079,35.825,3.778,6.375,426.096,49.133,1,800.656
648.000,6,37.736,4.974,35.475,3.978,7.397,142.812,47.634,1,406.953
649.000,6,45.035,4.928,41.766,2.737,6.574,38.315,47.188,0,538.799
650.000,6,42.501,5.072,37.976,3.839,8.752,0.000,67.351,0,920.560
651.000,6,43.296,4.974,40.800,3.440,5.819,379.120,16.157,0,691.193
652.000,6,47.729,5.179,38.846,2.875,6.550,429.608,70.325,0,855.523
653.000,6,39.525,4.946,36.820,3.989,7.146,29.760,49.394,1,801.702
654.000,6,45.569,4.924,37.724,4.055,6.211,139.330,29.599,0,698.723
655.000,6,46.737,5.276,36.559,3.077,8.721,69.885,65.979,0,266.431
656.000,6,50.768,5.251,34.026,2.895,9.516,113.189,15.547,0,491.959
657.000,6,40.944,4.774,40.216,2.836,8.170,333.838,18.135,0,548.274
658.000,6,43.437,5.072,36.564,3.464,6.966,374.849,11.851,0,707.072
659.000,6,55.365,5.018,41.627,2.824,6.666,248.969,34.965,0,631.082
660.000,6,45.021,4.688,40.747,3.670,6.003,415.289,29.264,0,642.296
661.000,6,39.018,5.072,35.950,3.622,5.550,342.864,60.567,0,698.446
662.000,6,38.988,4.979,41.163,2.919,6.858,0.000,58.305,1,502.257
663.000,6,37.224,5.305,36.895,4.434,5.519,422.188,37.914,1,491.546
664.000,6,40.410,5.149,40.227,3.713,7.402,124.308,49.452,0,711.663
665.000,6,43.194,4.795,38.681,3.902,7.957,413.875,77.657,0,447.677
666.000,6,35.274,5.146,37.755,4.278,5.737,69.678,31.200,1,590.215
667.000,6,47.608,4.907,35.207,4.275,5.590,10.552,13.912,1,671.570
668.000,6,42.554,5.013,37.738,3.191,7.769,488.134,75.042,0,531.041
669.000,6,47.800,5.085,38.896,3.434,7.509,344.733,53.298,0,778.377
670.000,6,45.546,5.089,39.355,3.255,6.292,232.427,60.443,0,507.866
671.000,6,40.500,5.137,39.127,3.442,6.839,159.478,41.325,1,585.424
672.000,6,43.358,4.945,37.968,3.824,5.584,390.357,55.182,1,826.971
673.000,6,49.514,5.147,37.095,3.204,5.103,519.191,44.574,0,620.854
674.000,6,45.408,5.116,39.729,5.141,9.540,55.561,54.585,1,389.890
675.000,6,51.467,4.954,38.070,2.874,7.270,474.989,12.452,0,711.776
676.000,6,45.231,5.204,38.300,3.233,7.210,199.594,77.156,0,482.695
677.000,6,46.222,4.867,39.858,5.013,6.220,116.966,57.598,1,354.147
678.000,6,41.082,5.040,43.499,3.226,4.682,504.967,43.601,0,562.336
679.000,6,45.064,4.804,34.776,3.076,7.960,190.332,34.689,0,574.634
680.000,6,42.794,4.926,38.172,3.161,7.668,281.627,76.627,0,542.762
681.000,6,37.167,5.078,38.465,4.278,10.603,73.592,77.924,0,708.839
682.000,6,44.840,5.073,40.778,3.397,6.524,17.557,50.878,0,899.210
683.000,6,48.659,5.033,39.349,4.141,7.323,480.726,36.853,0,858.535
684.000,6,40.151,4.997,37.353,3.236,6.242,284.102,35.946,1,839.908
685.000,6,41.048,5.083,39.693,3.076,11.411,453.453,39.907,0,738.422
686.000,6,45.316,4.923,36.961,3.701,11.432,511.737,38.760,0,776.259
687.000,6,44.420,5.250,42.220,3.044,6.882,237.164,51.162,0,774.596
688.000,6,53.353,5.138,40.525,4.446,6.142,327.837,37.182,1,502.000
689.000,6,43.847,5.190,41.379,4.848,3.790,125.792,73.080,1,263.769
690.000,6,42.627,4.726,36.370,3.166,6.849,5.684,36.482,0,782.798
691.000,6,45.578,5.040,36.247,2.861,4.980,459.033,47.686,0,586.001
692.000,6,46.819,4.985,36.772,3.743,7.221,466.916,79.813,0,809.652
693.000,6,36.989,5.023,35.284,4.407,6.297,143.433,11.797,1,588.728
694.000,6,35.750,4.779,38.914,2.880,8.184,494.852,28.511,1,456.374
695.000,6,47.095,5.117,40.030,4.622,6.638,519.437,17.547,1,640.611
696.000,6,34.296,5.005,35.176,3.542,6.654,169.214,18.123,0,278.226
697.000,6,40.321,4.864,36.423,4.999,9.848,292.272,32.304,0,636.521
698.000,6,45.074,4.939,35.973,3.600,5.772,505.267,77.623,0,432.999
699.000,6,42.397,5.263,35.786,2.824,8.817,497.131,49.333,1,408.610
700.000,6,57.654,4.987,37.277,5.156,4.796,406.080,39.880,1,592.690
701.000,6,40.221,5.036,38.641,3.476,6.626,52.174,24.748,0,944.204
702.000,6,51.435,4.852,36.749,3.193,4.900,344.695,21.576,1,655.496
703.000,6,44.018,5.167,38.588,3.846,7.125,89.283,58.745,1,786.057
704.000,6,44.838,4.992,35.825,3.414,7.622,116.525,10.114,1,595.316
705.000,6,52.446,4.679,38.195,2.819,8.780,250.930,25.650,0,616.717
706.000,6,38.929,5.017,33.757,3.788,7.890,415.396,23.437,0,652.909
707.000,6,39.413,4.907,33.616,3.365,10.624,412.526,25.846,0,487.124
708.000,6,40.902,5.059,38.411,3.618,6.064,223.237,76.313,0,727.213
709.000,6,47.851,5.006,36.983,2.988,7.206,46.972,23.446,0,773.244
710.000,6,48.494,4.973,39.443,3.419,7.243,358.571,56.155,1,625.512
711.000,6,51.938,5.041,39.114,3.311,9.638,168.678,48.489,0,731.391
712.000,6,46.064,4.952,37.775,4.294,5.168,428.041,35.513,1,444.956
713.000,6,50.608,5.133,37.691,4.342,4.740,337.954,36.200,0,432.726
714.000,6,41.445,4.920,39.728,4.585,7.714,306.362,78.178,1,485.578
715.000,6,39.948,4.608,38.498,3.566,7.503,524.884,70.960,1,594.293
716.000,6,53.818,4.704,38.436,3.536,7.447,207.347,11.834,0,553.510
717.000,6,49.757,5.097,37.513,3.634,7.205,271.994,43.537,0,885.057
718.000,6,42.260,4.897,38.912,3.471,8.855,447.180,64.989,1,526.499
719.000,6,43.123,5.006,35.937,5.497,6.665,259.120,64.719,0,366.826
720.000,6,42.286,5.098,34.464,2.888,7.646,365.873,31.525,1,597.924
721.000,6,44.500,4.917,41.924,4.382,7.687,249.240,74.314,0,514.870
722.000,6,44.577,4.929,39.701,3.549,7.906,318.564,70.016,0,649.121
723.000,6,49.787,4.914,34.868,3.477,6.936,317.731,23.279,0,386.547
724.000,6,45.425,4.996,34.179,3.885,9.759,112.821,30.120,0,503.900
725.000,6,52.272,5.008,37.512,3.067,9.795,199.657,67.068,0,493.060
726.000,6,45.872,4.907,34.896,3.061,6.961,175.978,57.636,0,655.111
727.000,6,42.676,4.872,36.052,3.747,5.531,432.390,11.765,1,541.429
728.000,6,34.123,5.035,41.565,3.001,7.345,246.121,34.619,0,689.726
729.000,6,46.965,5.021,31.109,3.346,7.813,473.456,63.475,1,410.833
730.000,6,49.427,4.962,38.262,3.893,6.697,545.970,49.449,1,455.117
731.000,6,46.031,4.883,35.945,3.113,9.824,363.394,26.898,1,525.451
732.000,6,34.083,5.097,36.780,3.462,6.929,336.270,37.689,1,584.149
733.000,6,48.964,5.095,38.229,4.161,5.920,123.451,50.127,0,606.609
734.000,6,51.645,4.952,36.755,3.715,6.603,99.260,45.389,1,657.842
735.000,6,49.868,4.865,40.233,3.663,5.673,290.569,75.057,0,765.282
736.000,6,38.905,5.073,38.154,3.104,5.117,208.751,14.712,0,671.362
737.000,6,48.940,5.081,41.900,3.423,5.756,348.606,41.307,0,836.640
738.000,6,45.620,5.124,35.581,4.430,7.247,219.327,25.718,0,475.154
739.000,6,44.117,4.859,37.253,3.051,7.296,127.346,74.812,1,340.597
740.000,6,40.153,4.856,35.541,4.918,8.616,325.259,40.361,0,566.395
741.000,6,43.811,5.129,37.111,3.656,7.931,529.765,46.099,1,252.882
742.000,6,46.572,5.258,35.058,4.257,4.755,513.287,33.476,1,529.733
743.000,6,36.221,4.992,37.956,3.380,8.034,218.709,66.556,0,565.490
744.000,6,40.102,5.223,32.603,3.454,6.179,344.903,35.443,1,578.925
745.000,6,42.210,5.056,36.389,2.968,8.210,385.178,68.171,0,534.385
746.000,6,38.092,5.043,32.999,3.736,7.823,462.030,73.557,1,329.423
747.000,6,43.044,5.131,37.256,4.494,3.068,568.869,33.455,0,779.945
748.000,6,43.075,5.107,37.163,3.009,6.050,482.130,21.132,0,979.503
749.000,6,44.486,4.940,36.801,4.983,4.940,349.761,49.271,1,329.236
750.000,6,49.150,5.086,40.784,3.989,5.468,268.807,37.001,0,300.760
751.000,6,39.848,5.183,33.973,2.990,4.779,573.895,47.183,1,409.613
752.000,6,45.590,4.823,37.055,4.713,5.375,121.041,74.247,1,488.642
753.000,6,45.044,4.842,37.531,2.983,7.178,96.528,55.023,0,399.501
754.000,6,44.907,4.818,37.264,4.514,5.482,242.414,46.626,1,633.367
755.000,6,45.815,4.902,37.032,3.326,8.434,449.693,59.464,1,476.822
756.000,6,46.110,5.070,36.582,4.649,6.850,275.793,12.050,1,440.888
757.000,6,38.972,4.886,36.956,3.305,4.868,93.055,22.419,0,499.724
758.000,6,46.551,5.169,43.626,3.413,6.381,131.973,77.385,0,664.518
759.000,6,43.552,4.922,33.548,3.674,8.158,122.252,23.817,1,368.934
760.000,6,43.745,5.104,41.931,3.738,6.195,513.140,39.691,1,413.982
761.000,6,38.618,5.109,33.874,3.490,7.430,383.245,29.736,1,560.533
762.000,6,47.420,5.004,36.454,3.813,6.076,471.042,32.265,1,909.225
763.000,6,43.419,4.831,36.434,3.160,9.640,563.136,53.987,1,691.688
764.000,6,47.328,4.987,37.558,3.085,5.505,136.146,50.766,1,800.131
765.000,6,49.408,5.025,34.103,4.329,9.297,305.982,30.047,1,337.228
766.000,6,50.667,4.969,35.851,5.022,7.398,131.525,19.174,1,329.266
767.000,6,44.403,5.009,35.652,3.396,9.795,305.209,63.635,1,462.751
768.000,6,47.289,4.973,35.132,3.281,7.151,264.268,39.067,1,362.364
769.000,6,45.449,4.861,38.358,3.096,8.800,538.730,79.374,0,597.447
770.000,6,47.286,4.857,31.381,4.677,4.894,553.441,30.377,1,282.429
771.000,6,36.705,4.866,37.857,3.305,7.895,419.377,68.029,0,695.454
772.000,6,47.601,5.100,38.404,4.217,8.231,186.605,32.986,0,669.281
773.000,6,49.668,5.091,33.207,3.746,6.336,292.949,12.589,1,544.622
774.000,6,43.881,5.053,35.894,3.134,9.218,226.207,44.479,0,451.122
775.000,6,41.429,4.845,39.274,3.213,8.495,489.224,27.625,0,459.504
776.000,6,45.643,4.871,37.629,4.086,6.313,519.524,67.251,1,834.547
777.000,6,53.761,5.041,40.358,3.623,8.911,612.419,65.350,1,580.964
778.000,6,42.128,5.095,36.470,4.023,5.898,308.177,28.507,0,715.194
779.000,6,45.968,5.209,33.298,3.106,8.685,591.513,76.928,0,249.264
780.000,6,42.772,5.010,42.861,3.712,5.703,376.848,47.370,1,516.675
781.000,6,41.779,5.174,36.466,4.090,9.590,145.893,40.051,1,567.477
782.000,6,33.355,4.727,34.957,4.410,9.418,538.443,79.785,1,415.772
783.000,6,34.466,4.953,34.161,4.629,5.059,421.429,69.129,1,366.978
784.000,6,44.346,4.927,38.393,3.167,7.579,493.584,56.772,0,335.434
785.000,6,46.415,4.928,33.619,3.572,5.646,238.747,41.628,0,598.744
786.000,6,48.134,4.878,36.468,4.362,6.103,201.266,59.560,1,476.640
787.000,6,47.120,4.836,41.009,3.128,7.804,439.666,34.919,0,480.457
788.000,6,36.412,4.953,37.926,4.014,7.403,208.403,67.986,1,493.082
789.000,6,48.454,4.867,39.129,3.559,8.593,523.521,33.438,0,644.026
790.000,6,45.627,4.986,32.419,3.345,7.070,512.688,23.542,1,297.794
791.000,6,45.460,5.108,38.124,3.447,7.713,537.003,36.927,0,750.938
792.000,6,42.506,5.105,33.662,3.680,6.880,245.809,11.737,1,603.649
793.000,6,39.585,5.019,35.898,4.482,7.768,625.357,78.080,0,370.363
794.000,6,41.390,4.882,36.513,5.005,8.979,280.855,70.387,0,422.160
795.000,6,43.965,4.866,34.796,3.531,7.850,644.731,31.167,0,419.203
796.000,6,43.232,4.967,39.773,3.677,10.524,179.018,73.680,0,566.429
797.000,6,46.441,5.102,35.466,3.289,7.943,532.002,53.540,0,270.508
798.000,6,44.197,5.116,38.320,3.297,6.797,549.930,23.374,0,765.060
799.000,6,44.038,5.326,33.615,3.992,5.151,631.393,38.025,1,505.633
800.000,6,49.160,5.071,35.846,4.807,5.354,340.963,62.118,0,779.074
801.000,6,42.414,5.037,35.116,3.583,6.496,541.366,69.816,1,564.019
802.000,6,49.183,4.862,35.404,3.742,9.032,459.478,41.252,1,646.848
803.000,6,52.172,4.972,39.452,4.418,6.897,157.725,73.435,1,659.751
804.000,6,42.674,4.979,42.959,4.099,5.863,423.882,20.135,1,382.331
805.000,6,46.799,5.113,34.631,3.209,8.729,320.451,78.247,1,675.597
806.000,6,50.735,5.102,38.673,4.965,8.555,270.140,42.569,0,712.010
807.000,6,45.127,4.879,38.348,3.803,6.895,630.786,66.128,1,625.786
808.000,6,48.226,4.772,37.763,3.324,6.849,504.364,71.270,1,466.307
809.000,6,47.408,5.099,35.541,5.168,8.883,366.985,43.811,1,668.525
810.000,6,54.324,4.885,37.175,4.412,8.599,261.480,74.743,0,232.848
811.000,6,46.059,5.005,36.733,3.269,10.968,404.112,70.787,0,380.990
812.000,6,43.847,5.204,34.063,3.867,6.016,118.092,57.406,0,345.877
813.000,6,38.755,4.955,32.219,5.088,7.923,650.970,36.885,1,350.616
814.000,6,45.676,4.786,34.956,4.163,7.800,563.147,47.081,1,495.287
815.000,6,39.168,5.100,35.533,4.071,7.042,342.436,75.586,0,586.054
816.000,6,45.623,5.141,36.936,3.634,7.697,475.836,17.893,1,432.465
817.000,6,42.529,4.786,38.519,3.425,7.618,610.187,24.203,0,474.744
818.000,6,43.588,4.862,34.526,3.386,7.161,122.410,29.194,1,376.984
819.000,6,33.644,4.740,35.822,5.179,5.446,641.431,17.222,1,511.653
820.000,6,40.565,4.690,35.788,4.846,6.319,287.779,68.091,0,487.039
821.000,6,44.937,4.854,32.179,4.186,6.005,378.997,27.301,1,262.790
822.000,6,50.622,4.904,38.015,4.077,6.527,486.704,40.494,1,468.514
823.000,6,57.863,5.010,37.238,3.292,6.048,319.380,54.110,0,680.469
824.000,6,41.622,4.817,39.326,4.127,7.022,486.024,75.123,1,177.459
825.000,6,42.323,4.928,38.398,4.581,8.159,239.303,30.228,0,549.482
826.000,6,41.205,4.866,37.552,3.954,7.496,131.982,18.510,1,747.482
827.000,6,45.824,4.828,35.066,3.436,8.899,348.646,71.844,0,337.426
828.000,6,41.221,5.093,37.945,3.931,6.901,177.212,18.648,1,848.479
829.000,6,45.377,4.991,35.191,3.739,6.704,473.481,17.267,1,571.530
830.000,6,47.887,4.932,38.296,3.495,7.291,177.484,69.343,1,406.266
831.000,6,41.723,4.932,33.071,3.239,8.756,509.888,25.943,0,522.971
832.000,6,41.882,4.803,32.873,3.432,8.180,432.261,35.924,0,474.494
833.000,6,55.167,5.082,36.575,3.247,9.451,389.275,59.290,0,474.825
834.000,6,42.175,4.963,39.372,4.430,7.013,273.032,30.673,1,419.515
835.000,6,43.943,4.956,39.523,4.727,5.759,137.975,30.412,1,529.086
836.000,6,49.053,4.861,38.122,3.594,7.125,530.295,12.199,1,207.506
837.000,6,43.882,4.974,35.141,3.969,8.356,358.068,62.970,1,375.806
838.000,6,39.793,4.926,33.723,3.400,6.888,305.439,62.689,0,344.507
839.000,6,47.169,4.806,39.402,4.638,8.120,456.743,62.420,0,574.112
840.000,6,40.704,4.943,39.078,3.264,9.738,598.932,27.523,1,705.089
841.000,6,43.856,5.097,34.830,4.252,6.481,642.772,74.526,1,497.728
842.000,6,56.294,4.972,34.758,3.530,8.660,504.138,61.256,1,413.761
843.000,6,44.577,5.130,40.170,3.501,9.253,656.169,36.303,1,448.260
844.000,6,47.263,4.942,36.763,4.298,9.559,406.415,69.738,1,799.585
845.000,6,52.233,5.020,37.906,3.747,9.679,598.303,75.270,1,522.621
846.000,6,42.245,5.138,36.353,4.224,6.661,173.440,60.264,1,245.784
847.000,6,53.841,4.906,36.347,3.569,8.119,327.138,56.076,1,550.182
848.000,6,42.339,5.214,36.552,3.950,7.244,560.210,25.561,1,349.234
849.000,6,44.874,5.121,33.772,4.230,5.703,263.350,15.874,1,353.869
850.000,6,44.571,5.043,31.476,3.306,9.896,653.610,14.537,1,337.135
851.000,6,48.112,5.132,34.901,3.771,9.150,425.516,15.032,0,456.669
852.000,6,46.081,5.013,41.055,3.871,7.216,606.969,70.275,0,600.235
853.000,6,41.694,5.045,34.453,4.759,7.886,552.783,77.973,1,331.203
854.000,6,41.511,4.936,34.246,3.646,6.794,591.738,30.556,1,312.086
855.000,6,41.079,4.793,31.251,4.517,7.125,485.276,52.235,1,442.923
856.000,6,57.008,4.963,35.836,4.377,6.915,165.268,51.339,1,321.579
857.000,6,47.857,5.118,35.250,4.322,7.653,365.793,43.572,1,266.374
858.000,6,43.034,4.847,33.005,3.527,8.064,553.823,71.533,0,631.143
859.000,6,45.653,4.899,37.877,4.231,5.847,206.767,36.282,1,543.308
860.000,6,40.797,4.898,36.308,3.463,7.786,304.761,47.364,1,645.413
861.000,6,42.708,4.805,35.303,3.778,5.144,305.531,46.388,0,533.865
862.000,6,44.576,5.009,36.687,4.210,8.273,584.877,58.677,1,579.446
863.000,6,46.754,4.847,31.063,3.336,6.583,403.100,79.476,1,225.413
864.000,6,39.823,4.915,33.296,3.933,6.798,705.208,43.233,0,539.076
865.000,6,40.869,5.161,34.782,3.935,9.102,690.122,19.065,1,469.266
866.000,6,52.159,5.021,37.176,3.781,9.299,278.848,71.644,0,621.401
867.000,6,49.576,5.568,36.154,3.410,9.132,390.009,56.809,0,152.701
868.000,6,35.602,5.101,35.806,4.101,7.281,451.172,11.529,1,806.880
869.000,6,40.284,4.794,37.436,3.977,7.823,637.271,73.745,1,440.480
870.000,6,50.391,4.771,36.272,3.686,6.291,413.230,48.011,1,398.913
871.000,6,35.033,4.936,34.467,3.713,10.166,627.221,65.462,0,757.650
872.000,6,42.611,4.918,33.948,4.350,7.874,445.066,42.557,1,124.834
873.000,6,49.017,5.062,35.808,4.119,7.690,413.543,70.700,0,628.496
874.000,6,55.551,5.071,37.665,3.882,8.800,263.300,65.856,1,567.678
875.000,6,44.721,5.166,39.235,3.333,8.779,271.833,34.674,1,390.852
876.000,6,43.390,4.933,36.282,5.362,8.725,297.588,60.539,1,313.771
877.000,6,47.952,5.233,34.024,3.588,5.493,251.830,59.643,0,298.408
878.000,6,48.187,5.034,34.559,3.758,7.610,218.633,14.648,0,689.265
879.000,6,46.051,5.031,36.221,3.429,6.328,535.910,17.948,1,381.623
880.000,6,43.370,5.182,36.456,3.642,6.820,654.603,67.830,1,481.016
881.000,6,53.184,5.207,35.998,4.200,7.284,246.253,50.039,1,664.143
882.000,6,50.628,5.111,37.178,3.933,10.169,226.652,53.579,1,551.143
883.000,6,54.054,4.949,33.776,6.102,9.877,297.711,32.873,1,398.365
884.000,6,43.243,5.132,37.614,3.779,6.587,455.506,35.190,1,495.932
885.000,6,39.037,5.454,31.563,3.481,10.431,615.330,55.626,1,136.695
886.000,6,43.240,5.074,30.715,4.196,11.373,660.902,37.244,1,251.403
887.000,6,39.947,5.354,35.528,4.481,8.466,390.227,73.741,1,410.444
888.000,6,57.689,4.829,36.045,3.921,7.154,510.050,63.911,1,415.129
889.000,6,37.079,5.022,37.188,3.992,5.324,542.114,50.063,1,502.157
890.000,6,54.568,4.814,40.014,4.127,7.070,549.838,48.840,0,408.130
891.000,6,48.850,4.923,34.784,6.035,9.054,718.993,78.142,1,398.070
892.000,6,50.285,4.910,36.451,3.749,6.458,317.898,15.787,1,332.840
893.000,6,39.322,4.937,31.927,4.085,9.233,296.938,47.497,1,399.786
894.000,6,47.476,5.062,36.850,3.402,4.683,407.209,60.266,0,428.219
895.000,6,42.625,5.151,32.675,3.523,7.600,524.817,69.013,1,329.282
896.000,6,46.815,4.958,34.677,3.559,7.376,519.789,17.369,0,369.260
897.000,6,51.975,4.888,34.952,5.700,6.878,372.419,79.899,1,319.146
898.000,6,45.038,4.927,38.036,4.275,7.111,462.141,34.293,1,552.930
899.000,6,43.029,4.974,33.432,4.898,9.685,540.330,46.873,1,360.098
900.000,6,39.667,4.864,39.382,3.532,11.038,501.850,17.342,0,364.750
901.000,6,44.830,5.259,35.613,5.255,8.227,221.139,41.288,1,195.220
902.000,6,43.426,4.972,37.143,3.841,9.194,332.120,38.512,1,331.985
903.000,6,39.742,5.118,33.388,3.936,8.005,661.135,21.932,1,534.338
904.000,6,44.979,5.018,34.359,3.828,6.904,733.647,13.978,0,528.141
905.000,6,44.695,4.727,31.886,3.666,6.463,598.361,77.012,0,361.127
906.000,6,50.864,5.111,37.508,3.436,5.916,502.886,53.176,1,485.546
907.000,6,40.003,4.935,38.045,4.362,6.314,210.739,44.107,1,331.896
908.000,6,48.223,4.829,37.484,3.603,8.321,681.583,54.930,1,219.207
909.000,6,43.898,4.964,34.887,4.592,7.137,453.219,54.210,1,252.287
910.000,6,42.163,4.854,32.638,4.454,6.310,626.589,51.633,1,456.861
911.000,6,47.120,5.012,38.957,5.273,10.166,746.298,71.376,1,305.149
912.000,6,45.259,4.874,36.411,3.454,9.320,607.499,31.018,1,418.592
913.000,6,41.862,4.847,33.324,4.113,6.719,561.975,59.065,1,152.441
914.000,6,50.434,5.050,37.342,3.443,6.132,552.542,18.365,1,768.586
915.000,6,46.745,4.822,30.369,4.400,7.133,416.328,27.992,1,33.145
916.000,6,37.946,5.264,36.886,4.546,10.867,584.202,64.333,1,233.829
917.000,6,37.953,4.879,34.624,4.196,6.160,653.478,30.264,1,305.696
918.000,6,36.279,5.329,35.269,3.576,7.464,274.065,46.422,1,229.323
919.000,6,36.776,4.815,34.586,3.768,9.951,364.047,43.135,1,319.563
920.000,6,49.153,4.913,30.815,4.607,9.308,720.982,66.081,1,92.638
921.000,6,53.476,5.099,37.319,4.830,10.078,392.671,49.278,0,426.432
922.000,6,44.676,4.591,34.678,4.007,8.655,325.892,57.726,1,625.962
923.000,6,49.134,5.059,35.700,6.394,6.875,228.504,12.978,1,353.334
924.000,6,39.027,5.211,34.190,4.755,8.663,595.263,68.630,1,133.730
925.000,6,45.899,4.969,34.180,4.979,8.198,713.629,45.372,1,147.511
926.000,6,37.282,4.910,33.044,4.501,8.790,456.518,51.478,1,373.924
927.000,6,55.302,4.955,35.376,5.288,8.965,445.797,77.013,1,383.372
928.000,6,50.245,5.073,34.232,3.793,7.765,639.768,57.842,1,433.013
929.000,6,39.746,4.889,32.887,3.698,8.915,570.251,37.353,1,348.440
930.000,6,42.859,5.239,30.539,4.837,6.858,618.445,64.476,1,369.511
931.000,6,29.285,4.783,30.163,4.241,10.204,667.984,46.634,1,372.136
932.000,6,53.284,4.894,34.835,3.789,8.882,424.342,67.467,1,365.976
933.000,6,50.381,4.652,34.673,4.178,6.623,253.826,30.198,1,287.006
934.000,6,44.811,5.063,36.167,3.605,6.509,672.273,75.403,1,254.608
935.000,6,54.294,4.949,32.319,3.933,5.827,328.090,27.516,1,676.855
936.000,6,51.563,5.058,33.345,4.499,7.748,456.769,65.985,1,373.714
937.000,6,47.802,5.109,36.145,5.135,7.822,322.517,54.559,1,601.429
938.000,6,49.701,4.844,35.625,3.802,9.318,424.727,25.370,1,483.388
939.000,6,41.577,5.211,35.613,4.166,7.763,763.127,35.036,1,341.241
940.000,6,43.603,4.924,37.977,5.153,8.802,596.735,65.232,1,0.000
941.000,6,43.047,4.747,33.282,4.032,7.080,484.019,51.325,1,472.109
942.000,6,44.357,5.076,35.950,3.856,7.044,461.403,13.179,0,436.476
943.000,6,47.320,4.863,34.747,3.990,6.469,553.650,10.733,1,44.148
944.000,6,42.697,5.042,37.015,3.624,7.493,695.136,51.632,0,457.421
945.000,6,53.810,5.082,32.235,4.485,8.228,430.072,15.711,1,368.131
946.000,6,42.495,5.286,35.140,3.728,7.253,748.826,50.546,1,446.231
947.000,6,41.942,5.324,36.578,4.887,7.238,780.143,12.324,1,381.628
948.000,6,39.191,4.879,35.729,3.879,8.443,493.967,26.891,0,396.620
949.000,6,36.746,5.240,39.684,4.638,5.643,742.763,32.386,0,419.964
950.000,6,51.552,5.045,31.131,3.999,6.503,337.590,11.069,1,218.478
951.000,6,47.344,4.864,32.298,3.613,6.639,295.946,38.620,1,367.569
952.000,6,41.360,4.869,36.799,3.717,7.702,746.763,10.452,1,246.193
953.000,6,46.916,4.893,31.579,4.425,8.330,643.184,46.092,1,90.364
954.000,6,45.940,4.891,39.133,4.564,6.094,431.107,10.983,1,372.160
955.000,6,41.286,5.196,33.315,4.591,6.950,255.251,55.947,1,164.617
956.000,6,45.212,4.971,35.993,3.787,8.153,779.900,54.810,1,869.536
957.000,6,40.418,5.154,35.218,3.749,9.502,325.404,57.740,0,58.703
958.000,6,37.182,5.254,34.410,4.436,4.535,781.540,35.561,0,354.328
959.000,6,42.919,5.009,36.672,5.611,7.049,698.881,77.838,1,103.155
960.000,6,44.545,4.920,34.966,3.841,10.622,296.401,69.431,0,174.084
961.000,6,44.895,5.162,30.676,4.919,7.638,373.132,62.206,1,13.483
962.000,6,46.641,4.891,33.952,3.868,7.520,788.008,76.299,1,280.078
963.000,6,47.059,5.023,38.182,5.106,8.844,454.900,10.385,1,445.423
964.000,6,48.095,4.855,35.890,3.922,5.059,362.737,67.434,0,298.829
965.000,6,38.763,4.944,34.563,4.251,7.191,427.178,67.698,1,373.445
966.000,6,43.171,4.988,34.483,3.675,8.412,662.443,19.479,1,0.000
967.000,6,43.023,5.207,37.003,6.311,7.139,350.689,46.970,1,207.959
968.000,6,49.161,4.771,34.489,3.948,7.335,435.355,52.852,1,370.225
969.000,6,49.707,5.273,35.002,3.799,10.639,621.786,46.668,1,495.731
970.000,6,41.225,4.974,35.665,3.995,8.247,579.901,11.022,1,385.648
971.000,6,41.792,4.858,32.401,4.127,8.132,281.578,29.755,1,369.920
972.000,6,50.651,5.063,34.386,3.658,5.104,805.039,39.489,1,509.462
973.000,6,47.033,4.958,36.831,4.970,9.052,754.075,69.759,1,234.268
974.000,6,37.090,4.951,36.365,4.766,7.420,293.471,45.363,1,180.452
975.000,6,39.116,4.945,33.784,5.114,5.556,322.168,45.881,1,315.945
976.000,6,47.469,4.754,34.727,3.761,7.424,662.349,54.588,1,217.958
977.000,6,44.908,4.993,33.094,5.491,5.680,476.956,44.189,1,613.143
978.000,6,38.323,5.264,32.655,5.386,6.144,491.236,78.995,1,277.655
979.000,6,45.946,5.182,35.375,4.765,8.585,688.506,47.405,1,0.000
980.000,6,50.281,5.001,37.235,5.043,7.924,320.325,44.546,1,256.870
981.000,6,47.876,4.853,33.114,5.329,10.066,514.701,66.268,1,268.479
982.000,6,46.327,5.026,35.689,4.548,6.660,478.955,58.645,0,351.503
983.000,6,51.227,5.040,35.091,5.045,7.446,594.014,77.469,1,271.570
984.000,6,51.815,4.915,33.452,3.708,9.380,404.493,45.016,1,304.688
985.000,6,44.841,5.191,32.879,4.356,8.980,293.273,65.010,1,332.130
986.000,6,40.159,4.791,34.983,3.755,9.466,745.541,45.756,1,471.746
987.000,6,44.250,4.909,29.584,3.851,7.297,439.015,15.878,1,469.881
988.000,6,45.982,5.073,36.242,5.262,8.498,804.701,75.731,0,346.113
989.000,6,40.911,5.135,32.687,4.716,10.406,317.450,20.203,1,340.263
990.000,6,47.662,4.767,38.396,4.583,6.876,752.754,16.611,1,524.393
991.000,6,42.850,4.936,35.175,4.266,7.032,716.126,42.205,0,505.373
992.000,6,46.323,5.225,38.664,5.149,9.679,528.941,57.928,1,223.198
993.000,6,51.568,4.772,34.665,4.295,8.429,393.570,50.500,1,182.752
994.000,6,43.813,5.155,41.100,4.077,8.224,828.190,77.420,0,502.612
995.000,6,49.104,4.815,34.005,3.762,8.116,754.257,69.898,0,338.831
996.000,6,45.828,4.902,34.621,4.934,6.713,625.691,36.739,1,422.802
997.000,6,42.762,5.008,29.784,4.342,11.713,683.032,69.789,1,230.670
998.000,6,41.068,5.131,32.419,5.180,11.079,665.642,53.755,1,2.457
999.000,6,40.477,4.699,37.370,5.847,5.818,736.010,14.182,1,321.310
0.000,7,40.194,4.970,50.122,0.918,4.817,0.000,44.526,1,940.890
1.000,7,43.307,5.003,43.984,0.902,8.731,0.000,29.763,1,1179.717
2.000,7,34.557,4.854,46.608,0.847,4.344,0.000,45.202,0,878.985
3.000,7,40.617,4.868,46.851,1.666,7.362,0.000,57.509,0,1340.688
4.000,7,39.568,5.101,46.067,1.155,7.963,0.000,29.675,1,1056.668
5.000,7,44.567,4.913,41.979,1.613,4.637,0.000,45.068,0,1071.094
6.000,7,52.198,5.191,48.213,1.313,5.438,0.000,34.660,0,873.715
7.000,7,59.168,4.929,43.975,1.385,7.273,0.000,34.210,1,1065.595
8.000,7,42.963,4.953,45.957,0.792,9.410,0.000,30.835,1,1116.521
9.000,7,38.347,5.049,46.946,0.956,5.780,0.000,74.038,0,1088.632
10.000,7,42.668,5.166,41.311,0.886,6.830,0.000,50.351,0,1146.292
11.000,7,35.712,5.062,49.021,1.538,4.544,0.000,45.708,1,1065.484
12.000,7,51.644,4.948,41.429,1.960,2.706,0.000,60.010,0,886.125
13.000,7,45.039,4.998,44.561,1.448,6.344,0.000,33.945,1,883.208
14.000,7,51.546,5.113,45.254,1.976,5.494,0.000,74.566,1,963.465
15.000,7,28.999,5.029,44.555,1.042,8.097,0.000,17.048,0,564.289
16.000,7,41.398,4.954,44.911,1.359,7.808,0.000,44.906,0,1127.652
17.000,7,51.073,4.923,45.826,2.006,4.893,0.000,45.328,0,1037.858
18.000,7,46.253,4.857,46.189,0.978,3.626,0.000,60.506,0,1215.118
19.000,7,47.636,5.125,45.879,1.194,6.218,0.000,11.814,0,1058.709
20.000,7,46.133,4.936,46.567,1.652,4.408,0.000,53.546,1,1008.172
21.000,7,53.359,4.863,46.753,2.546,2.966,0.000,75.527,1,1393.208
22.000,7,63.644,5.200,46.411,1.213,4.401,0.000,75.523,0,1068.233
23.000,7,47.398,5.073,42.019,1.770,6.053,0.000,15.057,0,796.914
24.000,7,42.005,4.868,48.461,2.556,3.563,0.000,43.375,1,1135.905
25.000,7,50.621,5.054,48.466,1.143,7.408,0.000,21.046,1,1164.337
26.000,7,55.040,5.184,44.681,3.643,2.813,0.000,60.653,1,1018.790
27.000,7,55.258,4.921,46.707,0.834,4.156,0.000,53.315,1,1231.391
28.000,7,48.949,5.051,47.041,1.353,5.979,0.000,47.437,0,1100.108
29.000,7,44.655,4.884,43.353,1.957,1.985,0.000,69.533,0,1174.719
30.000,7,45.107,4.946,47.556,0.795,5.971,0.000,57.036,0,863.886
31.000,7,51.253,5.191,48.960,0.858,6.545,0.000,70.202,0,969.584
32.000,7,55.286,4.852,45.962,1.296,4.568,0.000,16.824,0,1043.216
33.000,7,39.320,4.870,41.256,1.161,5.626,0.000,65.378,0,1052.366
34.000,7,38.958,5.196,43.992,1.096,5.871,0.000,16.978,0,1242.125
35.000,7,42.966,4.928,36.405,1.857,6.493,0.000,59.804,1,844.073
36.000,7,48.077,4.957,47.649,1.837,6.436,0.000,76.525,0,934.428
37.000,7,41.818,5.157,42.573,1.212,7.185,0.000,47.585,1,810.444
38.000,7,50.019,4.934,48.840,1.504,6.928,0.000,26.176,1,720.169
39.000,7,44.420,5.122,49.478,2.187,5.965,0.000,38.550,0,984.301
40.000,7,49.232,5.020,46.151,2.325,7.375,0.000,30.448,0,1089.642
41.000,7,46.809,4.964,48.405,2.404,6.807,0.000,16.516,0,823.208
42.000,7,37.479,4.896,42.554,1.975,5.123,0.000,68.916,0,1175.372
43.000,7,45.989,4.850,43.314,1.140,8.302,0.000,57.609,1,918.956
44.000,7,43.352,4.945,45.150,1.680,4.273,0.000,26.636,0,1220.107
45.000,7,42.364,5.184,46.525,2.147,6.102,0.000,40.433,1,1253.078
46.000,7,47.342,4.858,44.675,1.378,7.532,0.000,15.670,0,1095.401
47.000,7,46.109,5.178,44.922,2.084,4.331,0.000,72.056,0,1195.334
48.000,7,44.712,5.045,42.600,1.463,5.489,0.000,69.438,0,889.855
49.000,7,47.060,5.145,46.506,1.790,8.194,0.000,16.465,0,976.584
50.000,7,37.455,4.925,42.048,1.036,6.091,0.000,64.307,1,1109.254
51.000,7,51.487,5.076,42.813,1.049,4.335,0.000,38.844,0,1138.736
52.000,7,46.169,5.034,42.790,1.719,4.819,0.000,37.515,0,1266.632
53.000,7,53.387,5.116,44.959,1.694,5.717,0.000,54.549,0,826.150
54.000,7,49.915,4.945,50.249,1.389,7.917,0.000,11.948,0,1334.201
55.000,7,36.211,5.331,47.671,1.132,5.129,0.000,30.160,0,882.089
56.000,7,42.619,4.632,42.199,1.705,5.145,0.000,40.232,0,928.951
57.000,7,44.509,4.953,48.492,1.341,6.487,0.000,60.484,0,1322.854
58.000,7,55.112,4.991,47.248,3.220,3.490,0.000,52.355,0,786.424
59.000,7,43.885,4.912,45.278,1.668,6.864,0.000,62.326,0,1110.139
60.000,7,49.326,4.800,50.101,1.900,6.712,0.000,11.493,0,1221.034
61.000,7,44.906,4.936,44.915,1.093,3.485,0.000,30.103,1,1006.378
62.000,7,47.247,4.879,44.386,1.552,6.451,0.000,52.501,1,986.538
63.000,7,48.871,4.973,44.772,1.478,2.429,0.000,55.030,0,1125.154
64.000,7,31.214,5.044,44.707,1.263,6.376,0.000,35.001,0,956.384
65.000,7,48.555,4.938,41.318,1.812,4.744,0.000,43.946,0,1036.251
66.000,7,42.045,4.742,43.945,1.476,5.730,0.000,20.270,1,904.389
67.000,7,51.042,4.912,39.653,1.158,4.325,0.000,10.688,0,781.241
68.000,7,45.828,4.962,45.751,2.156,5.913,0.000,28.844,0,1477.210
69.000,7,41.553,4.782,43.278,1.072,4.245,0.000,14.046,1,931.904
70.000,7,48.019,5.003,42.188,1.031,3.393,0.000,25.534,0,891.233
71.000,7,44.555,5.159,46.018,1.009,5.394,0.000,14.498,0,1217.246
72.000,7,44.961,4.906,49.885,2.315,5.537,0.000,39.600,0,1002.637
73.000,7,43.868,5.130,42.410,1.731,7.512,0.000,34.202,1,940.371
74.000,7,48.901,4.972,45.306,1.495,6.337,0.000,36.638,1,1109.242
75.000,7,44.506,4.864,47.824,1.528,6.831,0.000,47.185,0,927.005
76.000,7,40.860,4.961,45.540,1.780,4.308,0.000,15.500,0,1161.633
77.000,7,42.260,5.095,47.301,1.776,5.838,0.000,33.474,0,1199.995
78.000,7,42.341,5.217,42.947,2.131,6.205,0.000,74.748,1,919.253
79.000,7,40.498,5.052,41.315,2.365,5.474,0.000,16.179,0,990.486
80.000,7,47.971,5.106,48.144,1.220,3.406,0.000,20.954,0,1146.080
81.000,7,47.763,5.123,49.187,2.740,4.557,0.000,50.985,0,1079.490
82.000,7,53.329,4.965,44.196,1.799,5.839,0.000,48.626,0,1036.461
83.000,7,43.678,4.858,47.570,1.987,6.469,0.000,26.341,0,1133.243
84.000,7,41.731,5.247,43.827,1.546,5.892,0.000,47.548,0,924.861
85.000,7,37.543,5.232,44.898,2.244,3.535,0.000,50.450,0,931.486
86.000,7,41.439,5.207,46.088,1.891,6.023,0.000,44.010,0,991.628
87.000,7,39.973,4.882,46.215,2.172,9.102,0.000,73.133,0,1396.619
88.000,7,44.227,4.780,47.427,1.175,4.396,0.000,49.430,1,843.397
89.000,7,39.086,4.707,47.833,1.690,4.423,0.000,62.103,0,1043.364
90.000,7,39.440,4.932,44.683,1.277,3.817,0.000,42.645,0,1172.832
91.000,7,45.762,5.189,44.529,1.576,7.146,0.000,66.282,1,985.615
92.000,7,58.997,4.952,44.698,2.483,3.506,0.000,71.004,0,849.085
93.000,7,54.042,4.728,46.634,2.181,4.196,0.000,33.222,0,1094.163
94.000,7,43.882,4.991,47.599,1.603,6.078,0.000,31.522,0,873.904
95.000,7,45.496,4.857,45.660,1.229,4.817,0.000,12.320,0,1136.495
96.000,7,39.746,5.059,43.576,2.177,6.567,0.000,11.022,0,1084.433
97.000,7,51.570,4.987,45.771,1.147,6.899,0.000,49.145,0,1038.967
98.000,7,44.009,5.007,44.526,1.245,11.272,0.000,47.671,0,898.259
99.000,7,48.666,5.194,44.701,1.509,4.404,0.000,37.510,1,1062.716
100.000,7,44.739,4.940,44.364,1.780,6.458,0.000,47.915,0,1011.581
101.000,7,31.210,4.946,38.533,1.961,6.650,0.000,77.614,0,1197.083
102.000,7,55.761,5.125,43.870,1.007,6.117,0.000,30.175,1,961.763
103.000,7,50.222,4.924,43.312,1.834,6.039,0.000,61.105,1,962.159
104.000,7,46.131,5.308,46.972,2.404,7.691,0.000,53.369,0,997.684
105.000,7,52.564,4.620,42.763,1.430,4.634,0.000,70.257,0,1120.435
106.000,7,47.838,4.946,44.781,1.378,5.135,0.000,26.428,1,1105.825
107.000,7,47.820,4.953,48.724,1.341,4.118,0.000,17.760,0,851.502
108.000,7,52.512,5.183,48.572,1.772,5.869,0.000,42.323,0,846.338
109.000,7,39.227,5.182,50.241,1.774,4.288,0.000,79.803,1,961.405
110.000,7,44.986,5.047,51.131,1.922,2.633,0.000,73.845,0,961.033
111.000,7,45.993,4.985,42.025,1.632,5.159,0.000,22.080,0,997.135
112.000,7,40.911,4.802,41.288,1.555,7.235,0.000,45.484,1,1107.640
113.000,7,43.357,4.651,47.380,1.056,7.299,0.000,20.821,0,1041.456
114.000,7,40.095,5.063,47.393,2.385,5.429,0.000,49.158,0,1132.834
115.000,7,50.918,5.056,48.647,1.866,4.957,0.000,64.648,1,1352.194
116.000,7,44.735,5.040,45.903,1.967,7.158,0.000,27.339,0,916.633
117.000,7,48.167,4.915,46.853,1.620,7.582,0.000,46.613,0,999.658
118.000,7,44.210,4.772,42.034,1.527,8.216,0.000,54.922,0,1127.779
119.000,7,45.897,5.345,43.051,4.660,3.534,0.000,58.558,1,1084.457
120.000,7,39.605,5.054,45.806,1.509,6.451,0.000,22.164,0,1244.178
121.000,7,47.774,5.064,46.423,1.256,8.411,0.000,27.786,1,958.131
122.000,7,34.484,5.081,39.723,1.584,4.990,0.000,29.665,0,938.680
123.000,7,30.430,5.223,40.954,1.142,8.406,0.000,68.075,0,1044.223
124.000,7,45.738,5.233,44.899,1.256,7.095,0.000,42.851,0,1159.943
125.000,7,44.949,4.873,47.565,2.056,5.678,0.000,60.063,0,1160.525
126.000,7,45.550,5.113,49.830,1.096,5.414,0.000,31.856,0,981.117
127.000,7,40.380,5.108,42.694,1.271,3.847,0.000,62.833,0,1147.912
128.000,7,41.173,5.160,42.391,3.502,4.958,0.000,28.989,0,966.672
129.000,7,48.574,5.036,44.884,2.237,5.566,0.000,77.861,0,1282.906
130.000,7,30.034,4.933,44.539,1.359,6.541,0.000,39.721,1,1469.905
131.000,7,46.496,4.859,43.854,1.145,5.103,0.000,55.985,1,788.397
132.000,7,33.527,4.944,45.892,1.704,4.929,0.000,38.548,0,1125.463
133.000,7,48.737,5.048,47.483,1.464,6.148,0.000,25.436,0,1439.268
134.000,7,39.520,4.705,43.341,2.770,6.047,0.000,67.381,1,840.187
135.000,7,40.000,4.927,38.675,1.747,9.443,0.000,56.562,0,963.961
136.000,7,44.385,4.918,41.822,2.820,7.567,0.000,21.459,0,823.538
137.000,7,47.816,5.133,41.695,1.504,5.164,0.000,68.356,0,1039.063
138.000,7,46.431,4.978,45.922,3.070,5.285,0.000,75.407,0,863.626
139.000,7,46.895,4.687,46.063,1.137,5.277,0.000,26.471,0,1108.958
140.000,7,45.761,5.055,43.480,1.906,5.414,0.000,26.475,0,1191.280
141.000,7,52.717,4.787,42.784,1.332,4.193,0.000,22.475,0,1257.041
142.000,7,42.385,5.025,44.792,2.065,4.778,0.000,38.803,1,709.299
143.000,7,37.401,5.166,43.644,2.262,6.395,0.000,30.140,1,985.720
144.000,7,36.908,4.921,46.816,1.536,4.393,0.000,64.144,0,1361.505
145.000,7,35.883,5.139,43.557,1.358,6.459,0.000,22.907,0,1156.194
146.000,7,38.523,4.972,48.054,1.725,6.297,0.000,33.129,1,781.654
147.000,7,51.362,5.316,45.174,1.531,3.984,0.000,58.917,0,1018.734
148.000,7,49.552,5.067,40.834,1.585,4.338,0.000,31.127,0,880.877
149.000,7,38.081,4.956,45.015,1.453,7.285,0.000,67.070,0,1360.465
150.000,7,52.590,5.340,46.106,2.022,4.170,0.000,12.719,0,825.501
151.000,7,46.622,4.787,43.539,2.233,5.085,0.000,64.072,0,929.623
152.000,7,44.199,5.008,41.836,1.216,3.773,0.000,47.137,0,1213.915
153.000,7,40.571,5.214,41.240,1.168,6.195,0.000,34.494,1,928.218
154.000,7,41.730,5.077,50.326,1.987,5.563,0.000,42.031,0,948.757
155.000,7,41.365,5.174,51.066,1.661,4.939,0.000,55.134,1,1065.513
156.000,7,43.690,4.860,40.974,1.664,7.327,0.000,59.458,0,853.456
157.000,7,37.286,5.141,45.704,1.809,5.628,0.000,32.793,1,754.589
158.000,7,38.399,4.961,46.350,2.281,7.558,0.000,25.655,1,1117.299
159.000,7,47.463,5.072,43.098,2.716,5.470,0.000,77.101,0,1015.032
160.000,7,48.661,5.201,45.495,1.595,6.165,0.000,77.618,1,1044.463
161.000,7,45.205,4.726,45.374,2.114,6.995,0.000,37.093,1,893.931
162.000,7,53.909,4.880,48.422,2.544,9.271,2.906,29.240,0,939.593
163.000,7,46.287,4.943,45.166,1.996,6.324,0.000,31.340,0,907.912
164.000,7,51.018,4.967,42.314,1.611,2.691,11.065,65.081,0,986.370
165.000,7,49.872,5.215,38.683,2.486,6.636,0.000,30.867,0,1066.658
166.000,7,41.278,5.160,45.387,2.393,6.920,0.000,19.075,0,803.750
167.000,7,40.044,5.106,44.035,2.305,5.073,0.000,76.390,0,998.349
168.000,7,38.177,5.069,41.246,1.556,6.524,0.000,11.164,0,1182.349
169.000,7,42.910,4.842,45.543,2.268,6.830,0.000,34.258,0,967.084
170.000,7,36.566,5.063,44.922,1.852,6.048,0.000,79.289,0,1008.931
171.000,7,39.461,5.218,43.285,1.519,5.222,11.452,11.416,0,961.034
172.000,7,43.593,5.150,44.265,3.240,5.669,11.300,12.382,1,960.303
173.000,7,42.338,5.079,44.026,1.418,5.881,0.000,19.036,0,879.255
174.000,7,43.324,4.833,43.169,2.318,3.903,0.000,70.193,1,1138.249
175.000,7,39.991,4.948,44.731,1.478,6.295,0.000,36.300,0,1078.561
176.000,7,40.794,4.691,40.160,1.371,4.644,0.000,36.490,0,866.047
177.000,7,47.071,5.037,48.982,1.813,4.791,0.000,52.698,1,938.921
178.000,7,49.965,5.034,45.568,2.225,5.823,0.000,38.507,1,1051.342
179.000,7,49.003,5.242,40.401,1.680,7.152,0.000,37.150,0,1168.923
180.000,7,40.532,4.845,40.761,4.097,6.422,0.000,11.115,1,691.006
181.000,7,41.532,5.018,40.815,2.426,3.998,0.000,74.797,0,1047.852
182.000,7,42.123,5.001,43.249,3.069,3.791,0.000,25.239,1,946.667
183.000,7,50.455,5.047,47.132,3.070,6.938,13.633,74.143,1,881.912
184.000,7,45.795,5.257,41.215,1.439,7.372,0.000,75.954,0,914.443
185.000,7,40.768,4.909,40.964,1.816,6.751,0.000,16.264,0,1064.418
186.000,7,43.391,4.698,40.995,1.938,7.390,0.000,57.137,0,992.314
187.000,7,46.423,4.960,42.781,1.564,8.259,0.000,67.140,1,1168.108
188.000,7,48.947,5.137,46.323,2.069,6.560,0.000,55.044,0,1321.663
189.000,7,40.089,4.895,47.509,2.062,5.230,0.000,21.717,0,828.321
190.000,7,41.416,5.229,48.009,1.807,6.326,0.000,44.528,1,849.567
191.000,7,40.396,4.961,46.106,1.470,5.626,0.000,26.914,0,1055.349
192.000,7,44.422,4.773,45.342,2.596,4.850,0.000,61.179,0,965.157
193.000,7,50.008,5.253,38.728,2.945,4.622,0.000,70.111,0,974.876
194.000,7,50.909,4.879,47.394,1.863,8.067,0.000,52.808,0,1202.591
195.000,7,35.843,4.785,42.244,3.005,7.842,0.000,41.768,1,1029.076
196.000,7,40.531,4.909,49.666,3.182,6.575,0.000,62.507,0,766.650
197.000,7,39.044,4.910,38.559,1.857,7.354,0.000,56.907,1,892.286
198.000,7,45.139,4.829,40.773,2.305,2.558,0.000,41.049,1,1363.617
199.000,7,52.488,5.012,38.742,1.717,4.702,0.000,79.712,1,1164.020
200.000,7,34.943,4.718,43.063,2.300,5.476,6.968,39.176,0,891.053
201.000,7,58.317,4.881,45.644,1.875,6.327,0.000,15.589,0,806.972
202.000,7,38.259,4.987,41.629,2.672,4.173,0.000,39.101,0,903.770
203.000,7,44.968,4.881,44.351,1.702,9.654,0.000,69.837,0,912.594
204.000,7,36.925,5.137,42.922,1.618,4.432,0.000,66.905,0,1121.950
205.000,7,48.850,5.053,46.429,1.361,6.273,0.000,69.402,0,1148.107
206.000,7,39.605,5.076,50.227,2.283,3.676,0.000,49.199,0,1050.181
207.000,7,41.739,4.840,42.684,2.027,4.424,0.000,65.946,0,734.062
208.000,7,50.560,4.971,44.919,2.584,6.782,0.000,63.020,0,1132.638
209.000,7,49.196,5.041,44.116,3.209,7.555,0.000,39.705,1,836.739
210.000,7,51.429,4.985,43.160,2.391,6.623,0.000,44.743,0,901.245
211.000,7,36.441,4.972,42.492,1.408,5.872,0.000,67.989,0,996.936
212.000,7,46.728,4.917,48.398,2.624,5.862,0.000,49.229,0,852.502
213.000,7,46.715,5.321,44.051,2.131,5.345,0.000,11.525,1,885.480
214.000,7,41.335,5.183,45.872,2.139,8.482,0.000,60.298,0,1270.833
215.000,7,39.803,4.992,38.530,2.631,8.068,0.000,27.647,0,1271.892
216.000,7,35.813,5.015,45.767,2.585,3.805,0.000,13.203,0,1128.912
217.000,7,44.348,4.890,43.090,1.921,5.500,0.000,47.113,1,1024.545
218.000,7,55.012,4.810,48.099,2.286,7.802,0.000,33.670,0,899.530
219.000,7,47.846,5.027,44.764,2.701,6.419,12.620,26.413,0,875.948
220.000,7,50.316,5.158,40.226,2.179,6.100,0.000,51.534,0,918.162
221.000,7,39.943,4.943,43.152,3.011,7.267,0.000,47.883,0,995.321
222.000,7,49.473,5.305,44.753,1.876,4.921,0.000,30.266,0,775.996
223.000,7,43.988,5.103,42.483,3.799,6.486,0.000,49.808,1,948.605
224.000,7,47.389,5.132,43.707,2.404,6.880,0.000,58.449,0,1007.977
225.000,7,43.685,4.735,45.438,2.278,5.943,0.000,32.220,0,969.552
226.000,7,38.658,4.827,42.792,2.243,5.830,0.000,59.126,1,1141.167
227.000,7,40.404,5.220,42.001,1.460,5.350,0.000,66.973,0,858.045
228.000,7,40.285,5.207,40.916,1.979,6.666,0.000,70.853,1,787.726
229.000,7,46.232,5.113,40.514,2.722,3.654,50.556,47.438,0,960.370
230.000,7,52.598,5.032,42.232,1.611,7.718,65.953,31.107,1,1026.957
231.000,7,45.208,5.003,43.902,1.609,5.687,0.000,56.809,0,1204.222
232.000,7,48.705,4.947,39.465,2.704,5.914,0.000,39.628,1,1161.262
233.000,7,53.316,5.335,45.303,2.302,6.144,0.000,73.984,1,1112.531
234.000,7,43.749,4.866,46.988,1.971,6.624,54.417,74.515,0,1010.204
235.000,7,41.349,5.134,43.364,1.997,5.722,0.000,52.068,0,854.191
236.000,7,39.613,5.024,42.987,2.234,4.054,0.000,46.763,0,1021.241
237.000,7,50.019,4.866,46.581,2.872,7.283,12.056,51.991,0,973.883
238.000,7,55.392,4.886,46.746,2.871,5.014,0.000,34.390,0,865.818
239.000,7,40.330,5.137,43.788,3.096,3.812,0.000,30.083,0,986.843
240.000,7,43.069,4.951,47.662,2.650,5.839,1.244,72.481,0,876.796
241.000,7,39.349,4.955,42.903,2.636,5.905,0.000,27.904,1,801.392
242.000,7,43.775,5.050,43.214,2.662,7.070,0.000,48.070,0,1062.193
243.000,7,56.557,5.118,40.462,2.590,6.779,0.000,45.004,1,898.595
244.000,7,40.666,5.242,44.183,1.661,6.287,0.000,38.986,0,1021.645
245.000,7,45.169,4.847,39.143,1.493,5.301,0.000,52.865,1,1091.166
246.000,7,43.954,4.928,45.702,1.924,4.315,0.000,18.037,0,957.276
247.000,7,45.868,4.923,43.158,2.283,5.724,0.000,43.096,1,1066.300
248.000,7,46.492,4.920,45.053,2.241,6.657,0.000,12.363,1,902.997
249.000,7,47.723,5.064,44.057,1.533,4.362,65.592,10.023,0,889.474
250.000,7,48.554,4.906,47.131,2.875,7.114,0.000,33.310,0,848.962
251.000,7,41.172,4.852,40.226,2.141,5.309,0.000,18.266,1,837.697
252.000,7,40.235,5.097,42.130,1.732,6.003,0.000,70.117,0,1067.459
253.000,7,51.442,5.085,39.286,2.224,5.605,0.000,38.230,0,919.403
254.000,7,37.681,5.012,38.430,3.539,3.884,0.000,31.123,1,702.681
255.000,7,34.141,5.063,39.139,3.255,6.271,0.000,56.368,1,766.907
256.000,7,50.832,4.760,41.778,1.824,6.547,0.000,67.426,1,1153.111
257.000,7,50.327,5.189,45.292,1.627,4.367,0.000,75.519,0,1218.561
258.000,7,40.723,4.954,45.246,1.970,4.052,46.837,60.911,0,1032.035
259.000,7,42.058,4.898,43.348,3.695,5.301,0.000,25.593,1,1045.218
260.000,7,46.038,5.186,43.905,3.013,7.920,0.000,49.150,1,724.596
261.000,7,39.101,5.119,41.482,1.749,5.703,0.000,42.111,0,816.725
262.000,7,40.154,5.119,43.412,3.211,5.490,0.000,29.917,1,987.455
263.000,7,56.952,5.035,41.641,2.669,8.574,0.000,75.383,0,1055.614
264.000,7,43.033,5.013,43.353,2.362,6.777,0.000,38.072,1,990.408
265.000,7,48.238,4.867,42.628,1.900,7.413,0.000,74.442,0,1081.969
266.000,7,55.846,5.004,42.826,2.930,5.939,69.684,33.505,0,915.917
267.000,7,46.473,4.874,38.917,2.441,6.749,0.000,10.645,1,797.640
268.000,7,45.101,4.943,37.505,2.564,7.738,91.594,13.478,0,924.862
269.000,7,43.152,4.891,40.294,1.525,5.789,0.000,15.049,0,753.708
270.000,7,54.341,4.976,42.958,1.731,10.339,0.000,53.483,0,947.629
271.000,7,39.703,4.929,43.148,1.786,3.451,0.000,51.771,0,1007.225
272.000,7,28.009,5.288,46.645,1.739,7.411,96.103,13.347,0,912.459
273.000,7,44.886,4.950,45.682,2.702,7.562,0.000,17.468,0,950.380
274.000,7,46.257,4.918,39.157,2.073,8.903,0.000,41.383,1,775.068
275.000,7,41.936,5.004,38.458,1.970,6.867,0.000,74.085,0,696.272
276.000,7,34.872,4.892,43.475,2.131,6.411,0.000,34.588,0,1136.452
277.000,7,45.123,4.820,47.021,2.156,7.555,0.000,12.942,0,712.930
278.000,7,43.835,4.862,42.501,2.925,6.913,73.228,10.907,0,651.968
279.000,7,53.424,4.926,37.283,2.078,4.940,0.000,23.320,0,1106.234
280.000,7,43.589,5.192,43.628,3.344,6.982,0.000,75.864,1,917.163
281.000,7,43.839,5.224,44.389,1.623,7.722,26.050,68.426,1,1083.019
282.000,7,36.589,4.956,45.664,2.657,8.591,0.000,20.494,0,836.090
283.000,7,43.552,4.871,40.484,2.676,5.945,0.000,45.009,0,621.153
284.000,7,37.673,4.970,40.786,1.751,7.691,0.000,21.010,1,1114.059
285.000,7,47.801,5.147,46.312,3.042,9.676,0.000,58.284,0,1027.771
286.000,7,39.526,5.014,41.260,1.674,6.877,0.000,44.850,1,818.318
287.000,7,36.113,5.023,41.774,3.794,3.670,0.000,35.415,0,1142.493
288.000,7,46.790,5.162,37.466,1.922,9.148,0.000,12.656,0,923.049
289.000,7,40.917,5.140,38.518,2.491,5.216,115.026,18.103,0,864.664
290.000,7,48.457,4.879,44.645,3.008,7.320,0.000,72.810,0,933.564
291.000,7,51.523,5.118,43.418,1.961,10.311,47.508,61.945,0,815.810
292.000,7,39.804,5.036,42.645,2.501,4.769,31.370,21.446,0,972.331
293.000,7,43.614,5.118,41.048,2.298,4.096,61.604,23.366,1,865.048
294.000,7,41.052,5.011,44.092,2.524,6.155,135.513,69.398,0,924.789
295.000,7,48.000,4.997,39.818,1.997,6.281,26.068,26.687,1,874.921
296.000,7,36.466,5.129,40.063,1.773,7.015,0.000,59.827,0,978.006
297.000,7,48.504,4.981,44.279,1.642,6.003,0.000,37.357,0,956.540
298.000,7,37.768,5.048,44.017,3.011,4.909,73.914,10.035,1,754.142
299.000,7,41.620,4.834,44.298,1.988,6.891,96.782,71.681,0,921.396
300.000,7,43.145,5.089,41.693,2.087,6.134,0.000,30.687,0,734.695
301.000,7,44.285,4.968,41.293,2.093,7.888,0.000,38.634,0,875.801
302.000,7,41.354,5.199,40.498,2.139,5.243,0.000,16.641,1,917.711
303.000,7,51.559,4.829,39.869,1.907,7.600,0.000,75.831,0,908.981
304.000,7,43.142,4.996,39.962,2.331,6.910,0.000,78.957,0,1040.466
305.000,7,40.149,5.109,41.880,1.909,6.041,0.000,27.535,0,833.406
306.000,7,60.947,4.784,45.192,1.861,8.585,0.000,33.346,1,813.488
307.000,7,43.020,5.154,45.211,2.037,5.205,79.266,25.352,0,916.124
308.000,7,46.919,5.026,44.920,1.891,5.983,0.000,11.911,0,845.938
309.000,7,44.465,5.160,43.712,2.053,5.846,41.091,61.830,0,660.548
310.000,7,49.278,4.781,43.846,2.318,7.294,0.000,68.215,0,606.516
311.000,7,42.273,5.038,41.575,1.869,5.108,0.000,68.903,0,1019.623
312.000,7,39.900,5.129,42.088,3.693,6.639,61.659,64.767,1,821.068
313.000,7,47.187,5.022,40.505,2.322,4.289,83.078,17.508,0,856.854
314.000,7,52.520,4.988,41.170,3.046,5.652,0.000,40.219,1,919.167
315.000,7,47.674,5.042,38.833,2.071,4.926,0.000,56.553,0,664.008
316.000,7,45.219,4.868,41.081,2.281,8.855,0.000,29.879,0,940.469
317.000,7,48.238,5.064,39.769,2.092,6.694,0.000,61.734,1,847.758
318.000,7,42.924,4.832,45.281,2.366,8.586,33.215,55.547,0,985.586
319.000,7,46.164,4.963,42.512,3.738,4.945,0.000,18.088,0,1023.776
320.000,7,35.759,5.391,45.588,1.743,7.274,64.868,70.098,0,1167.491
321.000,7,54.012,4.791,46.116,2.133,8.462,0.000,40.720,0,871.657
322.000,7,41.211,4.922,40.974,2.137,7.531,0.000,43.659,0,757.225
323.000,7,37.548,5.064,43.156,2.399,7.361,0.000,79.168,0,667.394
324.000,7,45.275,5.080,44.443,2.209,4.618,12.797,33.463,1,977.806
325.000,7,44.022,4.676,36.690,3.343,8.508,0.000,37.518,1,797.356
326.000,7,45.326,5.062,42.903,2.543,6.313,0.000,16.866,0,906.949
327.000,7,39.521,4.804,39.679,1.831,6.300,0.000,44.033,0,1058.176
328.000,7,51.444,5.035,42.237,2.300,8.467,0.000,54.599,0,981.341
329.000,7,42.726,4.834,45.749,1.795,6.905,0.000,45.457,1,818.272
330.000,7,52.512,4.872,41.357,4.183,6.121,133.221,51.867,0,681.994
331.000,7,36.729,5.008,41.255,1.810,7.305,0.000,26.797,0,996.527
332.000,7,42.166,5.084,43.040,1.889,4.096,0.000,69.184,1,1058.058
333.000,7,44.747,4.821,43.924,3.464,7.213,119.113,23.134,0,861.806
334.000,7,48.823,4.973,41.996,3.650,4.062,0.000,64.146,0,764.866
335.000,7,42.817,4.913,42.447,1.742,4.926,0.000,68.467,0,559.230
336.000,7,49.095,4.964,40.743,2.082,7.952,131.050,34.968,0,1036.810
337.000,7,45.663,5.109,40.542,1.904,5.490,141.745,54.926,0,910.771
338.000,7,46.136,4.676,39.035,2.073,4.851,0.000,32.040,0,861.011
339.000,7,47.159,5.018,38.992,2.466,6.348,4.585,71.310,0,772.891
340.000,7,50.318,5.104,42.525,3.954,7.621,0.000,28.794,0,807.710
341.000,7,48.880,5.155,38.901,1.758,6.632,0.000,12.910,0,860.162
342.000,7,44.475,4.850,37.817,3.328,6.310,17.295,42.922,1,727.141
343.000,7,45.538,5.121,46.991,2.321,5.309,0.000,62.576,0,1097.794
344.000,7,51.830,4.919,44.349,2.795,9.639,0.000,76.459,0,995.488
345.000,7,50.954,4.861,37.851,2.905,6.151,159.448,20.116,1,713.022
346.000,7,43.500,4.970,40.389,2.399,7.942,117.508,58.028,0,975.257
347.000,7,47.507,4.765,40.824,2.181,6.455,0.000,20.717,0,840.213
348.000,7,39.981,5.002,42.194,2.010,6.051,0.000,76.169,0,989.718
349.000,7,40.901,5.161,44.419,2.333,8.441,135.111,60.856,0,764.244
350.000,7,50.983,4.790,42.126,2.070,5.787,0.000,47.528,0,777.018
351.000,7,42.251,5.145,40.159,2.219,5.574,0.000,14.157,0,1009.956
352.000,7,50.681,5.043,42.822,2.134,6.462,123.241,62.469,1,1235.636
353.000,7,43.937,5.115,39.543,3.069,3.827,0.000,53.731,0,764.023
354.000,7,33.147,5.200,41.342,2.447,6.374,27.492,26.872,0,866.076
355.000,7,50.556,5.142,46.963,2.202,5.837,0.000,78.382,0,942.077
356.000,7,36.945,5.324,42.226,1.911,6.817,185.992,60.361,0,1010.177
357.000,7,45.509,5.122,44.497,3.428,5.543,0.000,15.382,1,769.302
358.000,7,48.953,5.134,41.760,3.353,5.217,0.000,62.316,0,757.875
359.000,7,52.497,4.927,39.595,3.295,6.880,0.000,36.546,0,633.777
360.000,7,49.690,4.899,42.773,1.914,5.492,0.000,59.204,0,846.827
361.000,7,49.792,5.105,35.804,1.922,4.730,65.899,36.497,1,775.837
362.000,7,47.852,5.111,41.382,2.545,7.199,123.168,67.023,1,791.629
363.000,7,40.733,4.955,41.414,2.153,6.971,0.000,53.175,0,617.489
364.000,7,44.632,5.046,44.034,3.457,7.797,32.107,64.951,1,756.178
365.000,7,42.447,5.006,41.369,2.511,6.808,0.000,70.576,0,538.021
366.000,7,42.659,4.830,36.339,2.758,6.399,0.000,35.007,1,965.480
367.000,7,43.957,5.096,41.764,2.916,5.421,119.101,30.658,0,908.952
368.000,7,35.902,4.980,39.429,2.737,6.455,117.129,38.614,0,479.799
369.000,7,36.266,5.193,41.330,2.058,6.979,0.000,78.558,0,926.928
370.000,7,33.491,5.211,40.654,2.554,6.309,0.000,74.915,1,761.665
371.000,7,48.239,4.971,38.212,2.278,6.530,0.000,72.501,0,830.688
372.000,7,48.633,4.931,43.605,3.256,5.988,134.648,64.554,0,615.540
373.000,7,46.420,4.770,38.458,2.854,4.876,0.000,72.399,0,1027.495
374.000,7,43.520,5.093,45.362,1.886,3.671,0.000,66.723,0,834.204
375.000,7,42.019,4.980,47.423,2.646,7.286,0.000,56.789,0,772.633
376.000,7,38.389,5.094,42.006,4.366,4.562,103.999,37.130,0,769.815
377.000,7,52.928,4.982,42.792,1.923,5.162,0.000,50.814,1,945.256
378.000,7,48.329,5.110,40.933,1.871,5.326,0.000,20.225,0,635.956
379.000,7,47.010,5.070,38.547,2.415,2.602,37.486,65.935,0,846.662
380.000,7,50.809,4.647,42.896,3.409,7.572,153.120,55.577,0,915.823
381.000,7,50.466,4.976,41.167,2.925,5.841,0.000,75.054,1,903.490
382.000,7,39.858,5.028,41.530,1.869,5.491,145.269,65.402,0,767.295
383.000,7,44.549,5.051,40.684,3.125,7.444,0.000,46.332,0,740.794
384.000,7,43.147,4.880,40.098,2.086,7.028,91.445,31.357,1,714.631
385.000,7,46.172,4.995,37.861,4.237,8.297,159.667,41.536,1,647.135
386.000,7,49.501,4.955,40.168,2.430,6.628,47.397,79.664,0,897.288
387.000,7,41.863,5.299,40.178,3.345,6.176,0.000,37.779,0,902.082
388.000,7,56.309,4.794,42.583,3.193,5.320,0.000,60.350,1,948.967
389.000,7,41.511,4.932,40.032,2.486,7.157,220.092,52.600,0,963.875
390.000,7,48.752,5.162,39.555,2.239,4.518,0.000,78.900,0,921.242
391.000,7,44.575,4.889,47.799,3.325,5.493,139.854,13.541,0,479.453
392.000,7,36.512,4.944,42.788,2.286,8.328,0.000,42.443,0,575.412
393.000,7,44.144,5.096,42.501,2.462,5.202,47.932,30.449,0,834.618
394.000,7,49.508,5.065,40.522,1.900,7.551,0.000,45.122,0,927.994
395.000,7,43.190,4.958,43.231,2.705,8.580,0.000,18.262,0,1019.621
396.000,7,42.851,4.700,43.802,3.615,6.705,0.000,63.451,0,635.353
397.000,7,48.902,4.960,38.891,2.713,4.753,175.609,53.294,0,676.508
398.000,7,53.129,5.077,46.074,2.979,7.176,0.000,65.881,0,897.102
399.000,7,51.452,4.968,39.360,2.669,5.343,8.398,45.960,0,603.982
400.000,7,49.378,4.968,46.318,2.386,7.070,0.000,39.941,0,1011.217
401.000,7,48.620,5.153,42.426,2.506,6.828,52.033,17.762,0,833.532
402.000,7,43.958,4.995,38.554,3.833,6.554,136.685,35.901,0,1106.445
403.000,7,44.237,5.266,43.775,2.426,7.821,131.712,67.835,0,987.631
404.000,7,44.628,4.973,44.838,2.564,6.986,0.000,65.795,0,1135.780
405.000,7,47.962,4.851,35.179,2.463,6.746,0.000,79.965,0,777.483
406.000,7,44.290,4.824,43.965,2.894,6.024,106.204,60.510,1,1212.723
407.000,7,44.419,4.987,42.361,2.181,6.310,0.000,74.695,0,991.350
408.000,7,45.405,4.954,41.564,3.296,5.838,27.332,17.796,0,1099.927
409.000,7,47.698,4.925,45.958,2.078,6.468,0.000,29.788,0,839.080
410.000,7,41.700,5.078,39.887,2.777,8.866,0.000,69.438,0,888.112
411.000,7,42.205,5.055,42.798,2.686,5.520,97.649,20.628,0,884.688
412.000,7,52.622,4.994,41.744,2.343,6.209,134.904,11.841,0,753.726
413.000,7,43.616,4.811,38.913,2.317,7.244,0.000,15.419,0,823.055
414.000,7,42.407,5.179,38.249,2.869,5.701,233.850,15.886,1,1123.958
415.000,7,41.032,5.043,40.231,2.286,8.625,0.000,20.703,0,888.823
416.000,7,45.071,4.976,40.757,2.504,6.959,0.000,14.217,1,781.868
417.000,7,51.608,5.095,40.766,1.973,6.379,124.420,12.893,1,965.663
418.000,7,54.691,4.703,41.257,2.851,8.235,0.000,67.012,0,677.222
419.000,7,45.365,5.137,43.115,3.195,8.477,0.000,72.366,1,848.017
420.000,7,36.268,4.854,40.793,3.265,8.070,63.482,37.556,1,767.969
421.000,7,50.744,5.027,37.471,2.103,5.949,0.000,41.444,0,719.725
422.000,7,44.030,4.979,38.963,2.402,5.149,227.933,17.353,0,820.470
423.000,7,57.936,4.958,42.899,2.872,5.851,0.000,28.787,0,686.680
424.000,7,42.253,4.877,36.711,3.477,6.622,0.000,22.959,1,824.600
425.000,7,54.905,5.174,41.985,2.241,3.899,242.690,77.399,0,929.576
426.000,7,48.572,5.175,39.485,3.478,8.614,0.000,15.272,1,511.279
427.000,7,48.946,4.788,42.536,2.108,8.141,0.000,73.216,0,997.681
428.000,7,38.570,5.081,37.140,2.700,7.495,235.697,39.179,0,827.451
429.000,7,50.729,4.919,39.697,2.125,6.919,221.289,59.964,0,647.414
430.000,7,41.329,4.837,36.131,3.751,8.192,0.000,75.544,1,603.530
431.000,7,45.171,5.047,42.927,2.873,8.997,0.000,14.937,1,862.529
432.000,7,40.729,5.190,35.763,3.297,7.143,25.131,45.979,1,651.693
433.000,7,53.614,5.118,44.062,3.108,4.528,0.000,42.071,0,914.806
434.000,7,43.814,4.809,41.656,2.240,7.782,188.797,42.531,0,883.176
435.000,7,45.252,4.970,40.071,3.769,6.048,57.185,51.089,0,719.141
436.000,7,44.439,5.280,38.298,2.889,6.493,0.000,69.854,1,857.291
437.000,7,49.418,5.001,42.827,3.491,6.572,190.496,32.292,1,890.319
438.000,7,42.854,5.173,39.302,2.172,5.998,162.902,70.638,1,946.603
439.000,7,43.316,4.864,43.168,2.147,7.557,0.000,41.150,0,1169.704
440.000,7,52.780,4.846,39.983,2.300,7.297,287.441,57.020,1,848.304
441.000,7,43.694,4.837,43.539,2.464,6.417,36.926,38.196,0,1206.086
442.000,7,42.047,5.215,42.546,2.153,10.778,0.000,54.660,0,880.082
443.000,7,39.465,4.982,42.408,3.279,4.244,180.053,18.772,1,824.758
444.000,7,43.497,4.893,38.972,3.626,6.097,0.000,22.690,0,603.893
445.000,7,45.432,5.019,40.799,3.419,9.874,0.000,33.896,0,817.704
446.000,7,46.905,4.797,43.003,2.173,5.422,92.866,38.008,1,806.053
447.000,7,45.879,4.848,45.817,3.204,9.063,285.226,21.995,0,880.961
448.000,7,47.856,5.155,39.024,2.695,4.226,0.000,18.716,0,564.635
449.000,7,51.239,5.214,42.090,2.914,8.446,0.000,78.500,1,722.022
450.000,7,42.331,4.908,43.533,2.239,6.354,0.000,13.416,0,949.278
451.000,7,40.183,4.732,36.295,4.040,8.855,0.000,50.909,0,813.657
452.000,7,42.479,4.987,41.115,2.505,2.736,0.000,36.834,0,941.404
453.000,7,40.937,5.378,39.877,2.237,5.846,172.797,55.119,0,786.987
454.000,7,45.048,5.037,43.394,2.452,8.869,40.326,40.605,1,747.791
455.000,7,45.167,5.196,39.221,4.331,7.201,0.000,10.217,0,628.149
456.000,7,44.585,5.163,41.076,3.365,7.983,4.249,65.664,1,733.465
457.000,7,46.529,4.986,43.491,2.980,5.674,0.000,65.461,1,828.800
458.000,7,43.494,5.107,41.113,3.139,7.854,0.000,56.789,1,894.206
459.000,7,40.323,5.077,42.688,3.241,6.396,0.000,15.111,1,731.957
460.000,7,43.436,4.877,42.903,3.208,7.088,0.000,50.670,1,807.564
461.000,7,45.638,4.873,41.338,2.214,6.866,0.000,74.619,0,717.965
462.000,7,48.675,5.042,39.402,2.453,5.222,1.956,22.174,0,839.825
463.000,7,50.019,4.756,42.949,2.155,7.261,192.061,31.028,1,861.165
464.000,7,33.180,4.609,39.166,3.310,7.364,276.448,41.980,0,701.125
465.000,7,46.165,4.954,36.297,2.420,7.045,0.000,78.914,0,889.138
466.000,7,51.496,5.166,45.619,3.952,8.235,0.000,12.907,1,585.344
467.000,7,39.223,4.979,36.033,2.740,7.015,48.945,35.997,1,739.548
468.000,7,53.056,4.717,39.476,3.500,2.791,0.000,55.139,1,413.066
469.000,7,51.188,4.952,42.829,2.207,4.595,40.170,23.593,0,841.591
470.000,7,39.794,5.227,47.477,3.718,6.008,0.000,17.453,0,965.518
471.000,7,39.802,5.179,39.235,3.931,5.693,302.520,12.100,1,635.210
472.000,7,40.471,4.848,44.968,2.165,7.347,0.000,53.018,0,824.652
473.000,7,40.900,5.026,43.116,3.548,7.156,0.000,53.774,1,824.436
474.000,7,55.741,5.100,39.637,2.199,7.468,178.394,61.622,0,673.917
475.000,7,47.341,5.229,40.689,2.332,5.865,0.000,73.078,0,783.535
476.000,7,45.598,4.921,41.014,3.516,7.407,0.000,77.650,0,811.527
477.000,7,52.573,5.053,37.437,2.714,8.416,107.052,61.453,0,856.853
478.000,7,45.445,4.986,42.895,3.478,4.433,196.172,53.411,0,977.961
479.000,7,41.387,4.869,41.232,2.264,7.655,204.803,33.110,0,840.292
480.000,7,41.750,4.966,43.002,2.729,5.905,125.054,16.448,0,590.246
481.000,7,48.794,5.163,39.111,2.580,5.940,0.000,15.908,0,556.928
482.000,7,49.428,4.983,39.205,3.339,7.067,195.620,79.009,0,877.226
483.000,7,49.136,4.957,37.680,2.949,7.094,0.000,68.717,0,651.410
484.000,7,44.585,5.093,38.653,3.531,7.280,111.647,65.917,1,758.252
485.000,7,48.643,5.069,38.881,3.937,2.585,332.450,59.962,0,882.699
486.000,7,47.327,5.135,40.724,2.909,9.011,305.247,65.979,1,749.969
487.000,7,42.218,4.953,42.111,4.694,4.069,275.566,17.177,1,740.308
488.000,7,41.944,4.804,39.862,3.505,4.510,0.000,54.382,0,580.089
489.000,7,49.547,4.818,41.262,3.245,7.327,336.915,48.307,0,887.691
490.000,7,49.960,5.013,39.475,4.855,7.764,284.514,15.521,0,746.124
491.000,7,42.099,5.161,39.973,2.428,4.765,0.000,39.626,0,634.041
492.000,7,39.081,4.905,42.058,2.280,7.021,0.000,73.308,1,1022.340
493.000,7,52.312,5.034,36.603,2.505,3.030,218.563,53.501,0,746.737
494.000,7,47.340,4.793,40.230,4.051,6.787,60.486,24.699,0,867.790
495.000,7,44.484,5.096,38.386,2.580,7.945,119.180,57.895,1,656.403
496.000,7,45.991,4.735,39.388,2.792,5.164,0.000,47.195,1,950.672
497.000,7,55.577,5.144,40.281,2.214,6.203,0.000,36.733,0,496.090
498.000,7,43.769,4.835,39.005,2.388,8.082,133.051,23.473,0,1069.961
499.000,7,47.023,5.093,41.983,2.770,6.718,9.173,32.265,1,801.567
500.000,7,34.976,5.160,43.439,3.020,8.358,52.160,13.039,1,754.134
501.000,7,41.809,4.751,41.252,2.570,6.406,147.465,31.779,0,593.635
502.000,7,53.921,5.097,38.890,2.703,9.299,151.745,67.421,0,644.341
503.000,7,45.944,5.118,41.945,3.470,5.171,0.000,60.993,1,985.210
504.000,7,45.418,4.865,42.009,2.855,6.436,264.775,23.347,0,607.148
505.000,7,45.208,5.018,41.725,3.067,7.568,0.000,63.018,0,851.380
506.000,7,49.987,4.969,40.333,3.314,6.122,128.051,74.672,0,716.964
507.000,7,46.999,5.242,44.823,2.384,5.384,22.645,53.532,0,868.087
508.000,7,45.055,4.976,37.161,3.658,7.809,0.000,49.594,0,590.280
509.000,7,47.238,5.008,36.152,2.618,7.390,0.000,77.128,1,908.280
510.000,7,47.752,5.068,38.376,2.725,6.554,0.000,75.538,0,663.001
511.000,7,40.828,5.074,40.857,2.290,5.166,44.768,51.127,0,688.954
512.000,7,42.646,5.086,38.745,3.045,6.892,304.469,38.186,1,784.117
513.000,7,49.523,4.961,46.010,3.139,7.386,353.308,77.515,1,868.536
514.000,7,40.382,5.030,39.914,3.307,5.384,286.232,27.503,0,710.117
515.000,7,44.929,4.769,40.721,2.655,3.669,0.000,46.016,0,698.021
516.000,7,46.437,5.119,38.918,2.567,7.443,0.000,60.696,0,819.837
517.000,7,47.129,5.222,36.989,3.552,7.195,20.077,14.717,1,335.869
518.000,7,43.210,4.989,38.322,4.658,5.462,97.992,25.654,0,761.966
519.000,7,44.409,5.065,42.103,3.253,3.052,0.000,31.003,0,757.689
520.000,7,43.143,5.223,38.246,3.443,6.998,0.000,60.548,0,1073.384
521.000,7,39.417,4.884,42.633,3.355,6.800,0.000,61.228,0,853.237
522.000,7,36.714,4.812,38.747,4.146,9.367,126.552,16.868,1,761.826
523.000,7,46.444,5.093,39.344,2.578,6.879,77.705,31.476,0,902.667
524.000,7,44.468,5.040,38.222,3.737,4.930,151.117,48.089,1,934.615
525.000,7,42.010,4.771,38.030,3.213,6.604,0.000,44.444,1,642.341
526.000,7,51.200,5.151,40.193,2.484,6.349,3.113,77.831,0,980.487
527.000,7,51.278,5.142,37.494,3.925,6.357,296.360,36.525,0,728.080
528.000,7,35.023,5.237,40.404,2.868,4.840,338.740,52.091,0,798.964
529.000,7,50.720,4.854,39.633,2.674,5.521,5.236,20.201,0,858.469
530.000,7,41.027,4.975,40.124,3.312,9.396,222.036,76.876,1,932.377
531.000,7,40.695,4.804,37.614,2.621,7.682,170.644,20.404,1,673.306
532.000,7,37.535,5.051,41.435,3.103,6.112,0.000,24.006,0,833.513
533.000,7,48.936,5.008,43.253,2.471,7.293,149.492,19.607,0,361.644
534.000,7,42.560,4.745,35.272,3.226,6.437,355.836,13.680,1,679.027
535.000,7,44.123,5.001,41.034,2.576,7.124,40.239,49.900,1,784.045
536.000,7,39.963,4.905,43.779,2.552,7.224,97.591,21.882,0,569.943
537.000,7,39.713,4.847,36.450,2.316,6.872,351.582,28.968,0,712.909
538.000,7,43.297,4.999,42.434,2.554,6.797,189.335,27.893,1,735.203
539.000,7,41.570,5.252,36.150,3.066,4.428,217.399,61.254,0,508.761
540.000,7,49.128,5.118,36.333,2.978,10.316,33.573,37.161,0,587.678
541.000,7,49.864,5.146,40.715,2.647,8.192,98.021,44.068,0,643.259
542.000,7,50.931,5.114,41.680,2.455,6.881,116.766,42.406,0,668.221
543.000,7,50.490,4.896,43.466,3.211,9.758,0.000,22.690,0,804.625
544.000,7,48.825,4.861,39.591,4.119,5.725,0.000,60.595,0,632.529
545.000,7,47.169,5.062,42.655,3.974,11.684,1.093,72.266,0,871.043
546.000,7,43.706,4.905,39.128,4.360,7.255,391.773,70.505,0,697.688
547.000,7,41.124,5.021,40.792,3.174,6.458,351.213,55.721,0,761.615
548.000,7,42.632,4.894,38.000,2.852,5.505,90.078,55.914,0,840.438
549.000,7,43.300,5.017,36.002,2.553,8.360,126.079,55.882,0,526.114
550.000,7,51.904,4.906,38.824,2.495,7.198,278.936,10.456,0,672.231
551.000,7,42.323,5.101,37.799,2.382,3.322,70.150,70.868,0,1076.236
552.000,7,53.546,4.779,39.595,2.429,8.525,0.000,29.848,1,977.877
553.000,7,44.791,5.097,37.669,3.388,7.459,157.193,46.714,1,747.695
554.000,7,36.505,4.897,35.814,2.505,8.488,60.084,60.244,0,813.949
555.000,7,47.374,4.948,42.273,3.799,5.711,0.000,53.089,0,782.040
556.000,7,49.040,5.005,40.961,4.380,9.584,76.140,10.723,1,535.584
557.000,7,42.957,4.950,37.199,4.451,5.126,399.466,10.158,0,727.272
558.000,7,46.011,4.803,37.262,2.857,6.641,328.504,17.995,1,758.800
559.000,7,42.700,5.186,38.830,3.845,7.555,201.512,20.809,0,599.900
560.000,7,51.978,4.749,36.739,2.692,8.871,140.353,29.286,1,797.494
561.000,7,43.809,5.149,42.356,3.100,9.577,169.696,78.249,1,554.489
562.000,7,40.392,4.929,38.530,2.866,6.314,131.231,28.059,0,689.361
563.000,7,49.159,5.231,40.006,4.382,6.595,138.537,36.468,0,541.924
564.000,7,31.886,5.048,41.919,2.970,5.523,86.852,39.850,0,844.423
565.000,7,45.745,4.854,39.132,3.130,5.306,312.557,79.099,0,1003.880
566.000,7,45.264,5.280,38.026,4.099,4.911,371.259,56.523,1,689.974
567.000,7,49.700,4.770,35.551,4.162,7.333,289.565,69.703,0,676.076
568.000,7,48.728,5.272,37.108,4.438,7.123,180.793,65.096,1,476.614
569.000,7,50.675,5.047,38.440,3.530,7.507,269.861,14.124,0,556.353
570.000,7,51.462,5.072,36.404,4.473,7.924,162.716,29.253,0,504.898
571.000,7,49.608,4.982,38.059,2.597,6.222,128.482,54.687,0,761.989
572.000,7,45.619,5.238,35.535,3.532,10.719,12.057,49.623,1,111.378
573.000,7,37.572,5.027,39.805,3.114,8.261,161.812,52.334,0,502.034
574.000,7,48.539,5.046,37.218,3.248,7.332,83.220,59.854,1,276.491
575.000,7,37.542,5.028,38.944,2.988,7.006,158.163,22.227,1,870.562
576.000,7,41.027,5.022,41.807,4.556,6.252,3.886,60.047,0,258.394
577.000,7,47.528,5.118,33.952,4.765,6.547,0.000,48.983,1,192.836
578.000,7,47.232,4.914,39.676,3.271,6.443,0.000,16.152,1,558.716
579.000,7,41.463,5.148,40.252,3.165,5.834,304.637,79.224,0,781.317
580.000,7,43.068,5.137,41.234,3.036,6.736,366.926,56.726,0,831.557
581.000,7,46.009,4.897,39.396,2.475,5.501,0.000,21.283,1,650.069
582.000,7,49.122,5.191,34.172,3.661,8.740,132.805,42.171,1,350.722
583.000,7,51.010,5.329,35.655,3.614,6.679,21.152,74.364,0,342.129
584.000,7,50.534,5.252,38.370,2.586,5.401,175.327,68.651,0,537.930
585.000,7,42.813,4.928,40.303,3.913,9.377,231.041,19.441,0,750.022
586.000,7,43.019,5.035,39.278,2.887,5.733,0.000,66.099,0,830.222
587.000,7,41.327,4.596,39.140,3.032,4.589,0.000,14.843,0,565.111
588.000,7,33.467,4.893,39.474,2.581,6.024,224.814,58.172,0,532.370
589.000,7,51.199,5.228,42.489,2.760,6.730,257.280,68.425,1,497.739
590.000,7,44.475,5.107,36.728,3.542,4.720,235.047,13.418,0,742.204
591.000,7,40.600,5.092,36.860,2.776,3.731,0.000,69.501,0,639.465
592.000,7,46.768,4.942,42.959,2.886,6.541,165.439,26.821,0,865.098
593.000,7,46.383,5.059,39.528,2.953,6.645,0.000,77.636,0,865.342
594.000,7,45.648,4.995,37.904,2.825,5.068,241.386,15.897,1,608.756
595.000,7,44.677,5.199,38.921,2.958,6.527,0.000,35.456,1,689.043
596.000,7,47.969,4.915,34.951,2.886,6.874,0.000,19.508,1,706.333
597.000,7,30.966,5.227,39.210,5.135,6.215,352.848,34.220,0,574.422
598.000,7,38.549,5.060,38.270,2.577,6.049,211.022,51.236,0,854.693
599.000,7,41.390,4.940,36.606,3.255,5.592,0.000,21.491,0,735.490
600.000,7,39.155,5.027,33.477,2.543,8.363,0.000,55.124,0,719.484
601.000,7,49.285,5.067,41.122,2.942,6.407,235.662,53.796,1,847.142
602.000,7,47.604,4.820,41.448,3.614,4.841,410.378,31.233,0,771.246
603.000,7,48.240,4.960,42.423,4.447,9.714,431.486,30.598,1,553.935
604.000,7,40.512,5.143,42.211,2.582,8.114,407.591,34.958,1,750.576
605.000,7,50.473,5.128,38.389,3.217,8.566,400.285,38.897,1,949.788
606.000,7,48.283,5.169,35.877,3.478,7.227,177.697,11.107,0,627.095
607.000,7,47.586,5.110,34.095,3.588,6.925,109.615,72.374,0,411.974
608.000,7,39.405,5.048,41.216,5.421,7.546,426.469,66.760,1,785.223
609.000,7,47.904,5.052,42.304,2.997,5.570,346.494,21.769,0,771.441
610.000,7,41.243,4.972,33.279,3.082,10.063,175.357,36.320,1,546.269
611.000,7,36.336,5.267,39.727,3.017,6.653,385.831,71.157,0,928.025
612.000,7,52.975,4.978,40.997,3.530,6.814,97.967,48.929,0,799.994
613.000,7,53.271,5.239,39.574,2.722,8.229,0.000,59.102,0,587.655
614.000,7,42.337,4.648,33.912,3.427,6.058,349.352,46.718,1,455.544
615.000,7,49.448,4.829,40.442,3.405,10.346,14.590,13.682,0,718.786
616.000,7,41.042,5.088,40.434,3.586,7.297,198.743,53.324,0,602.763
617.000,7,55.180,4.907,33.898,3.455,4.682,434.526,49.279,1,852.117
618.000,7,53.007,4.975,35.398,2.771,6.976,0.000,59.522,1,262.750
619.000,7,49.446,4.789,41.163,3.749,9.688,230.561,30.726,1,440.573
620.000,7,43.363,4.966,40.023,3.445,6.179,402.197,59.586,0,511.290
621.000,7,47.497,5.098,38.167,3.504,7.556,0.000,17.732,0,723.076
622.000,7,49.763,4.996,40.554,3.480,6.143,246.484,69.361,0,487.643
623.000,7,49.964,4.963,42.001,3.401,5.729,211.380,42.933,0,623.770
624.000,7,44.919,4.961,40.913,3.373,6.806,155.845,54.194,0,612.619
625.000,7,39.970,4.773,38.594,4.349,6.295,0.000,29.421,0,869.491
626.000,7,42.980,5.072,39.162,2.711,6.930,362.779,45.595,0,762.510
627.000,7,48.041,5.033,40.672,4.387,8.621,111.270,33.267,1,910.677
628.000,7,44.684,5.124,41.667,4.270,8.137,0.000,44.328,0,496.293
629.000,7,49.363,5.081,39.964,3.474,5.469,54.203,37.896,1,619.143
630.000,7,45.876,4.778,35.263,3.116,8.571,362.001,24.123,0,649.910
631.000,7,39.838,5.225,36.580,3.559,6.140,0.000,62.574,1,657.386
632.000,7,41.439,4.862,32.409,2.999,6.167,172.974,70.196,1,484.849
633.000,7,45.839,4.932,37.520,3.855,5.421,70.578,76.209,0,707.595
634.000,7,41.168,4.993,39.807,3.106,5.584,175.135,58.810,1,697.376
635.000,7,39.140,4.816,42.491,4.221,9.019,102.013,26.292,1,523.321
636.000,7,46.784,5.076,36.779,3.921,5.476,307.940,50.056,0,863.001
637.000,7,46.615,5.051,39.762,2.685,7.502,96.281,71.763,0,533.072
638.000,7,46.156,5.160,40.490,2.861,7.083,399.634,41.241,0,554.484
639.000,7,44.167,4.945,42.947,3.862,7.323,453.972,60.657,1,776.355
640.000,7,44.139,4.954,42.099,2.848,7.158,161.679,76.330,1,480.233
641.000,7,39.155,4.925,40.901,3.436,9.133,473.389,42.762,0,815.979
642.000,7,45.501,4.940,32.869,4.174,6.863,250.148,49.612,1,484.324
643.000,7,40.437,5.033,37.162,2.759,7.525,106.690,14.329,0,863.830
644.000,7,37.577,5.067,35.045,3.819,6.083,63.854,28.128,1,524.900
645.000,7,45.333,5.084,39.168,4.377,6.740,421.496,34.018,0,826.229
646.000,7,37.743,5.288,37.226,3.150,5.692,165.438,13.505,1,385.571
647.000,7,46.871,5.057,38.651,2.827,8.262,261.703,63.275,0,927.003
648.000,7,49.084,5.265,43.077,2.803,3.121,0.000,66.225,0,700.937
649.000,7,44.098,5.246,34.645,3.095,5.002,410.265,71.901,1,601.620
650.000,7,45.868,4.954,44.868,4.341,8.300,0.000,65.547,1,740.477
651.000,7,45.574,4.968,40.908,2.809,6.635,8.799,55.142,0,770.335
652.000,7,49.120,4.891,43.598,4.539,6.838,87.337,52.197,1,651.828
653.000,7,53.866,5.010,35.332,3.435,6.195,349.883,60.785,1,593.823
654.000,7,40.324,5.205,39.166,4.279,5.093,216.360,17.694,1,812.703
655.000,7,39.032,5.012,38.488,2.860,7.660,102.382,46.485,1,788.306
656.000,7,39.865,5.303,38.607,3.597,5.251,292.971,22.956,1,420.820
657.000,7,48.323,4.825,36.585,4.471,5.079,477.525,63.936,1,788.156
658.000,7,47.214,4.908,33.325,3.195,7.139,381.519,63.074,1,650.386
659.000,7,42.535,4.975,32.142,3.011,9.143,210.307,68.658,1,583.701
660.000,7,41.308,4.698,36.731,3.933,7.060,276.464,33.404,0,538.397
661.000,7,46.433,4.985,40.707,3.982,10.892,234.311,12.959,1,650.346
662.000,7,46.546,5.151,36.968,3.445,8.497,275.472,22.871,0,645.681
663.000,7,48.700,5.008,45.223,3.645,9.181,236.990,18.110,0,467.945
664.000,7,36.250,5.261,38.995,2.754,6.131,73.365,17.513,0,666.135
665.000,7,55.261,4.987,39.410,2.698,8.941,10.368,37.095,0,902.322
666.000,7,42.902,4.924,38.889,3.726,10.271,290.275,13.934,0,595.897
667.000,7,41.008,5.031,40.656,4.518,7.503,497.240,79.909,1,748.880
668.000,7,48.508,4.992,33.434,5.333,7.474,431.985,66.451,1,301.297
669.000,7,51.315,5.015,36.821,3.691,7.343,49.041,49.323,0,603.031
670.000,7,45.714,4.751,39.149,3.332,7.851,35.550,57.498,1,398.612
671.000,7,40.419,5.026,33.539,2.887,8.158,455.589,77.346,1,628.276
672.000,7,40.507,4.880,34.264,4.717,7.382,227.297,26.330,1,630.021
673.000,7,33.548,4.940,39.512,3.792,6.076,263.715,43.868,0,612.680
674.000,7,35.071,4.799,38.065,2.902,8.690,462.101,20.963,1,667.338
675.000,7,39.255,5.127,44.045,3.220,9.233,209.846,62.279,0,892.935
676.000,7,46.913,5.110,40.247,3.090,6.483,26.947,67.421,0,742.733
677.000,7,35.001,4.957,37.054,3.046,8.632,299.239,25.066,0,691.318
678.000,7,46.370,5.044,38.679,2.892,7.461,82.776,28.094,0,680.282
679.000,7,43.071,4.984,34.847,4.965,5.382,316.825,70.781,1,474.104
680.000,7,41.295,4.876,40.621,2.933,6.198,39.885,72.636,0,638.767
681.000,7,48.517,5.057,38.419,3.447,7.661,157.971,28.106,1,529.528
682.000,7,41.237,4.859,38.851,3.849,10.597,0.000,20.875,1,474.232
683.000,7,45.787,5.013,38.029,3.051,9.134,121.061,68.377,0,737.973
684.000,7,48.208,5.137,37.327,4.624,6.762,17.948,27.177,1,579.574
685.000,7,50.480,4.968,36.720,2.979,7.034,107.441,53.262,1,701.292
686.000,7,35.785,5.042,38.122,4.662,10.194,302.140,59.974,0,834.356
687.000,7,45.867,5.279,39.219,4.363,6.596,484.064,77.259,1,542.714
688.000,7,47.252,4.887,38.703,3.357,7.219,80.836,64.682,0,762.904
689.000,7,56.252,4.900,39.841,5.288,6.580,299.261,34.829,1,527.327
690.000,7,45.143,4.873,39.377,3.191,5.695,349.359,55.793,0,712.379
691.000,7,40.416,5.167,36.412,3.229,4.011,141.682,37.182,0,622.197
692.000,7,50.068,5.343,36.139,3.579,10.799,139.598,79.167,1,381.228
693.000,7,44.726,4.876,34.604,5.498,3.913,113.697,43.283,1,719.861
694.000,7,40.502,5.032,37.234,3.946,6.621,513.015,43.650,1,456.593
695.000,7,54.050,4.868,35.896,3.104,8.300,521.288,48.269,0,633.000
696.000,7,44.113,4.857,38.297,3.229,5.442,224.654,55.001,0,612.801
697.000,7,49.310,5.306,37.959,2.946,6.633,471.678,54.850,1,503.758
698.000,7,51.371,5.000,37.386,2.842,8.790,376.808,70.706,0,672.197
699.000,7,52.417,4.868,34.785,3.123,5.897,418.336,62.354,0,719.174
700.000,7,42.729,5.028,38.639,3.626,9.554,57.750,18.633,0,723.302
701.000,7,47.543,5.072,41.339,4.798,5.363,261.017,36.671,1,707.465
702.000,7,46.366,4.988,40.545,3.192,3.303,149.815,32.480,0,550.190
703.000,7,41.686,5.044,40.947,3.834,10.206,294.564,36.142,0,809.972
704.000,7,43.089,5.011,44.411,2.969,7.445,114.664,25.670,0,689.980
705.000,7,40.761,5.203,34.197,3.976,8.566,246.686,24.660,1,333.083
706.000,7,43.021,5.198,34.428,3.094,5.103,252.156,39.881,0,641.796
707.000,7,43.931,4.812,39.412,3.568,4.369,481.841,76.446,1,451.998
708.000,7,56.827,5.179,37.663,3.278,5.323,426.113,30.062,0,504.856
709.000,7,43.430,4.801,40.348,3.997,7.214,99.761,53.704,0,445.781
710.000,7,40.642,4.965,38.742,3.281,5.372,490.002,63.099,1,699.210
711.000,7,48.760,5.351,37.341,3.681,5.629,375.391,78.498,1,604.754
712.000,7,36.310,4.962,35.696,3.454,7.916,357.691,52.799,0,554.881
713.000,7,37.644,5.099,35.833,3.639,4.889,170.562,55.965,1,345.359
714.000,7,50.592,5.000,39.543,3.606,8.017,105.826,19.316,0,518.885
715.000,7,44.585,4.892,36.194,4.180,5.329,346.179,23.985,0,400.843
716.000,7,47.947,5.057,37.168,3.011,4.634,513.396,14.030,0,739.137
717.000,7,46.447,5.203,40.558,4.516,7.848,564.511,34.624,0,787.556
718.000,7,41.076,5.060,38.116,2.978,10.021,139.484,46.197,0,598.416
719.000,7,40.285,4.816,43.377,4.257,8.235,187.631,45.377,1,379.859
720.000,7,54.464,5.159,39.490,4.423,5.300,246.054,19.841,0,619.467
721.000,7,47.052,4.916,38.342,3.223,8.459,491.107,67.976,1,965.904
722.000,7,44.711,5.108,35.295,2.979,6.340,154.293,49.469,0,812.314
723.000,7,44.688,4.935,35.901,3.140,8.426,549.629,33.885,1,849.531
724.000,7,48.589,4.918,36.696,3.523,4.543,376.542,31.767,0,684.921
725.000,7,49.634,4.668,36.645,3.609,6.531,102.595,77.822,0,521.912
726.000,7,46.753,5.007,40.981,4.772,7.769,70.966,64.932,1,429.970
727.000,7,58.568,4.856,35.833,4.301,8.685,361.047,15.365,1,589.748
728.000,7,45.345,5.040,35.892,3.465,7.205,239.227,76.483,0,524.612
729.000,7,46.714,5.039,35.531,3.883,6.285,465.676,48.704,1,484.548
730.000,7,39.796,5.146,36.933,3.013,7.454,238.709,33.063,0,705.563
731.000,7,46.908,4.880,37.899,4.247,6.745,473.623,22.489,1,458.283
732.000,7,47.003,5.047,41.113,2.910,5.889,193.989,72.789,0,321.215
733.000,7,50.080,4.963,41.763,3.432,8.694,176.892,62.575,1,414.703
734.000,7,47.837,5.051,36.382,4.165,8.514,553.007,30.226,1,408.685
735.000,7,43.059,4.737,39.173,3.763,7.928,413.687,49.319,1,624.391
736.000,7,39.788,4.688,38.104,2.943,7.575,585.012,25.492,0,618.561
737.000,7,36.757,4.880,38.311,3.792,7.716,126.074,35.728,0,652.119
738.000,7,49.847,4.890,39.754,3.591,7.375,123.098,44.074,0,481.490
739.000,7,48.166,5.178,38.669,3.525,6.077,517.202,20.244,0,831.578
740.000,7,52.776,5.014,39.691,3.466,8.824,493.239,79.875,1,735.607
741.000,7,46.586,4.985,34.505,4.547,6.051,270.885,19.120,1,357.500
742.000,7,41.626,5.101,34.021,3.082,9.537,427.408,21.786,1,192.439
743.000,7,41.886,5.140,35.819,3.505,8.588,278.970,21.551,1,404.127
744.000,7,41.515,4.966,37.106,4.848,8.687,584.911,65.166,1,366.293
745.000,7,52.517,5.040,37.911,3.445,8.196,83.278,39.917,0,654.011
746.000,7,51.104,5.040,36.431,3.511,9.433,319.007,53.587,0,841.581
747.000,7,45.845,4.853,35.647,6.068,10.387,417.117,14.107,1,557.035
748.000,7,34.737,5.275,34.143,3.515,7.706,275.104,22.235,1,528.268
749.000,7,41.187,5.233,35.870,4.048,8.621,104.235,60.647,0,648.927
750.000,7,41.802,5.284,34.480,3.342,6.928,269.662,67.762,1,262.467
751.000,7,48.292,4.842,34.561,2.967,5.140,69.103,20.890,0,390.262
752.000,7,40.115,4.982,35.519,3.821,8.927,174.208,36.573,1,730.712
753.000,7,42.316,4.887,38.792,2.989,6.615,506.514,10.880,0,609.741
754.000,7,42.306,5.171,37.480,3.314,8.646,365.263,66.314,1,541.311
755.000,7,54.139,4.882,36.079,3.509,7.784,506.034,61.004,1,583.390
756.000,7,44.851,5.011,38.335,6.074,7.200,179.836,49.980,1,723.797
757.000,7,48.852,5.218,35.582,3.289,3.434,543.704,37.541,1,216.488
758.000,7,43.435,4.980,34.895,3.135,5.720,521.080,59.901,0,829.940
759.000,7,43.389,4.990,36.799,3.462,7.342,105.362,79.741,0,625.384
760.000,7,46.912,5.166,39.817,3.447,7.319,571.490,24.717,0,635.678
761.000,7,41.965,5.188,36.279,3.615,6.648,250.188,41.306,0,693.831
762.000,7,45.096,4.755,33.739,3.069,6.998,331.168,38.166,1,312.302
763.000,7,41.033,4.904,39.916,3.214,4.740,367.156,33.269,0,634.696
764.000,7,41.501,5.081,36.277,3.608,6.824,424.084,77.917,0,667.834
765.000,7,44.760,4.982,35.210,3.822,6.835,115.692,39.518,0,565.938
766.000,7,44.094,5.011,37.148,3.867,7.255,551.352,21.390,1,580.344
767.000,7,44.558,4.930,34.929,3.158,8.764,183.763,34.572,0,566.679
768.000,7,43.391,4.886,37.203,3.241,8.125,130.740,75.907,0,351.325
769.000,7,47.857,4.741,39.520,3.381,7.701,465.828,14.415,1,398.088
770.000,7,48.013,5.110,35.390,3.803,7.261,538.964,57.069,1,451.476
771.000,7,40.036,4.950,36.121,3.361,7.434,359.708,79.956,0,522.883
772.000,7,43.243,5.333,36.692,4.255,7.727,476.284,30.634,1,556.296
773.000,7,42.314,4.888,36.912,3.706,6.803,293.644,11.546,0,535.464
774.000,7,40.245,5.071,37.222,4.341,5.719,283.911,16.948,0,429.785
775.000,7,50.785,5.116,37.687,3.316,5.864,319.408,65.576,0,460.166
776.000,7,42.740,5.224,36.938,3.535,9.071,318.855,67.853,1,479.078
777.000,7,40.641,4.968,35.170,3.518,7.940,582.137,10.406,1,317.643
778.000,7,49.638,5.381,39.417,5.593,8.930,578.559,64.300,1,790.571
779.000,7,42.572,4.993,37.614,4.061,7.116,599.357,77.600,0,823.213
780.000,7,40.048,5.297,41.483,3.249,10.116,126.982,40.013,1,571.815
781.000,7,45.715,4.842,41.983,3.981,7.792,483.979,61.640,0,564.256
782.000,7,41.381,5.153,35.306,3.779,10.058,226.651,38.583,1,606.554
783.000,7,38.700,5.106,42.320,3.679,6.360,274.941,57.645,0,641.425
784.000,7,42.600,4.810,37.352,4.311,8.484,328.671,46.721,0,307.348
785.000,7,44.722,4.869,35.889,3.442,7.846,119.781,73.297,0,512.148
786.000,7,39.270,4.836,35.494,3.687,8.029,115.956,76.455,1,582.442
787.000,7,54.823,4.974,37.705,4.480,8.764,254.541,17.577,0,686.127
788.000,7,58.613,4.780,34.710,4.795,8.892,127.122,67.242,0,300.989
789.000,7,33.471,5.181,38.046,4.468,8.318,183.510,66.856,0,273.189
790.000,7,35.482,4.957,36.439,4.670,4.450,446.160,13.982,1,638.404
791.000,7,37.585,5.096,36.544,3.838,9.365,141.392,78.090,1,421.936
792.000,7,47.930,4.910,39.769,3.233,5.868,185.141,30.637,0,754.970
793.000,7,49.153,4.849,34.115,3.260,6.625,205.336,33.187,1,437.512
794.000,7,41.818,4.840,35.439,3.916,6.932,565.738,31.672,1,520.256
795.000,7,42.089,5.078,40.137,3.225,7.258,160.293,28.671,0,753.035
796.000,7,40.885,5.166,34.583,4.174,9.658,483.056,17.431,1,668.033
797.000,7,44.821,4.969,34.890,4.688,10.125,294.525,48.779,1,417.982
798.000,7,37.685,4.947,39.963,5.059,7.205,119.531,27.612,1,505.588
799.000,7,37.935,5.077,35.654,3.794,5.597,300.497,12.248,0,638.471
800.000,7,36.731,4.925,40.979,4.441,9.756,470.967,40.725,1,206.951
801.000,7,41.446,4.959,33.847,3.271,5.041,390.506,53.913,1,519.582
802.000,7,46.553,5.004,38.280,3.662,8.170,528.343,38.570,0,599.889
803.000,7,50.689,5.010,33.999,4.727,7.213,365.661,50.316,0,770.366
804.000,7,39.896,5.003,38.467,4.382,11.157,143.756,21.245,0,668.063
805.000,7,54.478,4.889,35.926,3.749,6.489,329.507,67.926,0,598.437
806.000,7,37.759,4.924,40.749,4.657,9.438,565.152,28.166,1,471.871
807.000,7,50.010,4.836,36.118,3.350,9.449,606.357,61.568,0,446.135
808.000,7,48.480,4.787,37.822,4.313,7.483,140.117,66.532,0,612.877
809.000,7,46.150,5.013,40.545,3.614,7.744,558.131,39.981,0,572.594
810.000,7,36.034,4.909,39.550,3.584,9.260,282.598,34.287,0,412.424
811.000,7,47.293,4.730,36.200,4.032,10.472,591.360,44.238,1,598.442
812.000,7,49.172,5.234,33.485,4.527,7.432,425.255,64.768,1,261.665
813.000,7,46.926,4.994,33.943,4.343,5.622,445.075,35.374,1,653.202
814.000,7,41.579,4.743,32.195,4.077,5.110,518.766,16.869,1,541.420
815.000,7,45.796,4.894,33.244,3.584,6.126,594.007,49.883,1,140.439
816.000,7,43.700,5.266,40.953,3.266,8.596,195.646,52.968,1,650.965
817.000,7,37.251,5.029,36.777,4.401,8.216,569.684,79.611,0,311.948
818.000,7,44.127,4.960,36.384,3.358,5.711,352.574,30.731,0,682.050
819.000,7,44.565,4.901,29.470,4.517,8.556,217.576,26.567,1,97.181
820.000,7,45.799,4.997,37.669,3.279,8.163,663.414,30.534,1,407.902
821.000,7,43.664,4.979,37.312,3.521,7.158,572.597,21.150,1,460.317
822.000,7,36.893,4.856,30.042,3.333,7.238,658.304,47.967,1,469.236
823.000,7,43.127,4.961,32.190,3.968,8.596,574.698,51.855,0,488.947
824.000,7,53.221,4.973,35.919,3.741,7.441,416.179,16.957,1,435.025
825.000,7,40.735,4.817,35.803,4.308,7.955,387.917,53.120,1,158.176
826.000,7,45.739,5.103,36.196,3.754,8.196,425.038,24.950,0,384.686
827.000,7,58.188,4.841,39.203,4.102,9.051,285.274,61.234,1,189.398
828.000,7,39.735,5.167,34.414,4.339,6.978,282.826,11.999,1,402.474
829.000,7,41.948,4.806,37.122,4.768,5.499,153.052,26.006,1,592.793
830.000,7,46.431,4.903,39.018,3.478,7.027,539.485,69.541,0,686.695
831.000,7,38.389,4.973,37.113,3.939,7.173,528.460,28.707,1,452.062
832.000,7,50.636,4.999,35.133,3.572,8.768,628.995,18.881,0,588.798
833.000,7,45.610,4.886,37.778,4.455,9.038,332.781,52.488,1,647.075
834.000,7,41.004,4.749,29.619,4.178,6.897,518.194,57.641,1,234.762
835.000,7,47.165,4.953,31.404,4.418,10.067,303.614,13.352,1,482.785
836.000,7,50.226,5.074,39.773,3.676,6.255,213.917,30.196,1,480.599
837.000,7,42.821,4.996,33.916,6.057,8.972,341.804,25.451,1,354.270
838.000,7,48.186,5.112,35.991,3.610,5.506,566.443,62.888,1,612.458
839.000,7,53.623,4.998,40.443,3.252,7.691,563.180,19.721,0,496.815
840.000,7,54.930,5.007,36.769,5.580,8.644,457.550,76.164,1,509.730
841.000,7,48.887,4.869,31.600,4.873,8.526,351.056,51.769,1,121.316
842.000,7,47.791,4.991,41.302,4.492,7.965,336.571,22.273,1,672.822
843.000,7,44.391,5.217,37.314,4.309,8.592,316.304,15.737,1,217.847
844.000,7,48.525,5.008,32.393,3.887,7.110,590.013,34.427,1,469.049
845.000,7,38.693,4.935,29.971,3.738,8.831,385.047,69.341,1,213.205
846.000,7,49.556,4.808,34.493,3.975,5.963,475.149,31.523,0,459.756
847.000,7,47.916,4.954,33.859,3.578,8.325,290.746,28.203,1,644.231
848.000,7,44.848,5.272,30.915,3.756,6.499,322.674,12.195,1,315.133
849.000,7,55.404,4.853,33.415,3.355,7.184,158.158,62.461,1,388.178
850.000,7,47.297,4.895,36.283,4.760,7.417,341.639,75.602,1,290.436
851.000,7,48.532,4.967,38.842,3.698,6.236,167.998,41.025,0,981.057
852.000,7,50.453,5.265,37.661,3.515,9.148,330.747,19.615,1,446.308
853.000,7,42.488,4.882,37.467,4.132,8.715,667.748,53.353,0,756.903
854.000,7,40.552,5.270,31.817,3.715,9.993,445.985,56.814,1,175.951
855.000,7,48.195,5.005,38.531,4.265,4.336,508.830,20.245,0,504.923
856.000,7,48.820,5.208,30.786,3.376,6.778,249.907,34.382,1,445.931
857.000,7,42.043,5.223,36.911,3.585,6.291,627.611,42.727,1,575.545
858.000,7,45.901,5.185,34.172,4.679,9.404,705.490,70.322,1,226.763
859.000,7,45.301,4.848,34.859,3.751,6.631,466.723,21.749,1,649.835
860.000,7,38.070,5.237,34.497,5.337,7.400,250.240,46.681,0,447.600
861.000,7,43.261,5.141,35.619,3.669,8.296,184.946,24.064,1,377.384
862.000,7,41.551,4.947,39.513,3.327,9.383,615.670,43.990,0,259.096
863.000,7,47.066,4.965,33.533,3.318,7.867,201.020,69.223,1,303.336
864.000,7,47.952,4.919,37.410,5.879,5.372,471.912,36.052,1,423.423
865.000,7,42.366,5.204,41.273,3.493,10.169,670.997,46.507,1,575.803
866.000,7,39.760,4.985,34.245,4.742,7.815,439.624,64.803,1,605.360
867.000,7,57.190,5.038,34.494,3.334,7.390,226.652,24.524,0,308.866
868.000,7,49.061,5.189,34.360,3.671,6.575,667.005,41.512,1,234.292
869.000,7,51.594,5.045,38.984,4.625,9.594,526.544,68.379,1,355.534
870.000,7,36.545,5.040,32.348,3.919,4.185,385.340,34.012,1,411.296
871.000,7,49.612,4.976,31.042,3.422,9.020,618.004,37.303,1,75.212
872.000,7,51.564,4.951,34.512,3.983,6.846,355.741,37.033,1,504.625
873.000,7,43.175,5.006,32.370,4.098,9.079,420.564,30.150,1,424.088
874.000,7,45.480,5.049,36.773,3.773,7.896,283.223,49.616,1,582.951
875.000,7,45.512,4.779,34.393,3.928,5.209,559.239,63.849,1,421.105
876.000,7,53.771,4.978,33.634,4.540,2.360,545.679,60.013,1,491.510
877.000,7,49.340,5.204,35.061,3.582,4.726,216.587,32.352,0,439.095
878.000,7,45.407,5.166,33.453,4.211,10.123,448.133,19.970,0,170.921
879.000,7,43.389,4.974,37.380,4.640,8.400,620.033,29.643,1,481.061
880.000,7,56.080,5.112,36.309,3.466,4.711,607.665,23.117,0,546.336
881.000,7,48.933,5.088,38.043,4.342,8.258,407.138,47.215,1,521.066
882.000,7,44.687,5.027,35.715,4.742,8.434,645.659,30.265,1,385.266
883.000,7,45.203,5.041,37.115,3.664,7.015,295.464,76.620,1,669.953
884.000,7,45.564,4.898,38.708,4.278,9.078,668.753,18.481,0,319.093
885.000,7,48.460,4.965,33.335,5.487,6.076,616.867,51.930,1,404.060
886.000,7,48.038,5.163,34.523,5.004,6.505,553.485,78.883,1,368.886
887.000,7,44.151,5.015,33.889,3.663,6.939,473.352,50.627,1,419.818
888.000,7,45.699,4.996,35.253,3.538,8.200,312.501,45.968,1,779.536
889.000,7,45.548,4.756,35.207,5.604,9.221,360.910,74.037,1,101.770
890.000,7,50.245,4.974,35.257,4.049,9.267,221.097,26.176,1,483.829
891.000,7,41.497,5.238,38.151,4.665,9.275,569.207,57.258,1,571.117
892.000,7,45.039,5.103,35.898,4.422,6.068,297.081,10.403,0,664.579
893.000,7,56.727,5.042,38.310,3.432,6.863,679.997,25.445,0,527.252
894.000,7,40.644,4.894,34.625,3.594,8.688,229.719,14.916,0,317.304
895.000,7,45.134,5.166,37.171,3.551,7.367,511.632,56.966,0,486.582
896.000,7,56.340,5.146,33.293,4.766,9.908,314.452,54.639,1,329.137
897.000,7,38.251,4.919,34.213,4.665,8.376,653.358,70.867,1,150.021
898.000,7,46.360,4.697,32.435,4.504,8.700,212.174,21.186,1,0.000
899.000,7,48.282,4.883,36.747,3.484,9.162,746.264,16.968,0,467.987
900.000,7,51.082,5.038,35.223,3.465,11.223,224.707,16.371,0,485.790
901.000,7,38.841,4.935,32.699,3.680,7.723,425.232,26.544,0,420.796
902.000,7,52.292,4.846,35.430,3.704,7.497,668.560,15.830,1,349.345
903.000,7,53.413,5.085,37.830,3.661,8.572,207.313,28.830,1,715.346
904.000,7,36.847,5.068,36.437,3.842,7.114,548.333,72.435,0,569.564
905.000,7,49.613,4.987,33.338,3.568,10.189,724.223,70.757,1,629.500
906.000,7,56.907,5.078,39.341,4.905,6.948,468.263,41.892,1,551.868
907.000,7,41.456,4.932,36.535,3.831,5.294,754.335,44.746,1,515.841
908.000,7,46.721,5.029,33.983,4.068,6.620,757.378,43.253,0,252.638
909.000,7,38.024,4.875,34.933,5.299,8.170,693.714,28.609,1,364.232
910.000,7,48.915,5.113,38.636,5.656,7.914,227.679,73.503,0,255.615
911.000,7,54.373,5.044,38.409,4.044,6.314,519.049,58.604,0,495.914
912.000,7,45.063,4.713,39.325,3.979,6.191,628.288,66.101,1,475.623
913.000,7,44.177,5.006,33.453,4.808,6.262,452.796,46.979,0,567.738
914.000,7,43.071,5.145,35.406,4.466,8.511,326.545,18.791,0,400.906
915.000,7,48.919,4.949,34.437,4.167,7.234,701.834,37.434,1,492.812
916.000,7,41.146,5.283,35.107,3.449,9.361,257.039,47.158,0,369.282
917.000,7,52.869,4.911,32.106,3.683,10.231,367.219,61.411,0,289.335
918.000,7,37.726,4.923,40.814,4.846,7.544,582.789,26.724,1,392.967
919.000,7,43.787,5.113,36.619,4.198,8.991,738.700,26.243,1,450.310
920.000,7,52.716,4.911,35.977,4.244,9.745,373.985,12.977,1,692.657
921.000,7,34.329,4.999,34.361,3.818,8.204,689.514,30.127,0,424.922
922.000,7,43.265,5.002,35.955,3.830,8.520,505.124,66.744,0,427.758
923.000,7,49.200,5.127,32.823,3.514,6.378,225.209,53.475,0,43.021
924.000,7,48.273,4.880,32.314,4.108,5.244,372.588,35.563,1,156.374
925.000,7,51.602,5.102,35.433,3.879,7.237,428.762,78.437,1,708.600
926.000,7,39.195,5.253,33.119,5.444,8.576,580.416,67.647,1,400.908
927.000,7,52.735,5.003,35.191,4.581,10.877,356.080,54.878,1,764.752
928.000,7,51.890,5.036,37.257,5.249,5.966,403.466,19.180,0,427.409
929.000,7,33.749,5.032,36.254,4.486,11.001,294.088,43.025,1,422.929
930.000,7,39.251,5.059,33.574,5.075,5.558,338.611,76.007,1,171.401
931.000,7,45.143,4.999,38.747,3.644,8.612,662.734,19.903,0,677.867
932.000,7,43.892,5.077,34.058,4.330,8.212,403.373,55.929,1,527.949
933.000,7,44.813,5.275,39.118,3.959,5.481,649.032,17.717,1,434.185
934.000,7,48.764,4.799,37.501,3.965,9.226,563.938,50.242,1,433.558
935.000,7,58.375,5.035,38.000,4.885,9.561,401.860,66.778,1,233.846
936.000,7,47.766,4.793,34.329,3.709,8.051,242.916,21.251,1,444.626
937.000,7,38.103,5.138,37.203,3.862,6.165,530.958,77.198,0,568.530
938.000,7,46.657,4.836,39.812,3.628,8.833,398.567,72.902,0,722.723
939.000,7,38.343,4.957,34.324,4.376,5.271,702.386,67.972,0,328.442
940.000,7,46.334,5.240,38.175,3.939,7.105,314.226,65.571,0,157.434
941.000,7,56.171,5.139,38.309,3.815,8.174,530.132,35.652,1,408.508
942.000,7,52.024,5.011,30.716,3.797,6.679,670.550,39.012,1,369.273
943.000,7,46.515,4.946,32.319,4.360,9.662,734.801,37.492,1,410.033
944.000,7,46.126,4.912,34.116,4.746,8.331,622.534,39.591,1,376.600
945.000,7,54.803,4.974,35.283,4.069,8.503,328.519,62.254,0,463.437
946.000,7,49.999,4.969,30.126,4.735,7.449,339.635,10.323,1,48.755
947.000,7,35.725,5.199,36.182,3.575,7.309,462.184,18.129,0,598.167
948.000,7,52.257,4.868,36.204,3.695,10.578,500.515,52.396,1,417.038
949.000,7,49.402,4.925,35.013,4.340,7.851,304.610,45.294,1,284.322
950.000,7,40.592,4.909,32.009,5.694,9.022,615.798,64.101,1,33.440
951.000,7,38.792,5.236,36.370,4.472,9.429,786.177,69.255,1,397.691
952.000,7,48.659,4.688,32.153,4.469,10.920,671.176,66.205,1,323.057
953.000,7,51.164,4.920,36.094,4.985,10.582,646.155,61.282,0,169.762
954.000,7,47.723,5.147,34.514,3.692,5.835,374.552,44.641,1,389.025
955.000,7,45.616,4.800,32.366,5.096,6.699,391.886,67.748,1,125.055
956.000,7,43.099,4.837,33.380,3.736,6.830,385.066,59.204,1,383.030
957.000,7,48.811,4.877,33.424,4.387,7.217,581.611,66.895,1,485.537
958.000,7,45.075,5.264,35.574,3.897,8.243,263.879,77.319,1,422.548
959.000,7,49.212,5.128,35.070,4.549,9.417,302.877,10.096,0,170.003
960.000,7,54.355,4.871,35.773,4.086,9.361,385.685,69.905,1,320.699
961.000,7,36.497,4.939,32.946,4.288,7.005,405.410,50.533,1,547.780
962.000,7,35.852,5.108,41.679,3.664,6.293,398.299,51.953,0,473.033
963.000,7,44.121,4.795,31.535,3.970,7.398,488.869,62.913,1,85.944
964.000,7,45.594,5.081,30.047,6.303,5.832,374.103,29.621,1,36.123
965.000,7,43.663,5.166,36.028,4.339,7.695,438.137,30.682,1,346.532
966.000,7,53.486,4.980,34.557,4.129,9.399,814.747,73.037,1,356.525
967.000,7,33.175,4.935,32.082,3.614,7.021,761.536,27.348,1,449.947
968.000,7,51.219,4.812,33.790,4.845,6.041,640.033,43.605,1,443.477
969.000,7,42.456,5.103,35.263,5.016,9.905,290.746,64.764,1,92.896
970.000,7,43.387,5.112,37.203,4.582,9.231,349.172,31.022,1,194.779
971.000,7,41.651,5.005,36.140,4.454,9.559,568.928,61.995,0,350.204
972.000,7,45.135,5.431,34.712,4.256,9.221,459.319,35.117,1,232.890
973.000,7,52.190,4.947,33.497,4.296,6.186,647.017,45.412,1,293.221
974.000,7,38.074,4.986,31.566,4.037,9.495,501.290,68.252,1,87.300
975.000,7,49.679,4.999,30.873,4.199,7.082,653.213,56.666,1,337.294
976.000,7,46.527,4.784,32.171,3.635,8.175,343.578,74.895,1,284.349
977.000,7,42.843,4.864,37.006,3.845,8.596,752.137,20.875,1,331.413
978.000,7,50.234,5.090,37.859,3.888,8.138,765.154,70.489,0,487.279
979.000,7,52.220,4.823,37.525,7.301,7.269,342.510,14.568,1,529.703
980.000,7,41.847,5.065,40.760,4.288,11.793,450.149,15.058,1,413.066
981.000,7,54.673,4.677,32.798,3.950,4.354,592.740,66.554,1,282.420
982.000,7,46.269,5.024,31.480,4.357,7.614,538.229,68.489,1,34.347
983.000,7,35.684,5.046,32.074,3.896,9.803,516.153,77.974,1,321.774
984.000,7,32.401,5.068,33.824,6.240,9.361,714.253,45.979,1,432.293
985.000,7,51.534,4.999,37.057,5.175,7.964,574.752,56.268,1,74.879
986.000,7,42.834,5.031,30.747,3.672,8.973,343.734,18.372,1,84.055
987.000,7,50.970,4.990,35.148,3.762,7.140,633.366,31.241,1,374.338
988.000,7,37.097,5.082,32.641,5.360,8.127,806.714,18.839,1,102.608
989.000,7,45.137,4.973,35.079,3.749,8.661,426.742,38.365,1,343.658
990.000,7,34.656,5.325,36.129,3.957,5.647,798.032,59.744,1,288.138
991.000,7,55.576,4.864,35.033,3.845,10.353,298.042,50.388,0,302.203
992.000,7,51.242,4.829,36.017,3.720,6.832,598.990,41.986,1,397.297
993.000,7,51.410,4.592,32.377,4.298,7.037,414.077,19.410,1,280.229
994.000,7,39.732,4.904,36.895,3.918,6.709,760.428,66.916,0,556.575
995.000,7,46.100,4.958,33.615,4.542,8.124,311.563,40.957,1,364.688
996.000,7,42.810,5.032,30.501,4.214,8.130,428.830,35.417,1,384.873
997.000,7,44.605,5.130,30.961,5.967,8.396,422.878,71.040,1,47.203
998.000,7,42.960,5.094,31.956,3.916,8.542,761.486,69.757,1,450.055
999.000,7,47.575,4.823,37.246,5.343,7.518,751.835,57.925,0,370.587
0.000,8,47.753,4.939,43.422,3.153,4.364,0.000,75.925,0,1255.362
1.000,8,46.133,5.094,46.815,2.904,6.306,0.000,61.030,0,900.426
2.000,8,44.507,4.889,46.666,2.370,5.151,0.000,58.401,0,852.041
3.000,8,44.483,5.108,44.918,1.010,7.494,0.000,61.331,0,1004.126
4.000,8,44.889,5.152,43.212,0.920,8.212,0.000,54.663,1,1204.722
5.000,8,43.145,4.946,44.591,1.397,6.239,0.000,64.631,0,923.884
6.000,8,47.412,4.923,46.954,1.021,6.816,0.000,70.037,0,1248.295
7.000,8,48.982,4.946,41.179,2.356,7.330,0.000,74.043,0,1134.096
8.000,8,39.069,5.152,45.006,1.369,6.123,0.000,66.593,0,1197.540
9.000,8,42.535,5.017,43.335,1.461,4.275,0.000,52.680,0,1269.763
10.000,8,44.307,4.754,43.491,2.231,4.755,0.000,56.748,0,910.126
11.000,8,45.006,4.738,48.415,2.568,5.068,0.000,36.606,0,939.531
12.000,8,50.506,5.255,47.471,1.600,6.950,0.000,46.922,0,1170.251
13.000,8,41.953,5.016,43.563,2.669,4.623,0.000,58.150,0,918.215
14.000,8,47.023,4.921,43.235,0.793,7.298,0.000,23.212,0,1336.409
15.000,8,47.773,5.054,46.541,3.322,3.650,0.000,56.279,0,1064.713
16.000,8,43.527,4.747,47.424,1.652,2.378,0.000,35.817,0,891.822
17.000,8,48.677,4.882,41.316,1.927,4.761,0.000,58.917,1,1089.018
18.000,8,46.900,5.233,42.861,0.789,4.562,0.000,59.444,0,1152.733
19.000,8,51.922,4.991,41.644,1.844,6.779,0.000,71.050,0,1265.583
20.000,8,48.239,4.633,42.047,1.753,4.499,0.000,72.570,0,1081.664
21.000,8,38.196,5.079,48.299,1.619,7.811,0.000,12.306,1,972.979
22.000,8,47.196,4.975,45.075,1.152,5.859,0.000,35.313,0,1256.333
23.000,8,46.673,4.835,42.502,1.532,6.282,0.000,35.299,1,1063.320
24.000,8,47.795,5.195,49.396,1.507,4.086,0.000,17.612,1,1055.603
25.000,8,46.205,4.970,44.781,1.429,5.251,0.000,62.990,0,1238.751
26.000,8,47.535,5.040,46.166,3.559,3.941,0.000,37.405,0,1247.065
27.000,8,49.092,4.835,48.981,0.880,3.987,0.000,48.076,0,918.111
28.000,8,40.110,5.101,46.177,1.582,5.044,0.000,18.499,0,1139.394
29.000,8,39.154,5.066,45.575,1.232,5.704,0.000,64.678,1,737.508
30.000,8,32.901,4.827,46.765,1.817,3.421,0.000,67.324,1,1232.030
31.000,8,42.384,4.982,44.974,0.861,3.299,0.000,62.411,0,1011.880
32.000,8,37.546,5.124,42.093,1.474,4.530,0.000,47.939,0,1124.369
33.000,8,43.453,5.025,46.865,2.024,3.052,0.000,41.718,0,1111.183
34.000,8,48.515,4.828,45.884,2.116,7.493,0.000,33.236,0,781.769
35.000,8,46.366,4.995,43.675,2.234,6.470,0.000,24.531,0,888.322
36.000,8,38.152,4.868,47.940,1.437,10.150,0.000,67.235,1,951.882
37.000,8,36.251,4.953,41.601,1.639,3.734,0.000,58.153,1,1100.576
38.000,8,48.615,5.009,44.615,1.894,4.256,0.000,11.557,1,924.765
39.000,8,51.553,5.302,45.373,1.724,8.064,0.000,36.125,0,769.955
40.000,8,52.195,4.963,46.288,1.111,5.436,0.000,19.770,1,903.692
41.000,8,47.998,5.194,47.015,2.128,2.206,0.000,35.043,0,1067.744
42.000,8,31.646,5.188,47.184,1.459,6.060,0.000,13.603,0,1405.027
43.000,8,40.782,5.197,39.728,1.486,3.606,0.000,38.776,0,881.295
44.000,8,48.597,4.872,47.333,2.042,4.029,0.000,41.771,0,1035.912
45.000,8,38.811,4.899,45.836,0.955,7.235,0.000,53.222,0,1301.725
46.000,8,56.629,5.042,45.198,1.712,3.184,0.000,31.084,0,875.429
47.000,8,49.309,4.791,47.069,1.995,5.148,0.000,39.672,1,1218.929
48.000,8,42.073,4.862,39.241,0.848,4.797,0.000,51.960,0,1163.961
49.000,8,46.779,5.037,44.732,2.311,5.218,0.000,73.485,0,996.613
50.000,8,49.586,4.696,42.584,1.315,9.872,0.000,38.521,0,1043.660
51.000,8,48.632,5.185,44.660,0.940,5.357,0.000,51.049,0,893.954
52.000,8,53.442,4.919,42.878,3.321,7.495,0.000,65.980,1,934.075
53.000,8,46.318,5.163,43.909,2.588,2.183,0.000,31.300,0,1080.194
54.000,8,46.705,5.043,44.455,2.870,2.548,0.000,26.377,1,818.413
55.000,8,40.733,5.002,49.559,2.208,4.664,0.000,64.022,0,856.289
56.000,8,47.423,4.621,45.532,2.115,6.333,0.000,49.238,0,1188.833
57.000,8,44.207,4.995,41.561,1.774,4.448,0.000,78.835,0,1066.459
58.000,8,44.894,5.023,44.982,0.988,5.974,0.000,30.068,1,1150.864
59.000,8,43.684,5.176,43.027,1.212,9.250,0.000,76.859,0,1212.234
60.000,8,49.601,4.842,47.936,1.385,6.163,0.000,62.448,0,1118.027
61.000,8,39.759,5.070,45.950,0.914,8.536,0.000,54.852,0,765.923
62.000,8,46.381,5.179,48.131,1.403,3.118,0.000,44.181,0,1002.966
63.000,8,48.742,5.067,44.613,1.062,5.186,0.000,27.073,0,1227.855
64.000,8,42.954,4.793,46.254,1.617,4.646,0.000,41.013,0,918.914
65.000,8,43.518,4.878,45.791,1.131,5.514,0.000,32.295,0,1185.963
66.000,8,52.333,5.050,45.372,1.002,3.469,0.000,48.945,1,1045.762
67.000,8,45.927,4.795,41.419,1.384,6.331,0.000,48.522,0,955.971
68.000,8,47.420,5.211,46.359,1.112,3.988,0.000,61.376,0,1210.252
69.000,8,51.539,4.888,44.517,1.353,6.413,0.000,40.276,0,967.334
70.000,8,41.728,5.140,43.025,1.791,9.085,0.000,67.297,0,999.856
71.000,8,51.184,4.777,46.755,1.510,2.651,0.000,49.287,0,1279.348
72.000,8,52.970,4.893,45.072,1.042,3.913,0.000,11.118,0,705.917
73.000,8,35.164,4.985,44.361,1.563,5.446,0.000,16.984,0,1111.366
74.000,8,46.929,5.183,44.336,2.189,4.171,0.000,50.111,0,996.445
75.000,8,51.901,4.790,46.140,2.689,2.242,0.000,50.057,0,821.668
76.000,8,40.888,5.111,42.546,1.158,3.738,0.000,77.502,0,1164.895
77.000,8,52.151,5.078,45.199,3.570,3.393,0.000,41.524,0,1155.864
78.000,8,42.004,5.080,44.671,1.716,7.246,0.000,77.667,0,986.776
79.000,8,35.974,4.995,46.915,1.634,7.000,0.000,43.991,0,776.706
80.000,8,44.088,4.925,49.478,1.115,5.171,0.000,48.426,1,1061.075
81.000,8,43.833,4.839,41.877,1.514,5.168,0.000,69.659,0,1051.786
82.000,8,40.688,5.065,45.126,2.292,2.845,0.000,20.023,1,1048.878
83.000,8,44.368,5.118,45.546,1.601,5.425,0.000,27.886,0,1202.881
84.000,8,50.916,4.744,43.964,2.978,5.795,0.000,49.546,0,944.484
85.000,8,45.938,4.999,43.438,1.783,3.011,0.000,69.755,0,1110.434
86.000,8,46.924,4.983,47.856,2.155,3.717,0.000,45.881,0,959.649
87.000,8,46.997,4.899,44.267,1.476,5.038,0.000,77.005,0,968.402
88.000,8,39.352,4.909,50.282,1.610,5.415,0.000,15.075,1,649.265
89.000,8,35.953,4.896,43.274,1.836,6.927,0.000,10.957,1,929.944
90.000,8,40.741,4.738,43.809,1.572,6.209,0.000,64.627,1,1064.181
91.000,8,41.726,4.933,42.387,1.005,7.042,0.000,33.054,0,931.939
92.000,8,47.645,4.717,46.304,1.574,5.754,0.000,21.016,1,958.347
93.000,8,41.677,5.308,45.479,1.428,4.044,0.000,37.330,0,811.679
94.000,8,40.556,5.038,52.486,3.523,4.984,0.000,62.364,1,818.830
95.000,8,42.164,5.074,41.742,3.252,5.217,0.000,54.089,0,1000.085
96.000,8,46.932,5.136,47.728,1.215,3.534,0.000,77.987,0,750.788
97.000,8,49.439,4.991,45.538,1.808,7.642,0.000,20.040,1,825.562
98.000,8,43.425,4.860,46.718,1.069,7.462,0.000,39.493,0,782.647
99.000,8,44.698,4.827,46.382,1.421,6.854,0.000,39.655,0,1177.560
100.000,8,48.145,5.143,44.468,1.929,5.942,0.000,43.736,0,1094.390
101.000,8,43.755,4.970,45.459,1.023,4.375,0.000,78.306,0,1255.200
102.000,8,42.121,5.204,47.708,1.944,6.121,0.000,78.525,1,1338.914
103.000,8,46.524,4.934,42.140,2.923,6.794,0.000,79.632,1,932.569
104.000,8,47.562,4.992,46.185,1.469,7.832,0.000,67.917,1,892.492
105.000,8,56.341,5.076,46.733,2.282,5.422,0.000,12.657,1,922.528
106.000,8,48.425,4.869,45.532,1.483,7.048,0.000,15.029,1,1245.959
107.000,8,41.605,5.286,43.999,1.142,5.243,0.000,14.298,0,1139.297
108.000,8,53.857,4.795,45.480,2.194,3.992,0.000,36.795,0,1004.096
109.000,8,44.646,4.976,45.234,2.178,6.335,0.000,59.572,0,1055.268
110.000,8,39.814,4.966,45.247,1.037,6.983,0.000,47.252,0,1054.652
111.000,8,46.276,4.981,39.912,1.141,4.738,0.000,35.001,0,1129.439
112.000,8,48.246,5.144,44.019,1.357,3.961,0.000,28.004,0,1250.791
113.000,8,49.261,5.061,45.510,1.387,4.210,0.000,24.055,0,944.690
114.000,8,50.884,4.931,46.395,1.588,4.733,0.000,69.912,0,1052.239
115.000,8,41.474,4.802,44.871,1.599,7.979,0.000,70.352,0,1002.079
116.000,8,41.877,5.139,40.088,1.388,7.115,0.000,10.621,0,1119.950
117.000,8,41.197,5.114,44.264,1.488,8.631,0.000,65.730,0,1257.273
118.000,8,52.268,4.789,44.288,1.868,5.746,0.000,53.979,0,1127.226
119.000,8,35.374,4.912,46.442,3.046,5.806,0.000,22.385,0,1024.338
120.000,8,50.910,4.804,45.720,1.873,5.386,0.000,23.473,0,903.161
121.000,8,43.458,4.917,47.257,2.665,5.115,0.000,13.709,1,1115.222
122.000,8,45.488,4.937,44.070,2.048,6.066,0.000,39.308,1,1023.467
123.000,8,46.563,4.851,45.789,1.588,7.781,0.000,75.523,0,1058.990
124.000,8,47.410,4.851,42.556,3.203,3.601,0.000,15.677,0,922.272
125.000,8,49.749,4.876,46.306,2.214,7.390,0.000,53.154,0,951.345
126.000,8,44.242,5.144,47.505,3.076,4.470,0.000,73.730,0,804.656
127.000,8,45.745,4.837,42.427,2.688,7.832,0.000,59.160,0,1257.252
128.000,8,44.343,5.221,42.982,1.422,5.162,0.000,72.568,0,1051.441
129.000,8,44.322,4.803,45.980,3.253,7.292,0.000,42.303,0,1284.254
130.000,8,40.893,5.019,47.880,2.400,6.512,0.000,44.952,1,1087.525
131.000,8,54.202,4.984,43.158,1.313,6.525,0.000,15.463,1,1026.313
132.000,8,45.932,5.126,43.470,2.477,6.820,0.000,30.852,0,1029.629
133.000,8,32.028,4.894,41.844,1.646,6.344,0.000,71.395,0,1163.632
134.000,8,39.608,5.049,47.417,1.508,8.119,0.000,72.042,0,1164.894
135.000,8,43.090,4.971,43.981,1.655,8.723,0.000,69.136,0,901.352
136.000,8,41.022,4.815,45.825,1.892,3.556,0.000,68.067,0,943.412
137.000,8,48.243,4.892,41.001,1.489,4.934,0.000,55.268,0,830.717
138.000,8,44.432,4.926,41.787,1.571,7.662,0.000,51.785,1,1027.971
139.000,8,46.824,5.349,44.293,1.842,4.421,0.000,14.768,0,1164.678
140.000,8,39.179,5.045,43.038,2.614,5.610,0.000,18.403,1,1073.857
141.000,8,48.324,5.192,46.647,2.127,6.404,0.000,44.093,0,980.259
142.000,8,34.455,4.743,49.261,2.742,5.585,0.000,14.100,0,870.798
143.000,8,35.152,4.823,44.037,2.862,8.534,0.000,39.084,0,1020.012
144.000,8,38.610,4.861,46.140,4.185,4.075,0.000,73.983,1,1032.067
145.000,8,35.056,4.985,45.577,1.141,3.816,0.000,19.732,0,896.457
146.000,8,40.313,5.110,49.656,1.864,6.800,0.000,38.068,1,1151.972
147.000,8,57.194,5.159,43.929,2.462,1.669,0.000,30.739,0,836.545
148.000,8,30.665,4.936,42.008,1.557,5.671,0.000,51.144,0,896.663
149.000,8,38.139,4.976,44.517,1.397,4.774,0.000,13.920,0,1090.533
150.000,8,45.533,4.957,47.653,1.196,6.530,0.000,26.007,0,1029.239
151.000,8,50.478,5.076,42.223,1.980,4.386,0.000,66.252,0,1025.966
152.000,8,47.166,4.820,41.247,1.584,2.183,0.000,59.878,0,913.467
153.000,8,53.513,4.868,44.809,1.372,6.694,0.000,28.101,0,890.424
154.000,8,46.220,5.044,45.470,1.440,5.972,0.000,74.897,1,1001.450
155.000,8,43.537,5.019,43.769,2.340,5.511,0.000,35.857,0,1019.281
156.000,8,42.578,5.260,46.859,1.856,3.743,0.000,30.157,0,894.388
157.000,8,40.813,5.076,46.769,1.907,6.523,0.000,31.401,1,1079.610
158.000,8,38.523,5.021,46.028,1.819,7.946,0.000,72.522,0,1035.948
159.000,8,43.465,5.187,44.145,2.698,6.599,0.000,21.176,1,814.665
160.000,8,55.613,4.954,45.600,2.229,4.817,0.000,48.758,0,1060.238
161.000,8,40.260,4.834,43.511,2.525,5.016,0.000,42.563,0,1303.594
162.000,8,45.312,5.045,44.704,1.479,3.691,0.000,11.951,0,1057.800
163.000,8,43.873,4.960,44.835,2.369,5.836,0.000,68.705,0,1137.524
164.000,8,46.150,4.895,40.606,2.387,4.771,0.000,14.594,1,1131.802
165.000,8,37.903,4.787,46.490,2.153,2.879,0.000,12.848,0,1110.106
166.000,8,44.618,5.161,43.537,1.833,5.932,0.000,73.532,0,976.629
167.000,8,47.253,5.206,39.940,1.439,8.338,0.000,37.309,1,783.662
168.000,8,47.662,5.044,46.017,1.375,6.843,0.000,58.231,1,1122.855
169.000,8,49.408,5.069,43.625,2.566,7.060,0.000,62.274,1,1274.128
170.000,8,43.736,5.098,41.520,2.206,6.260,0.000,68.693,1,791.691
171.000,8,46.904,5.114,46.418,1.740,6.002,17.026,66.773,1,896.292
172.000,8,47.571,4.800,45.312,1.450,5.122,0.000,62.228,1,710.291
173.000,8,44.191,5.167,47.382,1.331,5.933,0.000,20.560,1,1231.531
174.000,8,49.247,4.856,43.157,1.706,8.002,0.000,43.928,0,1015.499
175.000,8,50.238,4.949,38.094,2.184,5.624,0.000,39.283,0,821.337
176.000,8,50.147,4.894,43.260,2.199,6.587,4.663,68.702,1,1142.198
177.000,8,41.407,4.835,44.029,1.940,7.113,0.000,67.499,1,1178.400
178.000,8,42.649,4.970,45.241,1.285,4.492,0.000,14.681,0,859.930
179.000,8,35.651,5.117,43.214,1.575,9.480,0.000,16.801,0,821.927
180.000,8,40.108,5.159,46.824,2.879,9.641,0.000,23.437,0,901.884
181.000,8,43.385,4.801,42.786,1.268,7.808,7.216,25.949,0,982.191
182.000,8,47.152,4.873,39.821,1.513,6.462,0.000,45.832,0,1059.286
183.000,8,37.616,4.916,41.539,1.356,2.572,0.000,12.369,0,990.660
184.000,8,44.615,4.994,42.885,3.051,8.174,0.000,76.604,0,875.654
185.000,8,42.795,5.063,44.239,1.401,5.818,0.000,15.276,0,1078.611
186.000,8,48.321,5.058,42.103,1.487,7.183,0.000,77.826,0,1043.570
187.000,8,40.642,4.942,47.449,1.707,5.834,0.000,20.821,0,914.345
188.000,8,35.434,4.965,42.522,1.657,7.244,0.000,74.942,0,1159.244
189.000,8,42.616,5.030,41.627,4.054,6.993,0.000,33.068,0,707.987
190.000,8,54.753,5.061,44.587,1.441,8.684,0.000,13.709,0,957.230
191.000,8,48.599,5.123,41.888,1.732,5.676,0.000,37.222,0,803.273
192.000,8,42.227,4.831,44.482,3.484,5.646,0.000,24.711,0,882.955
193.000,8,39.579,5.339,46.128,2.009,8.154,0.000,58.128,1,784.471
194.000,8,48.207,5.017,49.777,1.313,6.230,0.000,71.823,1,1148.947
195.000,8,46.170,5.009,42.556,2.353,7.636,0.000,20.407,0,819.538
196.000,8,45.951,5.198,44.662,2.554,7.585,0.000,58.736,0,867.293
197.000,8,35.503,4.971,42.514,1.464,5.441,31.302,77.912,0,1278.288
198.000,8,50.733,5.127,47.446,1.368,5.770,0.000,23.527,0,517.045
199.000,8,45.223,5.004,45.408,1.979,5.537,0.000,47.692,0,959.460
200.000,8,39.494,5.127,40.331,1.309,6.864,0.000,61.147,0,968.233
201.000,8,44.415,4.998,46.986,2.164,5.022,0.000,76.368,0,747.959
202.000,8,41.162,5.136,41.797,1.517,4.394,0.000,10.440,1,905.195
203.000,8,48.772,5.074,44.467,2.103,6.841,0.000,74.236,0,1092.488
204.000,8,43.321,4.738,42.461,3.040,9.240,0.000,30.259,0,905.969
205.000,8,41.769,4.817,43.661,2.039,3.613,0.000,68.321,1,1090.196
206.000,8,46.303,4.912,40.899,2.647,4.957,0.000,48.217,0,961.929
207.000,8,50.390,4.934,44.520,1.748,3.908,0.000,78.311,0,982.798
208.000,8,46.409,5.429,41.458,1.820,7.684,0.000,15.204,0,909.845
209.000,8,38.034,4.876,43.904,1.505,3.993,0.000,49.499,0,1009.497
210.000,8,44.675,4.854,45.667,1.449,6.421,0.000,38.009,0,1028.062
211.000,8,44.722,4.906,47.112,2.336,4.717,0.000,78.178,0,989.276
212.000,8,48.426,4.962,44.766,1.399,6.187,0.000,50.325,1,1151.259
213.000,8,37.692,4.770,41.976,1.459,5.552,0.000,66.906,0,1180.707
214.000,8,53.610,5.242,50.053,1.674,7.140,0.000,29.806,0,1196.085
215.000,8,44.968,5.152,47.667,2.533,5.998,0.000,70.095,0,1037.285
216.000,8,46.736,4.770,44.714,1.874,4.264,0.000,10.952,0,878.943
217.000,8,37.291,4.839,47.374,2.276,5.745,0.000,34.070,0,1084.716
218.000,8,44.253,5.293,41.546,1.443,5.114,0.000,43.505,1,949.622
219.000,8,43.419,4.811,44.386,1.605,6.501,29.444,57.963,0,892.087
220.000,8,51.847,4.850,39.540,1.387,4.243,0.000,60.678,1,1035.142
221.000,8,41.372,5.060,42.280,1.652,5.920,0.000,35.209,0,1137.081
222.000,8,48.528,4.940,46.989,1.536,5.691,0.000,26.613,1,884.693
223.000,8,52.922,4.915,41.885,2.377,7.606,0.000,19.577,0,854.193
224.000,8,40.003,5.121,40.429,2.437,5.985,0.000,20.593,0,1098.494
225.000,8,41.819,5.107,41.521,1.882,7.987,23.035,54.699,0,1044.376
226.000,8,46.908,4.958,44.915,2.078,9.575,0.000,38.703,1,1069.122
227.000,8,39.489,4.790,46.983,1.851,7.576,0.000,77.342,0,901.795
228.000,8,46.851,5.126,44.613,2.545,6.494,0.000,44.739,1,863.964
229.000,8,43.497,4.999,42.675,2.043,4.230,0.000,78.396,0,1084.228
230.000,8,44.065,4.766,35.748,1.391,7.484,0.000,44.338,1,941.804
231.000,8,50.469,4.998,44.193,3.025,4.657,0.000,11.556,0,922.757
232.000,8,43.367,4.858,44.518,1.740,2.058,0.000,60.278,0,593.548
233.000,8,43.616,5.232,44.179,1.472,7.895,52.415,29.786,1,1025.504
234.000,8,50.277,5.022,46.455,2.471,6.253,69.657,24.370,0,1082.612
235.000,8,42.030,5.078,45.729,2.060,8.854,0.000,30.303,0,988.938
236.000,8,35.678,5.089,45.152,1.583,8.693,0.000,32.504,0,930.253
237.000,8,54.680,4.929,40.878,1.619,6.691,0.000,16.088,0,884.783
238.000,8,43.677,4.764,44.047,2.879,7.264,0.000,57.426,1,896.198
239.000,8,34.890,5.306,43.093,1.799,7.591,0.000,50.456,1,1023.804
240.000,8,49.018,4.778,45.566,2.406,4.054,0.000,21.321,1,866.180
241.000,8,38.022,5.171,38.342,2.158,6.772,0.000,33.561,0,900.196
242.000,8,39.619,4.777,43.108,2.290,8.838,0.000,74.820,1,1073.063
243.000,8,37.649,4.926,43.191,3.260,5.092,0.000,71.047,0,906.678
244.000,8,40.747,4.985,45.974,1.520,3.213,0.000,27.614,1,919.525
245.000,8,34.282,4.655,45.892,1.888,5.187,0.000,41.512,1,1026.753
246.000,8,49.503,5.151,41.788,1.856,7.000,0.000,55.181,1,1109.289
247.000,8,48.496,5.128,43.494,3.374,8.363,0.000,69.526,0,854.914
248.000,8,40.657,5.260,41.667,1.519,5.843,0.000,76.862,0,683.609
249.000,8,44.142,5.082,42.972,2.754,5.473,0.000,24.886,0,976.254
250.000,8,44.132,5.231,49.509,3.783,4.820,0.000,41.221,0,932.184
251.000,8,35.693,5.103,48.104,2.748,3.928,0.000,33.724,0,982.336
252.000,8,27.983,5.194,45.306,2.604,4.855,0.000,74.581,0,556.720
253.000,8,49.303,4.791,42.654,2.816,4.534,0.000,64.003,1,1036.421
254.000,8,54.911,5.107,39.676,2.505,6.407,0.000,19.897,0,841.587
255.000,8,50.208,5.255,41.954,2.492,6.999,61.932,27.937,0,1152.207
256.000,8,57.671,4.920,43.607,2.843,6.784,49.326,29.355,1,674.274
257.000,8,46.973,4.759,41.488,2.197,7.129,15.748,53.628,0,908.592
258.000,8,49.131,4.878,42.557,1.497,6.257,89.417,33.839,0,877.849
259.000,8,48.450,5.116,43.655,2.062,4.152,0.000,30.538,0,639.955
260.000,8,41.265,5.035,40.656,2.370,8.599,0.000,28.746,0,780.971
261.000,8,44.269,4.771,43.070,2.250,8.314,0.000,34.424,0,1146.699
262.000,8,45.749,5.055,44.907,2.056,7.927,54.196,62.791,0,889.373
263.000,8,43.333,4.985,42.997,2.034,4.855,0.000,22.656,0,1040.030
264.000,8,41.537,4.891,41.498,3.013,4.244,0.000,34.449,1,703.907
265.000,8,52.048,5.068,44.269,2.149,4.673,78.044,54.657,1,1251.947
266.000,8,47.352,5.036,39.926,2.675,6.301,0.000,28.888,0,925.252
267.000,8,53.473,4.714,41.856,1.925,7.141,0.000,62.369,0,1367.063
268.000,8,37.684,5.086,44.286,2.763,7.247,0.000,45.217,0,1116.622
269.000,8,36.964,5.049,43.760,1.846,6.271,0.000,24.060,0,1225.516
270.000,8,41.180,4.944,44.696,1.538,5.916,0.000,42.828,0,982.406
271.000,8,41.354,5.330,43.847,2.299,6.781,0.000,76.181,1,685.572
272.000,8,43.200,4.929,43.776,1.590,5.855,0.000,32.366,0,905.002
273.000,8,45.997,5.245,41.299,2.893,6.913,22.043,19.282,0,964.630
274.000,8,46.536,4.888,42.072,1.734,5.833,0.000,58.926,0,1246.967
275.000,8,51.642,4.812,40.155,2.293,6.695,0.000,36.283,0,892.790
276.000,8,43.038,4.834,43.297,2.610,8.330,0.000,61.923,0,898.442
277.000,8,44.591,4.824,40.450,2.008,5.896,0.000,63.399,0,978.482
278.000,8,39.973,5.131,39.947,2.622,4.791,0.000,31.571,0,993.641
279.000,8,43.816,4.961,39.766,1.866,7.127,0.000,39.876,0,968.694
280.000,8,42.631,4.961,43.597,2.018,7.002,0.000,34.920,0,973.951
281.000,8,39.619,5.052,43.727,2.565,4.575,0.000,53.760,0,803.234
282.000,8,43.593,5.186,43.476,3.393,6.820,0.000,25.624,1,690.008
283.000,8,44.914,4.861,42.248,2.639,6.011,109.630,13.831,0,956.403
284.000,8,47.528,4.808,44.063,1.938,9.462,0.000,76.617,0,879.090
285.000,8,43.694,5.113,45.389,2.447,8.352,76.178,40.895,0,997.695
286.000,8,51.001,5.042,45.532,1.736,6.826,0.000,12.502,0,851.632
287.000,8,55.547,4.961,48.326,3.615,6.712,0.000,14.276,1,692.118
288.000,8,52.022,5.060,43.231,2.029,5.389,0.000,57.733,0,1030.066
289.000,8,50.988,5.132,43.964,2.465,9.221,0.000,57.714,0,1006.143
290.000,8,48.992,5.074,44.334,2.452,4.415,54.734,67.891,0,984.091
291.000,8,47.402,4.906,41.929,2.860,9.165,25.223,54.988,0,939.923
292.000,8,43.136,5.169,46.227,1.933,3.798,65.980,42.435,0,865.611
293.000,8,45.951,4.846,42.536,2.534,7.629,0.000,55.033,1,677.282
294.000,8,38.314,4.916,45.011,4.405,8.115,97.115,17.004,0,746.701
295.000,8,55.032,5.085,43.664,2.937,6.022,0.000,25.592,0,808.250
296.000,8,34.613,5.035,41.610,2.880,5.229,0.000,70.894,1,941.468
297.000,8,35.176,5.016,43.213,3.100,7.281,0.000,46.095,0,962.652
298.000,8,45.892,4.917,41.984,1.877,7.174,0.000,71.695,1,743.036
299.000,8,51.217,4.994,43.005,3.478,4.536,0.000,42.386,0,835.761
300.000,8,40.353,4.944,47.440,1.842,4.902,0.000,18.627,0,988.288
301.000,8,50.042,5.093,40.801,2.481,6.998,7.212,25.602,0,839.342
302.000,8,51.039,5.220,42.888,1.852,6.965,0.000,24.655,0,714.921
303.000,8,56.017,5.077,43.566,2.119,5.356,0.000,76.066,1,708.574
304.000,8,44.138,4.928,42.245,2.672,6.904,0.000,53.989,0,965.915
305.000,8,44.626,5.002,45.788,2.241,7.073,0.000,76.441,0,1158.071
306.000,8,43.603,4.921,40.811,3.543,5.242,0.000,52.770,0,901.863
307.000,8,38.261,4.989,42.078,2.654,6.864,0.000,21.659,1,784.692
308.000,8,45.588,4.991,40.397,2.680,7.473,0.000,21.232,0,963.101
309.000,8,43.343,5.077,43.350,1.990,8.282,0.000,67.128,0,837.240
310.000,8,53.667,5.124,42.266,2.107,6.254,0.000,56.923,0,934.303
311.000,8,40.296,4.857,39.384,1.834,6.556,0.000,45.422,0,1120.160
312.000,8,45.151,4.903,37.910,1.865,8.482,0.000,56.271,0,837.880
313.000,8,41.239,4.801,41.684,1.649,2.938,0.000,44.651,1,882.690
314.000,8,46.197,4.962,44.507,2.113,7.440,0.000,74.688,0,983.544
315.000,8,48.296,5.117,45.323,2.828,6.935,129.938,17.733,1,1043.712
316.000,8,55.541,4.877,42.173,1.690,8.835,0.374,33.135,0,1132.996
317.000,8,37.938,4.918,43.111,2.012,8.496,35.610,49.971,1,1219.343
318.000,8,54.634,5.201,40.809,2.932,6.392,58.252,11.042,1,961.851
319.000,8,40.364,4.927,43.702,3.318,7.286,0.000,30.494,1,866.039
320.000,8,53.305,4.959,44.131,2.916,6.291,58.220,12.106,0,873.855
321.000,8,46.627,4.926,43.749,4.265,3.971,0.000,68.723,1,729.810
322.000,8,43.299,4.900,42.669,3.193,5.707,0.000,62.049,0,313.941
323.000,8,46.638,5.161,44.507,2.276,5.116,0.000,38.358,0,992.347
324.000,8,33.219,5.016,45.950,2.576,6.457,0.000,60.193,0,900.096
325.000,8,45.105,5.113,40.546,2.145,3.931,17.168,69.417,0,922.367
326.000,8,39.688,5.095,39.214,2.016,6.906,173.580,58.080,0,904.252
327.000,8,51.317,4.901,39.453,1.923,6.240,0.000,28.142,0,993.839
328.000,8,36.248,4.762,39.264,3.061,6.410,0.000,20.352,0,698.023
329.000,8,42.612,5.042,39.922,1.774,6.103,0.000,50.074,1,846.815
330.000,8,54.228,5.217,39.542,2.718,4.438,0.000,76.645,0,808.825
331.000,8,41.411,4.917,43.114,2.841,6.289,0.000,51.394,0,995.143
332.000,8,41.239,4.784,43.147,3.419,8.919,0.000,59.992,1,709.904
333.000,8,38.773,5.078,42.662,2.191,4.635,0.000,72.467,0,841.877
334.000,8,43.573,4.808,40.003,2.689,4.623,3.713,42.007,0,742.930
335.000,8,41.050,4.990,35.161,2.629,9.078,65.459,58.764,0,756.634
336.000,8,36.304,4.842,44.634,3.126,5.327,111.893,39.114,0,946.987
337.000,8,42.022,4.803,41.129,2.054,7.943,0.000,23.621,0,1024.631
338.000,8,39.603,5.000,40.223,1.998,6.976,0.000,35.754,0,739.580
339.000,8,42.855,5.163,44.775,2.514,6.708,116.114,68.708,1,621.651
340.000,8,42.594,4.882,42.450,3.315,7.753,0.000,37.889,0,908.214
341.000,8,42.887,5.104,42.820,3.005,4.911,120.297,38.110,1,970.280
342.000,8,45.852,4.867,37.189,2.270,6.640,0.000,39.833,0,999.634
343.000,8,41.141,4.890,44.720,3.059,4.911,126.719,40.846,0,930.629
344.000,8,52.134,5.089,39.033,3.413,10.026,113.811,13.676,1,604.069
345.000,8,43.264,5.211,41.315,2.338,7.583,0.000,58.951,1,674.910
346.000,8,36.056,4.938,44.556,1.994,6.214,0.000,24.178,0,707.324
347.000,8,54.303,4.978,41.152,3.393,6.474,142.632,21.031,0,1187.056
348.000,8,49.514,4.836,41.102,2.077,6.676,0.000,70.609,0,770.369
349.000,8,45.211,5.078,38.556,2.367,6.919,186.278,78.370,0,948.046
350.000,8,44.460,5.064,43.863,3.094,6.553,0.000,66.223,1,1079.082
351.000,8,43.490,5.146,45.148,1.937,7.361,0.000,57.643,1,914.269
352.000,8,51.431,5.072,38.548,2.308,6.705,0.000,65.855,0,1044.056
353.000,8,41.578,4.939,42.192,3.242,5.708,186.999,68.868,1,646.595
354.000,8,43.253,5.211,40.683,2.170,8.755,71.937,62.941,1,1124.599
355.000,8,49.174,4.756,40.892,2.379,6.935,181.713,72.158,0,882.209
356.000,8,50.746,5.001,41.472,1.878,8.759,199.004,79.597,1,1017.295
357.000,8,53.152,4.781,44.826,2.082,5.944,0.000,12.583,0,975.364
358.000,8,52.292,5.047,41.410,1.793,6.712,0.000,52.190,0,943.163
359.000,8,42.004,4.972,42.093,1.791,6.357,0.000,65.536,1,898.805
360.000,8,47.044,4.787,40.997,3.096,6.027,0.000,31.280,0,795.829
361.000,8,51.825,5.021,39.942,1.941,4.619,0.000,66.016,0,872.555
362.000,8,48.599,5.234,44.538,2.473,7.966,6.181,63.550,0,749.296
363.000,8,43.778,4.989,44.037,2.853,5.507,0.000,12.582,0,653.049
364.000,8,40.362,5.065,44.117,2.918,8.619,0.000,21.815,1,819.114
365.000,8,45.764,4.894,38.944,2.086,8.886,173.292,25.423,0,892.395
366.000,8,41.183,4.833,36.669,2.091,9.667,0.000,68.914,0,810.693
367.000,8,42.874,4.852,40.248,3.002,8.388,0.000,71.518,0,757.774
368.000,8,48.441,5.214,43.619,2.352,5.816,0.000,64.865,0,938.126
369.000,8,42.864,4.796,37.597,2.199,8.604,0.000,60.044,0,736.975
370.000,8,42.279,5.106,44.992,2.317,6.691,171.417,22.898,0,941.714
371.000,8,35.872,5.259,37.091,3.417,4.631,0.000,78.855,1,481.747
372.000,8,50.144,5.006,42.197,2.811,5.082,0.000,69.091,1,755.326
373.000,8,49.905,4.827,39.331,1.893,6.868,0.000,29.424,0,626.306
374.000,8,46.497,5.146,44.313,2.321,4.854,0.000,59.110,0,582.724
375.000,8,42.686,5.126,39.743,3.309,5.893,122.894,19.621,0,849.607
376.000,8,46.187,4.868,39.634,1.861,4.929,225.768,15.520,0,989.253
377.000,8,42.514,4.998,44.523,3.497,7.325,0.000,40.081,1,922.446
378.000,8,49.037,5.012,41.141,2.733,5.809,15.905,58.324,0,708.679
379.000,8,49.002,5.092,42.234,1.839,5.440,0.000,12.717,0,1046.969
380.000,8,48.516,4.979,38.718,2.798,8.721,23.979,30.119,0,841.884
381.000,8,51.074,4.962,39.491,2.393,7.344,0.000,45.038,0,957.910
382.000,8,40.261,4.870,38.326,2.565,7.435,9.171,46.323,0,1183.012
383.000,8,42.725,5.001,39.685,3.043,9.375,205.125,13.832,1,662.966
384.000,8,54.711,4.832,41.416,1.987,6.786,15.485,69.639,0,815.556
385.000,8,47.538,5.009,42.616,3.442,4.810,0.000,67.334,0,900.142
386.000,8,44.462,5.053,45.574,2.374,6.827,141.877,37.779,0,930.937
387.000,8,49.572,4.828,37.618,4.039,4.217,0.000,62.983,1,1051.873
388.000,8,45.072,4.928,40.822,2.598,3.580,0.000,30.134,0,881.747
389.000,8,51.255,4.951,44.151,1.948,8.114,0.000,58.449,0,724.675
390.000,8,37.979,4.855,41.459,2.590,4.551,121.772,60.757,0,947.305
391.000,8,41.472,4.817,37.243,2.165,5.212,59.861,37.598,0,861.309
392.000,8,42.674,4.942,43.279,2.313,7.276,40.618,57.194,0,972.124
393.000,8,36.619,4.928,37.201,2.527,6.124,0.000,33.564,0,771.569
394.000,8,53.109,4.937,42.123,2.634,7.803,235.798,38.220,0,1129.869
395.000,8,42.360,5.067,39.109,2.446,7.570,92.507,24.767,0,865.806
396.000,8,47.984,4.812,41.279,3.661,8.824,0.000,63.174,1,1022.446
397.000,8,41.645,4.795,43.891,3.181,7.516,0.000,28.514,1,721.001
398.000,8,52.414,4.883,41.288,2.736,7.005,0.000,10.094,1,1051.257
399.000,8,44.141,5.088,36.858,2.600,9.879,26.125,69.818,0,937.943
400.000,8,42.105,5.164,46.737,3.441,2.949,215.723,41.390,0,818.636
401.000,8,45.591,5.033,40.928,3.733,6.610,0.000,75.661,0,1077.159
402.000,8,44.982,4.859,43.796,2.275,6.763,0.000,57.501,0,847.803
403.000,8,56.331,5.061,43.086,2.092,8.947,0.000,73.800,0,763.307
404.000,8,52.974,5.103,42.593,2.165,8.209,95.401,49.143,0,865.773
405.000,8,50.539,5.045,40.017,1.956,5.409,0.000,13.856,0,747.029
406.000,8,39.457,4.915,40.627,2.517,4.695,0.000,19.974,0,1020.368
407.000,8,48.604,4.875,37.022,2.448,6.615,0.000,47.142,1,766.246
408.000,8,43.012,4.736,40.491,2.178,9.384,0.000,29.574,0,978.674
409.000,8,41.767,5.100,38.176,2.646,3.890,95.656,40.012,0,511.834
410.000,8,50.672,4.876,42.506,2.736,7.086,0.000,71.065,0,847.585
411.000,8,44.871,5.240,41.237,1.988,4.982,39.833,52.069,1,722.373
412.000,8,43.481,5.102,41.214,2.809,4.946,0.000,71.298,0,806.487
413.000,8,52.663,4.618,39.003,2.771,6.564,109.380,43.170,1,754.941
414.000,8,39.954,4.789,42.150,3.782,6.958,0.000,16.253,0,603.235
415.000,8,50.744,4.821,46.141,1.990,6.883,0.000,52.523,0,976.071
416.000,8,49.040,5.004,38.976,2.729,6.893,0.000,57.370,0,859.438
417.000,8,41.860,4.586,43.111,2.037,4.659,0.000,32.816,0,512.215
418.000,8,45.090,4.934,37.777,3.078,8.578,0.000,56.784,0,701.419
419.000,8,42.194,5.275,39.946,2.391,3.717,0.000,29.985,1,879.607
420.000,8,41.016,5.046,39.646,2.359,8.422,0.000,28.876,0,877.042
421.000,8,41.965,4.859,39.574,2.389,5.872,189.171,38.884,0,888.721
422.000,8,42.706,5.077,40.417,2.296,6.636,27.793,16.101,0,581.050
423.000,8,50.643,4.970,42.205,2.010,9.181,0.000,35.749,1,970.996
424.000,8,47.216,4.974,38.300,2.661,6.843,0.000,50.001,0,976.712
425.000,8,43.158,4.999,41.294,2.440,4.867,56.029,13.795,0,805.669
426.000,8,42.876,5.052,38.583,2.150,7.483,134.167,14.568,0,628.815
427.000,8,45.285,4.909,41.763,2.749,6.687,0.000,64.329,0,1096.842
428.000,8,43.148,4.859,38.800,2.554,9.981,227.860,54.084,0,727.211
429.000,8,44.115,4.969,38.664,2.324,8.428,0.000,40.299,0,585.998
430.000,8,43.901,5.098,42.317,1.999,6.485,0.000,51.517,0,737.035
431.000,8,52.769,4.904,40.312,2.260,7.387,83.419,21.282,0,791.457
432.000,8,45.300,4.872,39.532,2.949,7.990,0.000,46.271,0,843.127
433.000,8,51.214,5.049,41.372,3.016,5.113,0.000,33.470,1,528.297
434.000,8,50.462,5.002,38.852,3.043,5.922,161.211,65.094,1,996.113
435.000,8,42.956,5.171,39.057,2.497,4.226,0.000,11.351,1,525.046
436.000,8,48.581,4.899,39.179,2.350,8.577,10.868,33.654,0,1088.772
437.000,8,42.456,4.912,43.266,2.286,4.966,175.340,78.228,0,454.253
438.000,8,45.113,4.984,39.883,2.522,5.260,248.630,30.589,0,615.812
439.000,8,49.667,4.972,40.205,2.437,6.339,255.931,37.033,0,1061.070
440.000,8,42.808,5.003,42.756,2.316,9.383,100.440,26.674,0,1060.238
441.000,8,46.610,4.978,39.619,2.745,3.517,25.481,69.365,0,950.712
442.000,8,42.922,4.837,41.849,3.474,7.924,0.000,72.289,1,728.392
443.000,8,37.837,4.710,41.211,2.744,6.859,165.709,40.496,0,946.574
444.000,8,44.957,4.894,39.225,2.465,6.233,27.925,63.511,0,624.701
445.000,8,37.110,4.856,42.735,2.431,6.411,0.000,29.341,0,1093.329
446.000,8,48.554,5.048,42.774,2.371,7.051,0.000,20.891,1,649.967
447.000,8,43.688,5.133,42.590,3.551,6.902,0.000,48.063,1,1017.527
448.000,8,47.864,5.172,38.238,3.554,6.475,0.000,20.675,0,672.764
449.000,8,43.241,4.801,43.393,2.327,5.852,0.000,25.079,1,777.562
450.000,8,37.416,4.746,44.823,3.278,6.979,127.524,44.061,0,800.260
451.000,8,38.405,5.127,41.749,2.801,6.411,280.443,12.630,0,1013.531
452.000,8,48.580,4.861,40.228,3.296,5.173,0.000,43.024,0,1001.696
453.000,8,44.489,5.124,40.638,4.135,5.963,0.000,59.996,1,342.586
454.000,8,45.014,5.026,39.196,2.238,6.436,0.000,53.419,0,827.892
455.000,8,47.448,5.287,42.143,2.663,7.297,0.000,52.084,1,882.167
456.000,8,41.695,4.976,42.330,2.670,7.984,201.257,49.854,1,866.623
457.000,8,39.742,4.716,41.077,2.661,10.743,142.037,73.457,0,763.042
458.000,8,38.915,5.281,41.896,2.923,6.233,0.000,26.625,0,872.651
459.000,8,36.675,4.911,44.144,2.099,8.371,0.000,24.135,0,810.016
460.000,8,46.164,4.865,38.916,3.751,8.041,0.000,30.968,1,544.428
461.000,8,47.976,5.160,37.894,2.321,7.860,281.270,43.966,0,770.069
462.000,8,47.243,5.087,40.407,2.571,7.345,199.767,58.196,0,895.287
463.000,8,42.560,4.816,43.543,2.793,8.593,183.851,14.011,1,656.401
464.000,8,48.152,4.842,37.932,3.186,8.161,249.690,29.912,0,897.355
465.000,8,41.586,4.906,43.520,2.897,6.941,101.793,47.562,0,760.472
466.000,8,42.619,4.724,36.343,2.171,7.025,0.000,72.799,0,812.844
467.000,8,42.810,5.001,42.203,3.614,6.296,140.231,42.626,0,402.708
468.000,8,45.143,5.102,38.095,2.336,7.644,18.582,60.174,0,916.201
469.000,8,54.500,5.009,41.370,2.472,9.049,93.102,67.719,0,750.762
470.000,8,41.787,4.890,43.103,3.109,7.510,127.750,37.365,0,936.668
471.000,8,44.845,4.860,41.577,3.342,6.472,25.126,41.953,0,450.773
472.000,8,44.583,4.871,40.520,3.323,4.847,67.552,30.125,0,760.878
473.000,8,51.492,4.974,37.111,4.405,8.216,0.000,70.824,0,537.779
474.000,8,36.643,4.854,39.787,2.940,5.922,0.000,28.603,0,771.121
475.000,8,44.255,4.866,41.517,2.841,6.258,133.796,49.377,1,741.297
476.000,8,51.429,4.988,39.456,3.271,6.376,273.733,76.630,1,768.915
477.000,8,39.009,5.030,40.268,2.785,7.057,48.613,23.907,0,820.926
478.000,8,52.152,5.116,39.373,3.314,8.045,172.884,34.521,1,825.914
479.000,8,39.160,4.966,41.790,3.430,6.544,0.000,71.122,1,492.713
480.000,8,45.112,4.866,38.207,2.910,5.583,287.365,22.481,0,768.504
481.000,8,45.963,5.129,41.060,2.800,5.724,15.975,39.908,0,831.422
482.000,8,43.409,5.117,38.493,3.935,4.670,28.057,75.246,1,774.805
483.000,8,49.486,4.793,37.750,2.842,5.094,48.123,59.425,0,753.349
484.000,8,44.927,4.799,36.700,2.646,9.484,219.555,23.058,0,854.084
485.000,8,48.531,4.801,38.837,2.887,4.780,41.247,55.116,0,507.260
486.000,8,37.915,5.280,40.289,2.966,7.153,0.000,11.271,0,720.628
487.000,8,49.477,5.125,42.740,2.334,6.996,0.000,20.745,1,830.588
488.000,8,40.773,4.787,40.722,2.205,8.694,0.000,74.823,0,714.283
489.000,8,47.096,4.798,40.483,2.717,9.157,0.000,64.938,0,681.091
490.000,8,38.224,4.923,40.480,4.468,6.138,195.769,60.107,0,596.454
491.000,8,34.724,5.144,38.025,3.164,5.096,273.673,79.513,0,587.659
492.000,8,44.765,5.154,38.910,3.183,9.387,0.000,48.695,0,863.481
493.000,8,53.881,4.871,39.810,2.397,9.495,148.718,45.116,0,685.874
494.000,8,44.592,4.921,35.007,3.594,6.490,258.181,73.815,1,783.038
495.000,8,41.297,5.096,38.883,2.334,9.522,181.358,12.448,1,907.360
496.000,8,37.532,5.114,39.821,2.454,6.270,344.497,44.233,0,710.355
497.000,8,42.388,5.075,40.623,2.389,7.677,0.000,73.739,1,873.992
498.000,8,59.569,4.895,41.945,3.521,7.038,0.000,34.261,0,1041.525
499.000,8,46.123,4.824,36.847,2.633,5.273,323.067,57.963,1,578.932
500.000,8,46.580,4.874,41.816,2.882,5.811,259.268,63.093,0,640.229
501.000,8,37.735,4.978,36.475,3.356,5.462,43.074,31.502,0,938.237
502.000,8,47.586,4.884,40.061,2.741,6.577,23.688,19.852,0,632.422
503.000,8,36.848,5.028,40.158,2.528,8.313,0.000,53.970,0,752.140
504.000,8,38.619,5.119,39.100,3.385,5.819,231.408,69.408,0,776.318
505.000,8,42.236,5.196,39.726,3.424,6.049,0.000,31.020,1,1054.686
506.000,8,49.162,5.172,42.533,2.971,9.277,133.804,62.158,0,858.420
507.000,8,42.346,5.122,41.006,2.902,6.417,0.000,74.668,0,761.796
508.000,8,48.324,5.111,37.670,5.070,7.360,236.175,33.359,1,948.429
509.000,8,46.970,4.945,39.016,2.346,8.105,160.033,73.694,0,912.710
510.000,8,48.596,5.123,42.433,2.859,6.516,122.851,10.254,0,745.789
511.000,8,46.524,5.164,37.749,2.792,8.433,0.000,26.282,0,822.197
512.000,8,49.433,5.058,44.356,2.782,6.372,54.014,24.343,0,842.330
513.000,8,48.866,4.481,41.536,2.843,8.899,193.575,44.686,1,869.399
514.000,8,42.288,4.954,39.214,4.292,7.117,94.573,14.478,0,715.815
515.000,8,52.769,5.099,35.230,3.042,6.657,0.000,48.618,0,547.597
516.000,8,39.744,4.900,40.722,2.351,7.233,25.916,38.483,0,495.313
517.000,8,40.156,5.084,39.814,2.475,7.768,0.000,75.343,1,686.721
518.000,8,41.994,5.219,41.217,4.069,6.309,0.000,26.049,1,768.515
519.000,8,41.647,4.914,35.718,2.283,8.314,0.000,44.013,0,454.186
520.000,8,42.337,4.932,40.128,2.569,6.167,0.000,65.141,1,885.295
521.000,8,39.297,4.898,42.526,2.444,7.667,0.000,63.769,1,781.604
522.000,8,43.160,4.940,36.996,2.515,5.725,0.000,21.955,0,699.560
523.000,8,37.682,5.006,40.008,2.913,7.003,170.486,32.387,0,740.765
524.000,8,42.939,5.156,38.343,2.571,10.032,132.573,27.707,1,634.350
525.000,8,42.802,4.838,43.499,3.691,5.832,282.404,40.174,1,892.156
526.000,8,40.106,4.911,40.163,2.947,7.059,0.000,51.117,0,651.368
527.000,8,42.245,4.922,42.367,2.357,7.147,347.847,14.185,1,495.744
528.000,8,41.724,5.011,42.877,2.503,5.726,317.271,35.408,1,677.005
529.000,8,34.297,4.947,38.395,3.333,6.968,0.000,54.805,1,593.171
530.000,8,44.875,5.227,43.071,2.476,5.593,0.000,78.581,1,626.352
531.000,8,46.472,5.222,41.658,2.832,4.880,11.889,31.720,0,785.607
532.000,8,44.131,5.092,40.970,4.219,7.907,100.312,25.387,0,738.126
533.000,8,40.128,4.987,36.822,2.490,6.410,195.904,68.974,1,836.318
534.000,8,34.685,5.175,44.631,2.681,7.577,289.126,23.234,0,734.774
535.000,8,48.732,5.090,39.066,3.273,6.693,196.915,42.778,1,725.348
536.000,8,46.873,4.913,41.325,3.620,6.247,0.000,10.590,0,702.734
537.000,8,51.257,5.020,35.311,2.786,6.037,0.000,46.408,1,586.300
538.000,8,41.662,5.128,43.227,3.335,4.349,58.090,45.334,0,864.458
539.000,8,49.353,5.476,41.332,3.191,5.411,165.770,42.453,1,723.682
540.000,8,47.180,4.771,37.481,2.877,8.617,0.000,31.929,1,818.291
541.000,8,37.137,5.085,38.843,2.471,7.609,280.459,11.653,0,761.552
542.000,8,47.626,5.377,37.207,2.767,9.447,0.000,45.866,0,680.312
543.000,8,42.790,4.773,37.798,2.536,5.868,0.000,31.343,0,804.568
544.000,8,48.244,4.717,42.750,2.558,7.314,327.444,38.764,1,685.143
545.000,8,47.610,5.092,39.748,2.425,5.764,0.000,30.984,1,958.858
546.000,8,39.665,4.767,41.594,3.884,8.553,103.624,10.314,0,501.810
547.000,8,47.284,4.950,41.239,3.205,6.711,166.226,50.155,1,731.836
548.000,8,46.839,4.692,40.639,2.713,8.692,256.878,51.899,0,631.894
549.000,8,47.863,4.935,39.061,3.595,5.066,125.678,52.735,0,746.538
550.000,8,40.600,5.102,36.456,2.452,5.670,154.286,37.086,1,815.357
551.000,8,42.047,4.942,36.505,2.408,10.644,165.753,26.292,0,755.286
552.000,8,36.439,4.903,40.064,3.297,4.123,0.000,17.135,0,751.031
553.000,8,46.129,4.835,41.489,2.655,8.988,0.000,76.031,0,537.518
554.000,8,39.980,5.026,38.543,2.814,9.170,0.000,61.231,0,916.862
555.000,8,40.410,4.697,40.948,2.394,9.031,181.689,67.763,0,760.223
556.000,8,46.313,4.936,38.487,2.798,8.552,313.838,77.428,0,695.463
557.000,8,40.060,4.652,39.732,4.510,7.394,51.118,76.203,1,722.978
558.000,8,47.670,5.146,40.997,2.750,8.273,241.041,12.704,0,707.194
559.000,8,48.804,5.206,36.307,3.019,4.328,191.295,27.618,0,419.056
560.000,8,54.210,5.040,39.813,2.693,9.886,116.806,53.277,0,1070.099
561.000,8,45.214,5.057,38.325,2.990,7.458,0.000,69.511,1,732.623
562.000,8,45.645,5.030,43.132,3.564,9.599,0.000,52.251,1,777.819
563.000,8,43.124,5.016,42.572,2.869,6.541,0.000,36.763,0,1026.213
564.000,8,48.992,4.857,37.999,2.882,4.486,243.587,76.613,0,580.535
565.000,8,45.861,5.069,38.434,3.275,8.192,50.024,11.333,1,932.904
566.000,8,50.540,5.007,38.522,2.979,6.426,0.000,48.180,0,744.003
567.000,8,46.494,5.013,44.052,2.884,4.626,19.751,33.078,1,432.678
568.000,8,36.851,4.930,40.373,2.788,4.360,188.971,66.145,1,892.652
569.000,8,40.679,4.884,35.020,3.575,7.452,243.691,34.149,1,480.584
570.000,8,40.989,4.951,39.597,4.367,5.926,0.000,53.624,1,437.094
571.000,8,41.068,5.051,39.144,2.815,6.150,214.798,77.029,0,781.903
572.000,8,45.390,4.813,33.791,3.485,6.365,42.268,15.860,0,897.542
573.000,8,42.265,5.216,40.143,3.088,9.083,45.956,38.932,0,726.496
574.000,8,50.307,4.943,40.260,2.748,5.932,0.000,14.065,1,604.082
575.000,8,44.387,4.991,37.212,3.877,7.294,353.245,66.584,0,637.828
576.000,8,38.443,4.998,39.859,2.725,6.780,0.000,60.777,0,921.975
577.000,8,43.332,5.081,41.217,2.699,8.717,133.906,32.666,1,704.359
578.000,8,41.778,4.940,38.015,2.973,9.854,0.000,57.784,0,837.308
579.000,8,47.344,5.104,37.180,2.778,7.907,318.903,48.413,0,435.442
580.000,8,33.232,5.189,39.056,3.803,7.844,328.819,47.155,0,565.243
581.000,8,43.916,4.956,34.487,2.553,7.415,128.427,51.599,0,618.757
582.000,8,44.590,5.193,39.605,3.182,9.263,108.305,11.344,0,748.358
583.000,8,41.350,4.982,35.306,2.947,8.180,23.288,36.782,1,456.729
584.000,8,53.640,4.832,40.396,2.677,6.356,253.427,71.692,0,279.392
585.000,8,39.198,4.747,41.568,3.574,8.412,0.000,31.917,1,447.219
586.000,8,55.492,5.063,41.233,3.132,5.295,358.786,66.637,1,753.842
587.000,8,43.822,5.040,38.108,3.143,8.953,34.725,38.111,1,430.451
588.000,8,50.550,4.931,39.052,3.546,8.951,323.724,37.407,1,613.724
589.000,8,41.731,5.158,40.364,4.187,5.164,0.000,21.177,0,832.477
590.000,8,53.480,4.876,40.332,2.833,5.533,174.313,70.150,1,583.050
591.000,8,49.632,5.071,39.695,2.548,7.448,329.562,25.323,0,474.380
592.000,8,39.748,4.874,40.139,2.569,8.698,269.192,55.679,0,771.558
593.000,8,43.631,5.055,36.386,2.708,4.785,145.343,50.106,1,852.750
594.000,8,41.575,4.824,36.535,3.409,3.853,357.572,24.876,0,626.110
595.000,8,41.204,4.872,35.182,3.281,5.845,0.000,41.480,1,576.716
596.000,8,41.656,4.867,31.379,2.594,6.157,0.000,49.593,1,477.839
597.000,8,52.821,4.856,36.270,3.723,6.213,0.000,21.221,0,619.533
598.000,8,44.905,4.987,40.696,2.819,9.672,0.000,55.680,0,781.324
599.000,8,40.926,4.980,38.857,2.634,5.292,392.270,67.310,0,633.973
600.000,8,38.956,4.854,38.177,3.730,7.741,0.000,54.304,1,792.333
601.000,8,41.836,5.018,38.380,2.733,8.415,41.741,44.775,0,921.227
602.000,8,44.782,5.151,38.786,3.770,4.820,251.253,57.985,1,646.975
603.000,8,43.466,5.086,38.624,3.220,6.708,0.000,10.803,0,670.954
604.000,8,44.146,5.110,38.011,3.876,5.008,242.879,79.561,0,581.780
605.000,8,41.441,4.956,36.317,3.033,4.723,36.522,76.862,0,693.573
606.000,8,51.340,4.974,34.954,3.216,6.818,132.908,59.043,1,695.224
607.000,8,45.428,4.937,36.965,2.676,6.560,454.651,57.698,0,785.906
608.000,8,51.724,5.075,35.205,3.038,10.313,170.133,32.763,1,657.706
609.000,8,41.163,5.059,39.632,2.628,8.506,365.988,27.903,1,626.267
610.000,8,47.935,5.072,37.800,2.644,10.398,9.549,36.544,1,679.148
611.000,8,49.153,4.968,37.114,3.302,6.827,0.000,55.097,0,807.181
612.000,8,47.829,5.012,41.539,3.333,6.378,110.042,43.022,0,757.082
613.000,8,58.488,5.233,35.606,2.816,7.555,280.435,41.768,1,435.226
614.000,8,44.151,5.206,42.402,2.621,6.434,262.823,65.190,1,798.477
615.000,8,49.925,5.068,42.475,2.875,3.594,436.527,24.157,1,725.997
616.000,8,54.537,5.077,37.872,2.984,6.334,20.747,46.078,0,931.236
617.000,8,43.986,5.223,42.945,3.341,8.264,215.272,30.023,1,687.044
618.000,8,53.013,5.025,38.478,2.776,7.361,292.427,51.584,0,524.730
619.000,8,41.438,4.864,39.373,3.061,7.958,468.763,50.334,1,609.231
620.000,8,48.276,4.961,39.506,2.982,8.928,359.021,15.278,0,750.012
621.000,8,47.735,4.838,37.814,2.958,5.136,193.596,74.015,0,798.351
622.000,8,42.983,5.208,38.782,3.609,6.648,32.474,53.220,0,595.761
623.000,8,44.430,4.933,39.209,2.599,5.956,0.000,70.801,0,783.276
624.000,8,49.287,5.395,39.902,2.699,6.522,464.505,37.636,0,630.827
625.000,8,46.441,5.168,36.279,4.039,5.297,0.000,24.040,1,523.218
626.000,8,45.834,4.870,38.246,2.893,6.135,232.341,50.381,0,792.173
627.000,8,46.198,5.026,40.650,4.982,4.609,173.434,58.340,1,644.667
628.000,8,55.442,5.049,40.213,3.424,7.943,0.000,67.476,0,569.382
629.000,8,51.560,5.018,35.552,3.664,7.216,1.753,48.210,1,468.835
630.000,8,39.092,5.096,37.430,2.969,7.286,323.223,78.602,0,731.073
631.000,8,45.661,4.734,40.620,3.022,7.295,449.658,33.191,1,420.854
632.000,8,40.386,5.000,39.741,2.755,6.142,409.261,25.148,0,509.519
633.000,8,41.720,5.075,34.285,4.066,7.261,242.225,48.102,1,575.263
634.000,8,49.372,4.936,39.077,3.718,5.009,214.114,38.560,1,478.093
635.000,8,43.504,5.227,39.692,3.262,7.208,86.304,44.052,0,750.636
636.000,8,45.041,5.293,38.299,4.407,7.840,129.643,51.449,0,741.634
637.000,8,41.237,4.956,36.652,2.704,8.331,366.699,13.417,1,456.182
638.000,8,47.495,4.717,39.937,2.867,5.958,252.539,48.416,0,892.360
639.000,8,48.842,4.918,34.875,2.876,5.245,178.541,48.850,1,879.419
640.000,8,56.874,4.975,40.948,2.751,9.288,338.161,62.589,0,492.217
641.000,8,48.098,4.977,36.165,2.625,5.902,135.842,42.986,0,708.315
642.000,8,47.307,4.992,40.139,3.154,7.099,334.010,21.004,1,493.446
643.000,8,51.476,4.745,34.938,2.665,7.419,187.284,38.541,1,612.283
644.000,8,40.568,5.049,38.990,4.575,8.200,17.898,71.922,0,554.924
645.000,8,39.523,5.203,38.341,2.847,10.195,127.238,67.187,0,820.354
646.000,8,44.933,5.068,35.277,2.767,5.214,0.000,24.794,1,449.737
647.000,8,47.592,5.248,38.783,3.961,5.997,358.271,51.874,0,528.051
648.000,8,38.253,5.075,36.160,2.838,5.285,345.299,32.909,1,439.625
649.000,8,48.854,5.146,35.807,4.262,6.424,293.247,53.746,1,531.725
650.000,8,40.395,5.320,37.083,3.045,6.701,202.391,22.075,1,850.334
651.000,8,47.267,5.123,40.871,3.500,7.649,367.885,67.526,0,481.465
652.000,8,41.738,4.842,39.741,3.469,10.038,97.931,43.546,1,624.991
653.000,8,47.231,5.008,40.630,2.948,3.953,319.188,54.599,0,899.037
654.000,8,48.178,4.782,39.410,4.017,7.003,237.182,22.175,0,729.852
655.000,8,45.752,5.251,34.407,2.986,8.534,169.650,19.784,1,657.430
656.000,8,45.111,5.223,36.498,3.755,10.244,305.513,62.676,1,571.301
657.000,8,36.642,5.274,42.671,3.921,7.588,505.468,72.617,0,390.039
658.000,8,47.392,5.147,41.377,3.427,5.537,120.042,24.858,0,965.025
659.000,8,49.492,5.081,40.914,3.194,7.029,284.719,62.933,0,729.614
660.000,8,42.675,4.977,41.518,2.897,4.800,500.664,72.942,1,586.641
661.000,8,51.787,5.050,38.532,4.150,6.406,455.663,11.546,0,675.375
662.000,8,48.747,4.917,34.638,3.339,8.290,310.322,53.223,1,462.030
663.000,8,45.773,4.921,32.748,4.002,7.491,365.415,79.456,0,482.489
664.000,8,46.750,5.078,39.777,3.612,6.214,333.973,73.577,0,534.742
665.000,8,51.255,4.789,37.270,2.701,6.382,504.168,40.518,1,813.554
666.000,8,50.768,5.205,38.143,3.633,7.266,145.380,10.477,0,799.679
667.000,8,49.586,4.538,38.016,3.009,7.174,35.186,49.877,1,686.384
668.000,8,35.092,5.346,37.084,4.055,7.837,196.144,23.235,1,571.838
669.000,8,43.564,4.701,40.407,3.550,8.696,90.655,46.566,0,607.638
670.000,8,37.666,5.018,36.591,3.890,6.488,345.212,61.231,1,638.182
671.000,8,41.946,5.182,36.932,2.958,4.903,0.000,53.266,0,455.544
672.000,8,38.083,4.792,31.526,3.041,7.170,240.109,18.699,1,975.931
673.000,8,44.961,4.939,38.044,3.243,7.836,2.586,66.953,0,751.694
674.000,8,37.191,4.880,35.854,4.323,8.051,429.941,28.647,1,515.998
675.000,8,49.966,5.290,37.685,3.026,6.840,514.612,25.664,1,900.208
676.000,8,45.335,5.186,37.033,3.063,7.100,138.870,53.481,1,505.558
677.000,8,42.366,5.110,35.574,3.382,5.314,355.498,19.330,1,373.770
678.000,8,42.028,4.861,36.495,3.505,9.197,243.862,61.977,1,463.976
679.000,8,43.239,4.977,40.867,3.499,7.271,6.513,55.959,0,662.287
680.000,8,42.096,5.018,37.159,3.290,4.710,250.781,47.564,1,418.064
681.000,8,49.522,5.088,40.682,3.204,8.306,177.890,35.602,1,760.727
682.000,8,44.670,4.888,36.249,2.841,8.573,383.557,38.794,1,708.880
683.000,8,50.712,4.885,35.459,4.173,9.740,77.145,20.804,1,409.243
684.000,8,53.330,4.900,38.185,4.359,5.431,218.488,14.537,0,518.061
685.000,8,45.653,4.897,33.939,4.566,8.168,139.813,49.054,1,444.633
686.000,8,43.318,5.060,35.242,4.177,6.866,169.348,70.906,1,615.089
687.000,8,33.578,4.744,38.868,2.971,7.896,534.278,39.630,0,801.425
688.000,8,40.486,5.120,35.120,3.952,7.790,132.922,14.539,1,671.612
689.000,8,50.349,4.922,35.680,3.118,7.166,309.688,57.939,1,498.772
690.000,8,55.399,4.903,40.875,4.850,6.112,95.383,67.223,1,618.389
691.000,8,49.133,5.174,36.062,2.998,5.548,55.172,73.164,0,603.961
692.000,8,38.150,4.887,35.660,3.967,6.255,87.361,69.910,1,887.471
693.000,8,38.382,5.040,38.322,4.439,7.095,206.077,58.675,1,639.101
694.000,8,49.641,5.272,34.813,2.790,5.407,157.673,28.490,0,339.349
695.000,8,45.404,5.023,35.710,3.097,8.226,192.496,57.042,1,473.510
696.000,8,48.144,4.925,36.251,3.142,9.391,300.048,49.132,1,573.065
697.000,8,36.282,4.906,35.970,3.250,7.086,323.336,43.264,1,484.896
698.000,8,45.146,5.409,38.235,2.837,5.616,136.454,51.477,0,633.910
699.000,8,55.843,5.326,36.213,3.832,7.240,334.123,41.706,1,415.508
700.000,8,45.798,5.004,37.023,3.958,5.044,321.339,13.410,1,457.772
701.000,8,46.472,4.691,41.842,2.922,7.761,534.828,68.339,0,643.452
702.000,8,43.091,4.926,38.749,3.803,6.848,434.951,39.597,1,421.767
703.000,8,40.693,4.913,35.457,2.878,4.209,425.932,71.075,0,857.892
704.000,8,40.999,5.084,35.573,5.407,8.230,140.365,38.023,1,813.325
705.000,8,45.426,5.074,36.159,2.988,5.977,347.920,50.580,1,402.800
706.000,8,35.963,4.994,38.218,3.712,4.256,72.453,56.132,0,650.499
707.000,8,43.867,5.099,32.062,3.437,7.676,464.899,69.874,1,303.983
708.000,8,41.201,4.844,36.358,3.372,7.765,308.278,71.055,1,630.772
709.000,8,41.145,5.022,42.287,3.134,5.687,225.439,26.281,0,878.227
710.000,8,50.139,4.786,39.972,3.529,6.908,250.563,52.403,0,680.221
711.000,8,50.993,4.990,34.557,3.955,7.442,346.915,63.770,1,495.727
712.000,8,48.005,5.022,34.908,3.875,6.343,453.539,40.778,1,744.358
713.000,8,54.531,5.012,32.771,3.617,7.935,65.380,52.192,1,623.302
714.000,8,43.561,4.733,39.113,4.082,4.984,297.142,71.792,1,719.895
715.000,8,47.429,4.925,35.722,3.256,8.810,540.820,75.770,0,290.906
716.000,8,39.989,4.933,39.240,3.719,8.037,163.410,28.248,0,748.429
717.000,8,55.457,5.033,33.302,4.862,6.232,81.167,58.157,1,553.756
718.000,8,46.405,5.141,38.728,3.614,6.182,403.137,47.631,0,558.691
719.000,8,49.473,5.352,37.681,3.516,8.122,261.389,51.575,0,602.078
720.000,8,48.391,5.264,40.860,3.970,6.448,350.569,11.835,0,571.477
721.000,8,41.159,5.049,34.580,3.859,6.241,112.335,69.313,1,682.568
722.000,8,48.347,5.305,39.045,3.205,7.298,203.434,25.777,0,585.520
723.000,8,44.320,5.172,38.684,2.951,7.617,455.746,14.234,0,566.213
724.000,8,36.583,4.826,36.346,4.744,3.843,31.715,71.280,0,515.441
725.000,8,49.715,5.231,37.625,3.525,6.834,333.356,40.204,0,178.906
726.000,8,51.388,4.978,40.546,4.947,7.055,415.500,20.266,0,375.818
727.000,8,41.187,5.083,38.609,4.678,9.991,110.019,31.397,0,704.650
728.000,8,48.347,4.896,34.251,3.272,9.465,462.390,51.939,0,571.514
729.000,8,34.908,4.904,36.232,4.291,5.640,475.932,41.542,0,580.459
730.000,8,44.145,5.105,35.493,3.677,8.164,265.469,48.423,1,428.457
731.000,8,43.401,5.300,34.815,3.025,8.118,119.764,30.637,0,309.715
732.000,8,40.708,4.952,34.758,3.596,8.241,158.520,76.860,1,451.895
733.000,8,48.885,4.894,34.718,3.012,10.625,241.325,55.374,0,477.307
734.000,8,50.527,4.885,42.200,3.779,7.140,232.890,18.438,1,716.736
735.000,8,52.519,4.950,40.154,3.384,7.188,164.294,74.182,0,767.616
736.000,8,45.300,5.304,34.768,3.197,7.844,192.380,41.264,0,605.359
737.000,8,48.656,5.046,40.996,3.570,5.963,139.808,42.615,1,867.990
738.000,8,50.190,4.977,37.086,4.327,9.546,461.182,40.602,1,508.071
739.000,8,43.820,5.037,40.415,3.658,9.751,350.872,56.584,0,772.457
740.000,8,45.127,5.174,35.832,4.475,5.501,350.509,51.209,1,468.920
741.000,8,37.539,4.987,33.276,3.114,7.616,299.891,49.200,0,612.645
742.000,8,47.410,4.568,39.750,5.097,8.634,480.863,48.700,0,599.436
743.000,8,50.268,4.649,36.443,3.157,5.897,587.764,33.517,1,344.355
744.000,8,42.008,5.003,33.104,4.024,4.026,101.275,29.906,0,249.294
745.000,8,35.917,4.659,32.930,2.949,6.365,584.715,63.821,1,389.045
746.000,8,45.244,5.128,35.701,4.052,6.080,238.680,63.583,1,527.245
747.000,8,48.818,5.160,38.882,3.290,8.970,204.746,58.134,0,625.560
748.000,8,46.763,4.742,37.925,3.819,8.505,525.336,73.636,1,897.722
749.000,8,42.384,5.251,30.444,4.390,7.353,266.259,15.730,1,217.206
750.000,8,49.957,5.221,36.756,4.211,8.742,390.625,76.259,0,543.606
751.000,8,40.714,4.857,36.716,3.326,4.459,349.503,77.158,0,531.339
752.000,8,43.143,4.899,38.133,4.313,5.728,391.403,46.033,0,409.936
753.000,8,44.447,4.856,36.014,3.724,8.181,358.438,31.636,0,292.549
754.000,8,38.285,5.014,36.181,3.259,7.444,519.829,29.943,1,681.710
755.000,8,41.240,5.076,36.996,5.934,8.118,345.464,19.763,1,510.272
756.000,8,44.481,4.811,38.577,3.472,5.219,502.757,39.934,0,596.749
757.000,8,47.835,4.954,41.179,3.607,6.938,164.146,79.499,1,607.322
758.000,8,32.409,5.079,34.819,4.758,9.438,420.616,79.157,1,557.492
759.000,8,40.877,4.933,36.762,4.998,5.704,492.327,22.271,1,597.529
760.000,8,44.848,4.937,34.147,4.025,8.285,143.154,27.195,0,514.578
761.000,8,47.605,5.057,43.754,4.617,9.813,243.787,15.633,0,563.008
762.000,8,53.491,5.057,35.449,3.334,9.813,133.881,63.137,1,719.440
763.000,8,38.523,5.130,36.935,3.009,8.646,522.042,39.571,0,613.289
764.000,8,44.286,4.808,35.675,3.182,8.742,72.710,61.655,0,216.683
765.000,8,42.036,4.878,35.736,3.039,10.183,296.288,68.645,0,563.437
766.000,8,58.963,5.148,35.355,3.596,7.653,409.124,47.824,0,635.230
767.000,8,42.126,4.929,36.949,3.580,5.736,412.019,17.817,1,713.343
768.000,8,37.209,4.914,36.315,3.772,10.153,184.668,39.749,1,485.317
769.000,8,42.505,5.099,35.138,3.423,7.477,380.587,77.912,0,337.931
770.000,8,38.566,5.205,34.049,3.990,8.958,332.787,67.032,1,310.458
771.000,8,53.098,5.023,40.389,3.833,6.161,434.224,57.771,1,391.468
772.000,8,48.144,5.098,39.405,4.488,5.404,521.217,57.416,1,708.510
773.000,8,40.976,5.029,33.683,3.149,9.854,500.452,74.778,0,530.872
774.000,8,40.207,5.197,37.376,3.495,4.410,182.407,61.482,1,419.914
775.000,8,47.717,5.061,40.634,3.508,6.554,522.162,77.559,0,576.518
776.000,8,43.524,5.182,37.474,3.693,6.401,237.124,28.375,1,579.243
777.000,8,38.595,5.163,32.108,3.313,6.527,399.936,76.563,1,402.007
778.000,8,41.679,4.990,36.606,3.751,6.059,601.089,34.710,1,477.457
779.000,8,45.387,4.903,36.088,3.105,9.026,580.964,56.333,0,601.547
780.000,8,50.601,4.934,38.312,3.880,5.500,524.556,45.639,0,717.352
781.000,8,46.518,4.900,32.031,3.316,8.305,230.668,66.684,1,319.114
782.000,8,39.248,5.196,39.963,3.083,5.429,625.830,42.270,1,618.899
783.000,8,42.159,4.941,37.304,3.201,6.895,119.300,60.253,0,405.390
784.000,8,44.444,4.865,36.672,4.023,6.803,213.520,48.237,1,676.831
785.000,8,39.792,5.060,37.977,3.253,6.360,439.024,21.653,0,467.460
786.000,8,47.424,4.843,34.687,4.773,7.932,382.516,29.112,0,424.964
787.000,8,50.870,4.928,30.818,3.977,6.854,636.534,30.676,1,63.495
788.000,8,54.207,4.930,36.313,4.512,11.102,491.800,41.976,1,668.093
789.000,8,50.141,5.024,35.405,3.883,7.131,285.768,65.361,0,418.453
790.000,8,47.875,5.079,35.971,3.423,9.978,607.940,10.777,1,187.936
791.000,8,41.802,4.903,33.158,3.752,6.824,104.822,57.474,0,554.148
792.000,8,37.839,4.968,37.559,3.939,10.467,634.206,46.410,1,399.324
793.000,8,45.655,5.033,32.474,3.693,8.548,505.096,67.367,1,621.902
794.000,8,46.277,5.086,35.648,4.191,6.374,573.107,14.465,1,574.531
795.000,8,43.074,4.935,36.314,4.214,6.311,278.301,78.743,1,782.376
796.000,8,52.796,5.124,42.325,3.438,8.910,120.407,59.153,0,278.143
797.000,8,52.185,4.783,35.518,4.678,7.389,122.166,34.127,1,304.354
798.000,8,36.478,4.870,38.361,3.314,7.823,267.794,53.757,0,472.395
799.000,8,43.759,5.134,36.947,4.308,9.767,405.256,75.106,0,485.311
800.000,8,42.371,5.271,35.517,4.688,10.934,282.953,45.523,1,401.613
801.000,8,36.617,4.855,41.552,3.513,4.651,362.178,42.080,0,588.968
802.000,8,48.689,4.956,39.654,3.422,9.279,315.833,68.164,1,553.423
803.000,8,45.547,5.102,41.673,5.481,6.794,455.039,15.177,0,486.971
804.000,8,46.864,5.081,35.983,3.603,5.600,194.334,50.805,0,655.387
805.000,8,41.965,5.066,35.603,4.029,6.864,504.630,60.364,0,673.280
806.000,8,42.651,5.286,36.989,3.195,9.700,637.563,20.772,1,522.852
807.000,8,40.036,5.027,33.983,3.270,7.884,487.730,32.938,1,499.919
808.000,8,49.486,5.070,37.284,3.257,4.937,257.306,23.596,0,889.447
809.000,8,47.233,5.019,37.287,3.430,7.528,126.407,45.584,1,796.259
810.000,8,51.677,4.966,37.983,3.966,9.743,497.105,56.342,1,543.088
811.000,8,42.386,5.169,37.125,3.913,9.303,361.470,52.679,1,399.517
812.000,8,50.840,5.125,41.001,3.250,6.440,419.938,48.119,1,568.171
813.000,8,31.610,4.911,35.143,3.582,6.192,320.108,50.888,1,599.438
814.000,8,49.073,5.050,38.209,5.749,8.440,545.777,42.844,1,346.328
815.000,8,46.167,4.863,35.339,4.242,9.888,242.637,23.876,1,776.605
816.000,8,54.757,4.910,35.667,3.220,6.906,596.358,58.100,1,314.048
817.000,8,42.856,5.057,35.189,3.912,4.292,276.720,54.462,1,661.987
818.000,8,43.365,4.961,33.180,3.835,8.912,191.957,42.416,1,388.509
819.000,8,35.663,4.999,35.879,3.730,7.995,169.600,17.330,0,110.204
820.000,8,43.984,5.313,32.177,3.190,9.758,515.260,17.224,1,382.302
821.000,8,49.623,4.739,35.617,5.772,9.075,462.880,65.828,1,408.709
822.000,8,46.621,4.991,34.948,4.049,7.696,238.364,28.190,1,238.518
823.000,8,47.918,4.673,36.880,3.341,9.146,221.180,53.747,0,291.025
824.000,8,46.237,5.020,38.339,3.403,5.887,245.799,65.502,1,465.359
825.000,8,49.023,5.151,36.180,3.516,7.753,278.134,20.020,0,694.432
826.000,8,38.504,4.900,30.390,3.457,7.017,331.711,77.832,1,471.749
827.000,8,43.382,4.988,34.666,3.213,9.433,656.982,56.781,0,633.998
828.000,8,37.610,5.037,35.612,5.949,8.254,473.353,74.034,1,373.499
829.000,8,46.596,4.894,33.631,3.894,7.072,461.515,22.722,1,759.465
830.000,8,36.555,5.277,36.560,4.050,7.159,317.026,76.492,1,698.270
831.000,8,39.591,5.012,30.809,4.638,6.665,383.590,60.588,1,137.377
832.000,8,50.811,4.909,37.615,4.323,9.917,285.492,35.692,0,495.868
833.000,8,44.269,4.930,31.582,4.641,6.815,338.796,48.628,1,224.751
834.000,8,48.342,4.870,38.330,3.845,10.292,559.840,34.897,1,391.242
835.000,8,40.342,4.980,29.864,5.037,5.231,606.127,55.300,1,349.329
836.000,8,45.688,4.655,40.103,5.315,7.612,676.051,19.246,1,469.683
837.000,8,49.425,4.802,37.327,3.794,5.528,489.701,26.547,1,260.486
838.000,8,41.646,5.090,40.997,3.675,6.753,653.986,23.367,0,331.916
839.000,8,50.761,5.331,31.844,4.360,9.359,614.060,50.731,1,658.276
840.000,8,54.096,4.819,37.482,3.447,8.702,469.094,69.953,1,317.774
841.000,8,44.835,4.900,36.174,4.005,7.657,388.955,62.478,1,668.697
842.000,8,47.944,4.797,36.005,3.593,7.010,432.614,40.918,1,479.252
843.000,8,42.336,4.848,30.833,4.789,5.112,565.658,77.222,1,414.890
844.000,8,34.823,5.101,37.520,3.741,8.906,549.811,53.835,0,636.907
845.000,8,44.887,5.236,32.751,3.312,7.780,312.705,42.156,1,274.283
846.000,8,50.742,4.848,37.871,5.272,8.895,575.363,48.165,1,496.930
847.000,8,37.911,5.054,37.971,3.417,10.398,185.808,43.843,1,441.477
848.000,8,47.807,4.972,38.460,3.718,5.365,596.200,21.537,1,489.099
849.000,8,42.247,5.177,36.008,3.784,8.172,602.686,57.204,1,544.799
850.000,8,37.971,5.070,34.660,4.666,8.976,557.751,34.603,1,486.902
851.000,8,44.193,5.044,38.514,4.396,6.126,494.898,38.143,1,301.627
852.000,8,41.936,4.935,39.077,4.257,10.295,223.849,49.012,1,565.735
853.000,8,46.869,4.988,31.636,3.454,5.742,448.493,20.223,0,364.554
854.000,8,47.324,5.134,38.202,3.456,6.771,567.764,32.264,0,572.649
855.000,8,56.208,5.216,35.749,4.174,8.311,397.862,68.680,1,367.098
856.000,8,46.774,4.973,38.797,3.291,8.377,328.714,50.810,0,574.330
857.000,8,45.568,4.926,37.861,4.056,8.963,183.966,43.998,0,633.888
858.000,8,43.698,4.999,39.164,3.334,7.080,340.553,18.181,0,613.688
859.000,8,49.214,4.959,35.068,5.010,9.491,701.634,73.577,1,520.578
860.000,8,40.000,4.899,37.411,3.690,8.526,322.019,47.845,1,652.101
861.000,8,41.425,5.098,33.682,3.450,8.334,351.399,50.193,1,396.092
862.000,8,53.222,5.060,36.170,5.735,5.133,327.649,41.097,1,616.756
863.000,8,45.810,4.901,37.998,4.588,4.901,299.368,23.277,1,741.981
864.000,8,46.750,4.929,39.439,3.732,8.037,609.004,11.371,0,429.593
865.000,8,44.583,5.028,36.098,4.911,8.366,702.327,18.802,1,530.942
866.000,8,39.094,5.101,39.541,4.163,5.260,405.564,76.246,1,747.576
867.000,8,44.616,4.954,33.754,3.322,6.157,452.629,20.902,1,499.851
868.000,8,42.133,5.123,35.967,4.635,8.237,213.294,19.476,1,326.543
869.000,8,40.838,5.325,30.771,4.997,8.183,394.392,42.609,1,186.038
870.000,8,42.562,4.883,35.736,4.195,9.106,344.705,57.918,1,544.708
871.000,8,39.597,4.924,35.155,4.163,5.805,509.358,44.414,1,339.278
872.000,8,55.569,4.865,36.128,3.672,9.268,374.470,76.071,0,597.162
873.000,8,50.479,4.802,31.889,6.054,10.513,697.125,57.085,1,260.686
874.000,8,46.440,5.222,40.560,4.952,6.953,197.096,18.062,0,376.638
875.000,8,36.166,4.954,31.975,4.210,6.647,189.193,10.205,0,176.001
876.000,8,42.443,5.199,36.864,4.860,9.622,350.699,56.442,1,402.587
877.000,8,50.979,4.922,32.829,4.287,10.241,691.779,28.526,1,582.061
878.000,8,42.948,5.037,38.111,4.093,7.276,575.119,54.244,1,365.675
879.000,8,43.325,4.954,36.307,3.668,7.111,606.662,16.651,0,426.857
880.000,8,44.146,4.753,33.804,3.671,7.988,402.857,32.319,1,118.213
881.000,8,40.295,4.922,32.495,4.203,8.555,436.246,31.784,1,235.255
882.000,8,47.087,5.240,32.049,4.652,6.134,720.939,64.749,1,545.242
883.000,8,49.930,5.065,37.877,4.139,7.487,271.708,19.385,0,432.613
884.000,8,44.671,5.079,33.140,4.450,8.279,434.571,68.894,1,349.253
885.000,8,49.766,5.259,33.857,5.215,8.511,711.281,45.321,1,297.570
886.000,8,51.006,5.199,41.075,3.858,5.811,669.545,74.292,1,134.864
887.000,8,41.338,5.105,33.068,4.193,5.334,476.935,21.742,1,492.836
888.000,8,46.319,5.154,36.692,4.688,6.275,207.799,18.717,1,382.345
889.000,8,43.797,4.992,34.816,3.969,8.080,255.554,56.675,0,442.537
890.000,8,51.444,5.129,36.687,3.968,6.669,270.471,65.972,1,509.382
891.000,8,42.942,5.030,34.405,4.392,9.469,576.764,15.875,1,675.988
892.000,8,44.016,5.054,35.769,3.434,6.422,432.923,73.020,1,452.844
893.000,8,52.637,5.042,35.274,4.317,5.016,497.014,13.627,0,214.616
894.000,8,36.181,5.014,31.639,5.972,7.068,471.691,78.287,1,275.521
895.000,8,40.632,5.054,37.235,4.344,7.074,303.830,79.125,1,393.986
896.000,8,43.305,5.028,39.789,3.612,8.627,296.076,12.761,0,433.572
897.000,8,37.984,5.194,33.424,3.546,6.553,586.911,28.589,0,525.307
898.000,8,46.330,4.965,35.566,3.975,7.290,604.215,55.466,0,425.413
899.000,8,41.635,5.093,28.680,3.818,10.285,503.198,28.033,1,370.736
900.000,8,49.823,4.849,34.401,4.902,8.325,721.192,68.999,1,279.545
901.000,8,43.292,5.136,37.249,3.418,8.643,669.619,68.830,0,394.182
902.000,8,48.221,4.988,38.405,3.746,9.860,711.527,56.505,0,352.573
903.000,8,48.520,4.966,36.682,4.630,5.348,393.923,29.120,0,368.102
904.000,8,47.746,4.961,37.415,3.952,6.656,595.991,31.094,1,362.689
905.000,8,48.625,5.100,36.107,4.593,8.786,688.797,22.029,0,525.468
906.000,8,45.730,4.876,32.232,3.589,6.655,268.659,66.311,1,277.942
907.000,8,48.004,4.920,36.632,3.466,9.189,569.095,72.933,1,307.884
908.000,8,50.769,4.868,35.749,3.894,6.535,659.443,71.226,0,301.150
909.000,8,50.657,5.226,36.918,3.657,8.899,473.715,48.614,0,761.976
910.000,8,43.158,5.089,32.184,5.192,5.815,226.453,31.066,1,222.824
911.000,8,47.600,5.087,37.032,3.658,6.384,733.137,53.176,0,473.365
912.000,8,50.681,5.188,38.757,4.314,7.186,475.819,32.412,1,511.867
913.000,8,42.532,5.094,35.455,4.420,10.066,234.311,63.792,1,428.881
914.000,8,44.698,4.794,33.630,3.577,4.905,237.546,29.896,1,523.107
915.000,8,46.024,5.099,39.902,5.511,8.422,602.490,46.786,0,262.684
916.000,8,34.019,5.087,36.830,3.890,6.336,560.046,15.816,1,678.044
917.000,8,44.756,4.920,32.787,4.072,5.269,295.296,71.716,0,259.052
918.000,8,52.854,5.187,33.340,4.713,8.160,370.515,16.844,1,193.245
919.000,8,49.866,5.041,36.206,5.120,5.968,522.873,17.601,1,209.730
920.000,8,51.111,4.835,34.349,4.336,8.216,655.432,74.591,1,407.060
921.000,8,45.946,4.995,34.481,4.705,6.901,348.588,36.585,1,277.995
922.000,8,47.361,4.661,32.463,3.644,8.531,542.699,14.317,0,405.974
923.000,8,44.514,5.170,32.768,4.459,6.379,723.516,23.098,1,455.746
924.000,8,41.074,4.815,34.566,4.124,5.930,227.896,62.494,1,145.587
925.000,8,44.408,5.039,41.038,4.148,8.735,599.101,51.822,1,558.907
926.000,8,52.529,5.288,33.806,4.863,11.187,313.679,79.084,1,417.217
927.000,8,34.940,5.076,32.836,3.852,9.061,271.209,38.490,1,519.527
928.000,8,45.637,5.142,35.755,3.932,5.793,276.649,74.336,0,356.013
929.000,8,36.718,5.098,30.165,4.968,10.277,756.985,38.435,1,190.584
930.000,8,36.714,5.233,35.605,4.430,6.705,692.867,10.582,1,379.776
931.000,8,43.303,4.747,34.499,4.040,8.683,281.977,77.554,1,534.559
932.000,8,36.460,4.885,35.167,4.058,9.155,292.318,14.036,1,557.623
933.000,8,49.610,4.949,31.492,3.533,9.375,740.605,11.212,1,260.487
934.000,8,42.626,4.837,33.593,6.286,7.437,536.403,16.580,1,509.125
935.000,8,38.180,4.826,31.503,5.847,5.741,752.103,64.490,1,297.626
936.000,8,46.875,4.975,38.660,3.654,10.572,455.848,59.747,0,365.933
937.000,8,52.229,5.000,33.394,4.816,4.674,264.449,63.494,1,475.746
938.000,8,48.644,5.229,39.157,4.427,10.457,566.794,12.392,1,423.829
939.000,8,36.806,4.915,31.978,3.747,9.440,313.890,42.042,1,204.726
940.000,8,49.250,4.903,36.658,5.101,7.834,730.856,42.731,1,326.019
941.000,8,48.608,5.067,35.535,4.996,7.275,662.590,68.327,1,293.509
942.000,8,46.282,4.983,32.755,4.712,6.865,612.090,70.863,1,183.678
943.000,8,43.404,4.829,33.889,4.769,5.102,744.165,62.957,1,278.267
944.000,8,47.659,5.048,29.884,3.656,7.409,650.475,34.986,1,275.398
945.000,8,43.505,5.238,35.720,3.889,11.107,442.410,48.267,1,549.903
946.000,8,49.603,5.119,37.762,4.479,10.633,596.173,66.248,1,368.348
947.000,8,49.618,4.643,36.110,4.851,7.928,255.823,14.665,1,556.755
948.000,8,55.993,4.728,31.583,3.737,8.637,592.582,78.962,1,330.634
949.000,8,45.800,5.015,35.440,3.549,6.375,685.943,13.010,1,428.335
950.000,8,57.703,4.968,40.027,3.955,7.765,335.503,74.061,1,336.682
951.000,8,37.857,5.295,32.506,4.652,8.626,497.344,65.042,1,339.619
952.000,8,52.602,5.035,31.076,4.518,7.527,682.219,42.634,1,46.320
953.000,8,49.232,4.961,30.266,4.316,7.869,307.882,24.796,1,332.539
954.000,8,55.762,4.615,35.806,4.202,9.021,553.034,33.122,1,177.198
955.000,8,47.715,5.091,37.073,4.085,8.738,707.961,71.552,1,634.419
956.000,8,37.271,5.006,36.513,5.621,8.625,604.445,45.750,1,358.873
957.000,8,48.572,4.929,33.393,4.769,10.125,570.137,79.063,1,123.687
958.000,8,40.361,4.732,37.971,3.654,4.455,366.818,65.564,0,518.779
959.000,8,54.087,5.198,32.946,5.656,6.722,798.471,14.798,1,142.684
960.000,8,50.305,5.113,32.678,4.047,10.556,520.135,30.973,1,255.969
961.000,8,52.094,5.075,31.016,3.615,5.720,413.668,61.502,1,237.680
962.000,8,43.578,5.166,35.607,3.747,9.719,539.567,75.442,0,518.501
963.000,8,48.929,4.959,33.885,4.109,7.635,785.357,70.201,0,356.959
964.000,8,48.944,5.135,27.378,3.977,6.868,335.317,46.286,1,438.852
965.000,8,38.382,5.064,36.372,4.687,8.881,563.909,66.088,1,458.851
966.000,8,39.604,4.984,36.092,3.861,8.890,687.246,13.006,0,511.841
967.000,8,35.719,4.933,30.965,3.963,7.381,378.976,62.382,1,356.994
968.000,8,59.574,5.037,31.457,4.498,5.473,577.615,68.430,1,188.847
969.000,8,38.537,5.067,36.938,3.632,8.654,344.280,67.223,1,450.579
970.000,8,41.785,5.106,31.111,5.896,6.642,386.288,76.553,1,0.000
971.000,8,45.971,4.941,33.558,3.752,9.147,318.748,66.531,1,258.919
972.000,8,47.002,5.065,36.680,4.720,8.814,356.854,64.637,1,507.261
973.000,8,39.567,4.917,38.881,4.427,8.509,759.784,10.552,1,415.765
974.000,8,50.245,4.882,33.104,4.469,9.060,346.386,36.619,0,267.884
975.000,8,44.906,5.277,35.413,4.025,11.832,534.088,44.958,1,407.007
976.000,8,48.738,5.226,36.265,4.489,6.367,700.305,25.165,1,352.090
977.000,8,41.825,4.876,35.757,3.788,6.866,547.457,73.215,0,359.149
978.000,8,45.804,4.991,34.317,3.931,6.617,387.329,47.525,1,418.454
979.000,8,39.913,5.116,37.730,5.140,9.855,461.432,36.033,1,518.563
980.000,8,51.870,4.894,37.439,3.927,7.000,628.221,44.275,0,421.605
981.000,8,48.112,5.023,34.039,4.674,9.154,571.988,74.199,1,115.610
982.000,8,53.089,5.260,29.601,3.725,5.978,455.497,14.034,1,182.075
983.000,8,45.180,5.084,35.335,3.727,8.338,697.868,73.060,1,374.266
984.000,8,52.126,4.933,32.067,4.497,8.176,666.608,15.000,0,438.072
985.000,8,47.952,4.840,31.583,4.091,6.585,742.061,25.541,1,164.407
986.000,8,46.176,5.044,34.245,4.371,3.950,308.678,65.366,1,32.642
987.000,8,49.712,5.098,35.292,3.817,5.875,680.667,20.989,1,161.732
988.000,8,42.778,4.923,33.845,4.717,8.321,571.913,79.774,1,211.683
989.000,8,46.392,5.040,35.194,4.436,10.451,615.986,55.879,1,301.227
990.000,8,52.076,5.042,34.497,3.853,6.740,445.461,75.536,1,291.168
991.000,8,47.536,4.964,30.981,4.039,7.399,719.065,73.122,1,171.697
992.000,8,43.960,5.165,32.418,4.522,6.677,759.315,68.160,1,233.553
993.000,8,41.546,5.249,31.564,4.281,10.157,822.706,49.462,1,214.450
994.000,8,39.721,4.626,33.014,5.933,7.025,836.992,53.810,1,312.705
995.000,8,44.704,5.147,29.704,5.530,6.955,441.985,26.490,1,160.481
996.000,8,37.927,4.875,32.998,5.194,7.498,557.809,14.931,1,149.944
997.000,8,49.477,4.752,32.208,5.718,9.362,546.113,16.898,1,100.322
998.000,8,39.683,4.971,34.384,5.927,9.529,528.477,39.643,0,283.617
999.000,8,41.324,5.241,30.219,4.441,6.636,598.624,59.753,1,247.517
0.000,9,51.306,4.879,44.682,1.213,6.334,0.000,73.398,0,1183.358
1.000,9,48.121,4.859,47.718,1.256,6.987,0.000,46.704,1,992.296
2.000,9,55.496,5.101,45.021,1.065,4.655,0.000,28.196,1,970.168
3.000,9,51.128,4.906,50.496,1.183,5.727,0.000,60.906,0,961.903
4.000,9,50.951,4.843,47.159,2.041,7.460,0.000,12.852,0,1124.825
5.000,9,45.152,5.097,47.110,2.394,5.651,0.000,60.411,1,924.954
6.000,9,49.588,5.127,42.459,1.799,7.352,0.000,39.201,0,1158.191
7.000,9,50.435,4.894,44.178,2.475,6.800,0.000,59.421,0,1206.803
8.000,9,48.403,4.924,46.130,1.122,5.581,0.000,59.040,0,1017.313
9.000,9,45.577,5.028,48.742,1.158,4.278,0.000,70.971,0,1412.452
10.000,9,47.684,4.937,45.245,0.828,5.911,0.000,26.438,1,1279.648
11.000,9,38.794,5.028,45.464,1.572,7.133,0.000,59.445,0,810.525
12.000,9,62.753,5.033,45.969,0.804,4.561,0.000,41.258,0,1153.698
13.000,9,45.410,5.009,43.929,1.849,7.606,0.000,14.119,1,1012.153
14.000,9,42.425,5.082,46.400,1.016,5.563,0.000,75.018,0,1324.122
15.000,9,37.584,5.080,44.545,0.806,5.240,0.000,63.262,0,1269.018
16.000,9,46.465,4.995,40.301,1.325,4.235,0.000,28.415,0,1213.882
17.000,9,32.002,5.045,45.566,1.596,6.338,0.000,64.008,0,1069.668
18.000,9,43.900,5.139,45.852,2.745,5.995,0.000,58.304,0,1178.903
19.000,9,46.911,5.194,47.293,1.487,4.390,0.000,56.704,1,1319.302
20.000,9,50.799,4.993,45.125,1.041,8.957,0.000,66.248,0,1255.394
21.000,9,32.903,4.948,48.072,1.299,4.342,0.000,41.532,0,1156.957
22.000,9,38.033,4.961,43.506,1.828,4.112,0.000,14.006,0,805.747
23.000,9,54.067,5.012,48.275,2.385,4.565,0.000,71.016,0,1115.303
24.000,9,41.660,4.891,45.881,1.176,4.845,0.000,13.941,1,1056.879
25.000,9,44.758,5.015,46.580,1.092,4.794,0.000,14.566,0,1356.129
26.000,9,43.929,4.913,46.145,2.575,6.978,0.000,42.983,0,1205.172
27.000,9,46.356,4.961,42.513,1.414,1.824,0.000,21.649,0,1054.294
28.000,9,51.542,5.265,50.723,1.707,6.976,0.000,73.641,0,1373.917
29.000,9,45.856,5.056,47.011,2.739,7.164,0.000,29.622,0,1220.404
30.000,9,45.547,4.885,45.866,1.667,4.842,0.000,46.579,1,1267.628
31.000,9,47.227,4.972,40.974,1.121,6.907,0.000,25.780,0,1099.945
32.000,9,41.908,5.085,41.215,2.488,6.766,0.000,18.885,0,1431.049
33.000,9,39.411,4.945,49.380,1.905,0.955,0.000,23.160,1,1189.164
34.000,9,47.591,4.974,40.503,1.272,7.371,0.000,37.599,0,1282.219
35.000,9,39.998,5.158,46.149,0.908,2.884,0.000,33.013,1,1034.488
36.000,9,40.283,5.154,44.288,0.898,3.581,0.000,74.543,1,1258.052
37.000,9,39.897,4.890,49.295,1.505,6.283,0.000,66.130,0,1159.973
38.000,9,44.528,5.148,46.727,1.855,6.184,0.000,18.950,0,1160.063
39.000,9,40.024,5.081,47.174,2.205,5.063,0.000,24.330,1,988.443
40.000,9,41.506,4.969,51.521,1.658,4.877,0.000,36.027,1,864.413
41.000,9,48.217,4.869,44.361,1.088,7.381,0.000,52.676,0,1205.319
42.000,9,49.120,5.016,48.530,1.236,5.869,0.000,45.132,0,995.873
43.000,9,42.289,5.149,45.160,2.509,2.431,0.000,46.052,1,979.341
44.000,9,42.647,4.850,42.970,2.213,5.949,0.000,52.961,0,1319.947
45.000,9,50.156,4.705,41.243,1.204,4.335,0.000,76.068,1,1091.779
46.000,9,46.904,5.036,40.552,1.241,4.256,0.000,21.681,0,1083.847
47.000,9,44.919,5.062,45.968,1.761,6.859,0.000,75.576,0,1018.606
48.000,9,51.101,5.022,46.812,1.929,6.149,0.000,60.111,0,814.944
49.000,9,40.156,4.698,42.015,1.664,2.892,0.000,58.431,0,990.136
50.000,9,52.121,5.052,45.421,0.939,5.088,0.000,32.557,0,1075.759
51.000,9,44.765,5.099,43.622,1.816,6.447,0.000,56.556,0,1149.779
52.000,9,42.096,5.181,45.829,1.463,9.324,0.000,37.325,0,891.431
53.000,9,49.075,5.072,42.267,0.889,6.545,0.000,46.107,0,1013.362
54.000,9,54.809,5.154,44.687,1.266,6.723,0.000,47.971,0,1056.178
55.000,9,43.071,4.994,47.580,1.001,3.898,0.000,45.529,1,1212.011
56.000,9,43.593,5.283,42.581,1.310,6.066,0.000,76.719,1,786.152
57.000,9,43.250,5.184,45.778,1.478,5.752,0.000,26.310,0,1208.478
58.000,9,41.598,4.931,43.376,1.272,5.302,0.000,29.023,0,1038.434
59.000,9,42.661,5.066,44.353,1.257,8.454,0.000,32.145,0,1166.389
60.000,9,42.536,4.794,43.846,1.093,6.892,0.000,42.494,0,1272.538
61.000,9,48.472,4.974,47.280,1.625,7.834,0.000,38.195,0,1162.580
62.000,9,48.443,4.781,44.344,1.245,6.217,0.000,67.223,0,1433.399
63.000,9,42.480,4.710,42.759,2.212,4.211,0.000,24.062,1,1141.274
64.000,9,39.683,4.698,48.275,1.085,6.796,0.000,72.339,0,1085.718
65.000,9,35.110,5.032,44.600,1.735,7.441,0.000,64.390,1,1164.724
66.000,9,47.396,5.125,47.406,1.172,4.959,0.000,64.966,0,1100.736
67.000,9,41.031,5.014,46.000,1.585,5.782,0.000,14.431,0,839.490
68.000,9,42.377,4.928,46.843,0.909,6.008,0.000,27.292,1,798.111
69.000,9,36.606,4.854,46.671,1.150,3.019,0.000,75.170,0,979.493
70.000,9,40.948,4.812,44.331,1.599,8.004,0.000,52.989,0,1213.367
71.000,9,34.622,4.980,47.323,1.633,6.560,0.000,64.788,0,1098.898
72.000,9,45.916,4.974,45.419,2.820,5.809,0.000,78.236,1,1117.221
73.000,9,47.474,4.735,43.296,1.086,5.325,0.000,51.933,0,676.641
74.000,9,46.272,4.814,47.498,1.712,2.821,0.000,18.469,1,1165.654
75.000,9,35.598,5.005,48.042,1.097,6.043,0.000,25.711,0,1211.991
76.000,9,45.479,4.727,46.335,1.079,2.901,0.000,31.317,0,987.895
77.000,9,49.999,5.154,44.418,1.165,4.945,0.000,38.308,0,1135.022
78.000,9,46.704,4.806,43.801,0.983,5.114,0.000,39.412,0,1066.379
79.000,9,55.548,5.219,47.765,2.355,4.274,0.000,27.763,0,1154.510
80.000,9,48.713,5.105,44.152,1.249,5.601,0.000,26.543,0,967.111
81.000,9,44.661,5.086,40.959,1.770,6.499,0.000,42.693,0,1321.157
82.000,9,41.269,4.822,43.977,2.781,7.866,0.000,44.864,1,754.897
83.000,9,47.071,4.807,43.819,2.380,5.828,0.000,22.523,0,1065.765
84.000,9,48.386,4.827,43.180,1.088,6.044,0.000,52.699,0,916.813
85.000,9,41.962,4.957,42.433,1.015,6.605,0.000,24.506,1,1302.896
86.000,9,50.576,4.963,42.800,1.724,7.098,0.000,52.636,0,930.212
87.000,9,47.089,5.218,47.508,1.203,7.890,0.000,35.131,0,1307.236
88.000,9,51.029,4.977,44.495,1.338,5.721,0.000,17.824,0,1145.052
89.000,9,30.159,4.879,42.587,2.299,6.225,0.000,73.291,0,1002.290
90.000,9,48.751,4.940,43.597,1.107,7.243,0.000,10.747,0,801.358
91.000,9,44.872,5.010,48.379,1.244,5.311,0.000,40.644,0,980.625
92.000,9,50.989,4.763,45.916,0.989,4.148,0.000,16.014,0,1093.296
93.000,9,45.932,5.156,41.566,1.486,6.331,0.000,74.610,1,887.017
94.000,9,45.171,4.673,41.465,1.577,4.093,0.000,29.162,0,1128.272
95.000,9,34.990,5.129,41.402,2.345,5.997,0.000,38.227,0,1225.899
96.000,9,47.930,5.211,43.767,1.223,6.624,0.000,40.517,0,1132.125
97.000,9,44.982,5.088,45.604,2.687,2.487,0.000,58.296,0,972.874
98.000,9,47.273,5.001,43.554,1.254,5.347,0.000,42.722,1,1244.700
99.000,9,47.041,4.723,42.034,1.641,9.196,0.000,37.537,1,911.360
100.000,9,47.627,4.968,44.795,1.188,6.391,0.000,56.484,0,1481.219
101.000,9,41.047,4.813,40.813,1.122,4.976,0.000,31.751,0,1087.867
102.000,9,39.040,4.854,46.906,1.268,5.173,0.000,72.975,0,1002.224
103.000,9,36.888,5.167,47.419,1.170,3.367,0.000,78.364,0,854.617
104.000,9,45.477,4.842,45.301,2.929,5.781,0.000,47.911,1,1044.913
105.000,9,41.921,4.806,44.012,2.455,1.864,0.000,74.752,0,765.378
106.000,9,39.293,4.823,47.540,1.213,4.285,0.000,67.160,0,1042.571
107.000,9,49.402,5.248,41.194,1.966,6.102,0.000,43.828,0,780.571
108.000,9,40.237,5.355,47.065,1.475,6.343,0.000,43.662,0,977.554
109.000,9,43.971,4.903,48.175,1.492,4.737,0.000,33.386,1,1064.889
110.000,9,50.720,5.015,48.348,1.305,4.243,0.000,43.312,0,1085.303
111.000,9,42.696,4.793,44.800,1.160,5.131,0.000,15.682,1,795.651
112.000,9,48.426,5.139,44.880,1.483,5.795,0.000,46.880,0,1142.505
113.000,9,49.301,5.276,44.092,2.344,8.300,0.000,18.454,1,882.769
114.000,9,46.201,5.140,42.195,2.651,3.968,0.000,60.424,0,899.564
115.000,9,40.573,4.973,42.222,1.096,6.595,0.000,53.116,0,1181.489
116.000,9,42.228,5.103,42.421,1.220,4.110,0.000,32.426,0,1081.404
117.000,9,45.947,4.974,45.447,1.402,5.155,0.000,11.217,1,1046.972
118.000,9,43.009,5.092,45.929,1.324,4.531,0.000,37.758,0,1265.438
119.000,9,49.552,5.004,43.688,1.393,3.791,0.000,24.587,0,1002.181
120.000,9,48.845,4.833,45.114,2.465,7.470,0.000,20.163,0,1049.723
121.000,9,43.697,5.120,46.503,2.374,5.460,0.000,47.616,1,1040.802
122.000,9,55.116,5.021,46.263,1.524,8.104,0.000,73.738,0,937.212
123.000,9,32.764,4.933,41.351,1.372,5.880,0.000,15.660,1,857.428
124.000,9,41.769,4.808,43.079,1.254,4.660,0.000,18.115,0,1018.043
125.000,9,42.379,4.983,45.881,2.535,6.552,0.000,32.691,0,843.004
126.000,9,43.666,4.600,47.549,1.474,1.844,0.000,44.063,0,849.603
127.000,9,39.689,4.972,51.157,2.514,4.737,0.000,52.702,0,1055.998
128.000,9,36.541,5.196,41.944,1.753,7.425,0.000,23.073,1,980.934
129.000,9,45.453,5.108,42.957,1.776,5.434,0.000,42.340,1,1096.681
130.000,9,47.693,4.962,41.294,1.877,7.398,0.000,76.670,0,660.520
131.000,9,37.235,4.946,43.731,1.129,6.357,0.000,77.931,1,1096.018
132.000,9,41.973,5.063,48.916,3.113,7.075,0.000,40.352,0,1062.341
133.000,9,39.566,5.100,44.845,1.768,5.379,0.000,58.819,0,1073.021
134.000,9,45.206,4.853,45.815,2.284,4.560,0.000,28.901,1,950.279
135.000,9,44.757,4.817,42.705,1.271,4.686,0.000,43.660,0,1100.595
136.000,9,48.906,4.922,44.723,1.479,5.902,0.000,32.690,0,1042.722
137.000,9,40.533,4.857,45.387,1.452,6.799,0.000,39.103,1,1090.293
138.000,9,42.689,4.986,37.630,1.604,7.323,0.000,27.270,0,1031.792
139.000,9,49.237,4.978,42.569,2.156,4.375,0.000,44.120,0,1004.742
140.000,9,45.819,4.765,42.204,2.455,6.061,0.000,52.057,0,1097.385
141.000,9,43.494,4.730,46.109,1.565,7.812,0.000,34.679,0,648.554
142.000,9,46.072,4.928,42.930,1.703,4.953,0.000,64.256,0,1136.977
143.000,9,41.380,4.737,45.314,2.785,4.265,0.000,17.150,0,1019.089
144.000,9,40.490,5.272,42.473,3.104,5.949,0.000,25.208,0,843.173
145.000,9,38.591,5.018,42.105,2.853,6.019,0.000,36.395,0,880.734
146.000,9,37.552,4.868,46.628,2.648,6.441,0.000,67.439,0,1074.753
147.000,9,46.656,5.266,45.851,1.832,5.976,0.000,22.424,1,976.335
148.000,9,50.874,4.967,39.439,2.070,5.761,0.000,75.094,0,1244.524
149.000,9,44.351,5.008,45.682,1.308,5.478,0.000,14.955,0,958.822
150.000,9,43.761,5.147,41.375,2.176,4.897,0.000,54.170,0,1305.309
151.000,9,48.028,5.000,44.382,2.741,4.805,0.000,73.837,0,744.659
152.000,9,42.874,5.184,42.158,3.552,6.891,0.000,63.506,1,674.755
153.000,9,49.687,4.964,40.185,2.900,4.075,0.000,39.041,0,1019.780
154.000,9,47.600,4.982,43.767,1.675,9.140,0.000,56.639,1,928.684
155.000,9,41.007,4.931,40.949,1.646,2.987,0.000,71.718,0,929.354
156.000,9,41.086,4.865,44.607,1.459,4.270,0.000,36.575,1,1165.783
157.000,9,50.923,5.270,43.554,1.833,4.987,0.000,74.398,0,926.554
158.000,9,42.722,4.982,43.181,1.440,4.367,0.000,58.789,1,866.440
159.000,9,47.727,5.054,42.535,2.336,5.451,0.000,30.121,0,926.453
160.000,9,49.367,4.950,40.718,2.074,6.844,0.000,36.945,1,913.491
161.000,9,40.996,5.123,42.105,2.179,3.446,0.000,11.152,0,744.379
162.000,9,42.698,5.076,41.761,2.178,7.874,0.000,24.133,0,1144.355
163.000,9,44.029,4.957,43.721,1.220,6.147,0.000,45.457,0,1080.850
164.000,9,41.040,5.070,45.455,1.694,3.445,0.000,45.474,0,1177.347
165.000,9,40.623,4.955,44.800,2.352,8.446,0.000,55.254,0,939.180
166.000,9,45.816,4.889,41.570,1.932,5.036,0.000,20.952,1,916.888
167.000,9,45.512,4.898,47.490,2.208,6.034,0.000,47.681,0,1252.135
168.000,9,49.257,4.973,45.443,1.946,6.207,0.000,25.525,0,733.283
169.000,9,50.818,5.012,40.801,1.571,3.402,0.000,68.103,0,1195.206
170.000,9,45.117,4.737,42.060,1.516,5.350,0.000,36.491,0,580.420
171.000,9,44.698,5.011,46.708,1.931,8.132,0.000,35.606,0,949.758
172.000,9,39.285,5.376,46.712,2.351,6.064,0.000,77.097,0,769.224
173.000,9,45.220,4.992,38.639,1.329,4.737,0.000,38.031,0,980.888
174.000,9,50.831,4.801,42.454,2.772,6.232,0.000,34.750,0,1087.745
175.000,9,48.810,4.916,40.305,1.272,4.516,0.000,20.554,0,920.080
176.000,9,37.967,4.914,40.777,1.624,7.315,0.000,78.270,1,1183.379
177.000,9,41.570,5.067,41.098,1.692,4.321,12.453,25.971,0,872.787
178.000,9,41.726,4.798,45.532,2.837,9.123,0.000,12.962,1,809.205
179.000,9,45.285,4.949,43.006,1.564,6.454,0.000,33.917,0,1154.005
180.000,9,44.075,5.094,45.524,2.158,6.610,0.000,65.710,0,899.180
181.000,9,36.742,5.249,42.364,1.609,6.253,0.000,40.386,1,1055.402
182.000,9,38.924,5.042,45.809,1.508,5.850,0.000,52.862,1,787.555
183.000,9,42.712,4.858,41.125,1.341,6.810,0.000,34.488,1,1216.566
184.000,9,47.476,5.201,47.986,2.417,5.773,0.000,62.623,0,930.387
185.000,9,48.110,4.718,42.526,4.242,3.845,0.000,41.381,1,946.394
186.000,9,44.778,5.087,43.400,1.357,6.854,0.000,70.162,0,919.892
187.000,9,53.257,5.166,40.253,2.509,4.029,0.000,51.194,0,837.193
188.000,9,48.429,5.163,42.196,2.358,6.493,4.323,56.058,1,697.984
189.000,9,38.055,4.873,45.321,1.270,7.207,0.000,35.388,0,951.478
190.000,9,44.196,4.709,47.078,3.263,4.628,0.000,73.715,1,781.165
191.000,9,43.519,5.044,41.544,1.415,4.476,0.000,56.039,0,954.008
192.000,9,50.469,4.739,40.255,2.729,5.918,0.000,54.392,0,1127.867
193.000,9,44.093,4.844,44.563,1.784,3.960,0.000,50.344,1,795.290
194.000,9,42.810,5.123,38.801,3.352,5.859,0.000,32.400,1,1154.746
195.000,9,51.495,5.090,43.177,1.562,6.358,0.000,23.306,1,819.778
196.000,9,50.041,4.979,44.288,2.131,6.956,0.000,75.476,0,1098.462
197.000,9,38.865,4.984,42.581,1.564,6.054,0.000,75.024,0,675.543
198.000,9,48.705,5.028,44.865,2.797,7.082,0.000,40.937,0,860.581
199.000,9,47.406,4.875,44.538,2.407,2.712,0.000,69.861,1,879.505
200.000,9,39.742,5.066,48.058,1.927,4.287,0.000,58.239,0,1043.239
201.000,9,44.588,5.017,43.555,2.337,7.176,0.000,53.951,0,1062.700
202.000,9,39.773,5.130,42.990,1.725,4.476,0.000,20.904,0,845.340
203.000,9,43.648,4.977,46.698,3.063,5.177,16.648,50.323,0,974.395
204.000,9,54.138,5.240,47.152,2.491,5.615,0.000,23.463,0,960.776
205.000,9,46.226,4.695,42.367,1.547,6.474,0.000,27.093,0,1046.854
206.000,9,49.024,4.808,46.033,1.720,6.982,0.000,56.381,0,866.020
207.000,9,44.553,5.133,45.612,1.867,5.829,0.000,33.329,0,1017.848
208.000,9,46.282,4.947,44.821,1.447,6.167,22.875,18.303,0,949.940
209.000,9,43.831,4.949,41.412,1.477,4.847,0.000,45.742,0,974.620
210.000,9,46.154,5.024,42.986,2.395,4.305,0.000,31.448,0,854.106
211.000,9,44.204,5.164,45.957,1.852,8.196,0.000,78.115,0,774.077
212.000,9,36.415,4.925,44.732,1.438,4.797,0.000,61.700,0,920.745
213.000,9,47.290,4.875,47.624,2.522,6.806,0.000,59.459,0,958.891
214.000,9,33.694,4.819,46.113,2.375,7.038,0.000,55.141,0,1023.452
215.000,9,53.609,4.886,43.493,1.641,6.410,0.000,56.855,0,977.840
216.000,9,48.037,4.839,39.766,1.805,6.310,52.470,69.967,0,747.247
217.000,9,49.011,4.875,44.378,1.624,8.555,0.000,46.304,0,902.819
218.000,9,51.364,4.853,41.849,2.934,4.515,0.000,20.695,0,1308.535
219.000,9,58.965,5.012,48.320,1.697,7.262,0.000,39.421,0,792.022
220.000,9,44.475,4.867,42.233,2.005,7.032,0.000,28.889,0,1060.972
221.000,9,48.944,5.006,47.136,2.510,7.160,0.000,25.544,0,943.496
222.000,9,43.492,5.319,42.108,2.246,4.076,0.000,30.031,0,1008.276
223.000,9,45.666,4.956,41.859,2.348,6.014,0.000,61.316,0,909.064
224.000,9,41.487,4.890,45.472,1.390,6.517,0.000,59.740,0,929.826
225.000,9,48.406,4.786,39.502,2.574,4.255,10.077,51.137,0,613.722
226.000,9,44.711,4.682,46.169,1.447,5.632,0.000,62.099,0,801.421
227.000,9,43.934,4.820,44.699,1.453,7.875,0.000,37.993,0,831.231
228.000,9,35.214,5.333,42.428,1.993,8.672,15.813,57.140,0,1078.095
229.000,9,43.700,4.921,42.068,1.388,6.272,0.000,57.676,0,1059.892
230.000,9,52.888,5.122,41.629,1.973,5.280,68.140,65.159,0,812.840
231.000,9,48.008,5.009,43.194,1.644,7.117,0.000,45.354,0,772.431
232.000,9,46.166,4.944,43.649,1.530,5.397,0.000,32.545,0,725.854
233.000,9,43.773,4.862,42.100,3.397,6.957,35.926,78.893,1,641.849
234.000,9,40.003,4.948,43.082,1.574,4.000,0.000,73.769,0,866.200
235.000,9,45.517,5.276,41.177,2.066,8.715,0.000,47.694,0,958.970
236.000,9,46.962,5.053,42.996,1.852,8.600,0.000,40.261,1,846.479
237.000,9,48.455,5.044,41.071,2.072,6.805,0.000,41.042,0,916.887
238.000,9,54.002,4.871,43.410,2.344,4.754,0.000,28.116,1,1074.267
239.000,9,43.861,5.064,42.381,1.633,6.101,0.000,17.065,0,939.126
240.000,9,40.763,5.063,46.810,2.340,9.290,0.000,34.519,0,1236.512
241.000,9,48.354,5.147,44.691,2.360,9.038,0.000,67.014,1,966.815
242.000,9,40.014,4.900,44.925,2.327,7.947,0.000,21.148,0,861.524
243.000,9,53.832,5.136,46.159,2.500,6.525,0.000,45.524,0,1117.171
244.000,9,50.341,4.843,40.911,2.205,6.965,0.000,71.225,1,710.384
245.000,9,51.439,5.027,43.910,1.578,8.421,0.000,69.048,0,1113.700
246.000,9,46.220,5.140,43.720,1.473,4.885,30.386,11.813,0,866.969
247.000,9,35.430,5.296,44.035,1.498,4.403,0.000,30.283,1,972.262
248.000,9,43.155,4.986,40.394,1.924,6.331,0.000,11.577,1,1234.297
249.000,9,50.580,4.923,40.042,1.907,5.792,0.000,61.339,0,987.410
250.000,9,48.487,5.175,40.037,2.590,4.867,0.000,16.231,0,1161.972
251.000,9,41.852,4.972,44.529,2.179,5.024,0.000,37.137,0,1018.631
252.000,9,44.059,4.880,48.082,1.764,7.238,0.000,16.860,0,777.073
253.000,9,53.906,4.899,46.089,1.636,7.950,0.000,14.114,0,1286.876
254.000,9,41.461,5.076,45.597,1.479,5.282,0.000,14.197,0,978.591
255.000,9,47.373,4.791,40.996,2.033,7.476,0.000,74.499,1,808.185
256.000,9,43.595,4.788,39.566,1.655,6.476,0.000,25.772,0,883.225
257.000,9,40.056,4.840,39.230,1.698,5.621,0.000,25.582,0,1039.997
258.000,9,35.056,4.937,42.810,1.805,4.391,0.000,15.311,0,1154.887
259.000,9,39.951,4.906,49.619,1.542,4.373,0.000,48.180,0,776.316
260.000,9,34.907,5.001,42.968,2.066,5.396,0.000,14.475,0,1031.495
261.000,9,41.895,4.788,40.061,1.845,4.954,0.000,37.787,0,1080.894
262.000,9,46.799,5.129,39.166,2.080,7.554,0.000,27.647,1,828.342
263.000,9,47.080,4.849,46.089,2.002,7.817,0.000,53.359,0,1245.995
264.000,9,48.210,5.260,41.734,1.529,6.067,0.000,69.525,0,1013.014
265.000,9,41.938,5.092,39.882,1.568,5.999,0.000,32.321,0,998.415
266.000,9,42.646,4.945,40.794,2.485,6.783,0.000,17.721,0,991.839
267.000,9,46.884,5.102,44.996,3.984,5.348,0.000,18.259,0,919.261
268.000,9,36.411,4.999,39.634,2.771,7.275,0.000,65.758,1,966.876
269.000,9,40.468,4.804,41.759,2.336,7.929,52.029,67.367,0,752.325
270.000,9,54.943,5.100,42.921,1.538,6.856,0.000,42.336,0,853.405
271.000,9,35.031,5.035,43.250,2.251,5.377,0.000,26.902,0,937.990
272.000,9,39.437,5.043,34.370,1.530,6.490,0.000,38.093,0,742.415
273.000,9,39.383,4.744,40.906,3.269,8.396,73.228,17.526,0,1030.001
274.000,9,39.252,5.070,42.348,1.719,5.064,0.000,40.043,0,1158.649
275.000,9,46.631,5.170,45.051,1.879,4.367,0.000,17.866,1,797.835
276.000,9,39.587,4.985,43.747,2.094,5.507,0.000,56.715,0,909.223
277.000,9,47.683,5.048,39.983,1.584,5.573,0.000,67.821,0,949.623
278.000,9,40.978,5.019,43.139,1.559,7.837,0.000,61.970,0,923.432
279.000,9,57.734,5.085,40.582,2.341,5.096,0.000,43.807,0,1167.787
280.000,9,41.402,5.152,39.095,3.272,7.629,0.000,72.504,0,782.318
281.000,9,46.792,4.883,43.257,2.134,7.632,0.000,10.937,1,1019.936
282.000,9,41.544,4.976,42.815,2.014,6.661,94.082,66.988,1,871.771
283.000,9,42.753,4.760,41.982,3.701,6.326,0.000,73.270,0,881.559
284.000,9,48.281,5.023,43.068,2.308,4.717,0.000,19.336,0,989.948
285.000,9,49.171,4.917,42.716,1.932,7.283,0.000,22.039,0,867.096
286.000,9,37.187,4.979,42.960,2.133,6.368,0.000,36.037,0,1124.670
287.000,9,42.832,4.983,42.158,1.730,2.638,0.000,78.316,0,957.205
288.000,9,49.505,4.936,42.071,2.065,7.282,0.000,10.853,0,907.700
289.000,9,45.303,4.863,45.214,2.263,5.034,122.218,20.294,1,970.797
290.000,9,52.823,4.917,44.035,2.090,6.762,102.483,75.334,0,1216.893
291.000,9,47.092,4.892,45.955,1.914,9.309,0.000,14.227,0,904.008
292.000,9,41.279,5.477,45.006,1.887,5.313,15.183,27.540,1,1032.021
293.000,9,40.875,5.119,41.685,2.933,6.507,0.000,13.691,0,935.824
294.000,9,39.103,5.103,45.167,2.440,4.395,92.252,24.967,0,860.792
295.000,9,47.965,5.021,41.309,1.653,4.509,0.000,41.774,0,1091.749
296.000,9,43.865,5.127,43.842,1.711,7.472,0.000,23.427,0,981.313
297.000,9,41.546,5.050,45.190,2.774,6.877,71.038,61.004,1,826.534
298.000,9,46.158,4.968,44.522,2.877,5.275,0.000,23.339,1,965.028
299.000,9,55.863,4.970,41.242,2.422,3.378,0.000,31.257,0,890.076
300.000,9,45.195,4.974,40.818,2.780,6.222,0.000,47.755,1,1139.791
301.000,9,41.841,4.881,38.844,2.575,7.469,84.624,61.989,0,1039.594
302.000,9,44.640,5.200,43.009,3.000,4.444,102.433,34.290,0,757.914
303.000,9,39.976,4.975,38.357,3.032,5.523,0.000,76.805,0,846.908
304.000,9,44.404,4.712,43.043,1.961,7.556,97.370,46.144,0,722.233
305.000,9,42.483,4.842,44.246,2.076,6.301,0.000,41.211,0,777.495
306.000,9,44.353,4.953,43.491,3.365,5.478,40.617,70.293,0,968.438
307.000,9,45.310,4.715,41.628,2.294,5.714,27.117,15.913,0,723.923
308.000,9,38.959,4.778,42.314,1.948,8.790,0.000,39.480,1,822.462
309.000,9,44.737,5.198,43.646,2.652,10.552,0.000,63.224,1,846.370
310.000,9,48.591,4.879,42.855,1.871,3.510,122.064,16.420,1,790.738
311.000,9,47.134,5.082,41.059,1.870,7.541,0.000,21.694,0,978.727
312.000,9,49.597,5.007,44.079,1.948,6.044,0.000,64.065,0,722.760
313.000,9,32.989,5.075,39.773,3.565,6.360,0.000,73.352,1,833.742
314.000,9,43.312,4.877,42.500,2.000,7.749,0.000,24.544,1,932.891
315.000,9,44.069,4.965,41.995,2.898,6.597,0.000,36.739,0,848.507
316.000,9,44.578,5.022,41.383,2.035,6.159,56.919,13.046,0,966.213
317.000,9,44.683,4.751,42.455,3.055,5.842,0.000,44.210,1,685.570
318.000,9,44.144,4.913,39.763,2.282,7.950,0.000,65.331,1,956.383
319.000,9,40.024,4.909,36.558,2.300,8.602,0.000,14.688,1,1184.628
320.000,9,50.756,5.024,43.530,2.132,5.467,164.676,21.846,0,760.708
321.000,9,41.044,5.188,37.984,2.564,6.692,0.000,79.224,1,814.547
322.000,9,42.940,4.880,45.844,1.948,7.668,0.000,42.964,0,1176.123
323.000,9,54.370,5.161,41.283,2.417,8.041,140.407,71.228,0,866.507
324.000,9,50.743,5.029,42.035,2.226,4.628,152.603,10.112,1,851.994
325.000,9,48.936,5.137,43.945,2.616,5.866,156.332,15.422,0,868.109
326.000,9,51.685,5.208,43.598,2.869,8.576,162.978,32.681,1,853.002
327.000,9,43.251,5.059,40.664,2.112,4.300,0.000,73.373,0,1290.074
328.000,9,43.164,5.092,43.461,3.960,4.341,0.000,29.163,0,801.687
329.000,9,48.460,5.079,41.000,1.900,6.763,15.841,78.253,0,956.150
330.000,9,38.531,4.893,39.295,2.542,7.304,104.232,67.806,0,839.128
331.000,9,49.459,5.032,35.785,2.408,4.491,0.000,75.090,1,673.021
332.000,9,42.531,5.277,42.459,3.212,5.702,13.413,46.643,1,748.037
333.000,9,40.621,5.142,37.661,1.908,8.183,37.460,57.338,0,765.012
334.000,9,48.059,4.776,44.556,3.026,6.857,149.410,29.707,0,1095.535
335.000,9,45.567,4.948,41.424,2.816,7.521,0.000,74.560,0,1055.173
336.000,9,38.964,5.086,43.249,2.339,7.815,143.139,47.325,0,589.240
337.000,9,43.290,5.254,39.201,2.802,7.630,0.000,21.641,1,802.203
338.000,9,41.761,5.247,38.879,2.373,6.834,144.871,36.280,1,706.164
339.000,9,47.288,5.123,42.269,2.057,4.252,119.554,28.971,0,871.510
340.000,9,40.326,4.943,42.091,2.912,5.210,63.707,64.508,0,1028.816
341.000,9,43.503,4.934,41.018,1.762,5.107,0.000,78.417,1,1017.312
342.000,9,37.506,5.052,37.248,1.749,6.054,33.688,60.492,0,753.709
343.000,9,46.558,5.104,40.232,2.032,5.607,0.000,29.328,0,886.444
344.000,9,46.856,4.785,45.949,2.254,5.844,0.000,17.634,0,740.842
345.000,9,39.915,4.833,44.447,3.067,4.484,145.664,47.954,1,470.192
346.000,9,46.530,5.004,35.868,2.366,5.741,1.668,31.686,1,759.767
347.000,9,49.163,5.451,45.691,2.168,6.349,0.000,41.114,0,1110.607
348.000,9,52.895,4.957,38.840,3.422,6.662,0.000,30.643,0,883.195
349.000,9,40.353,5.024,39.082,1.851,4.336,0.000,43.071,0,1143.920
350.000,9,50.423,5.214,42.579,2.227,9.155,0.000,19.912,0,750.088
351.000,9,48.734,5.067,38.617,2.027,6.961,0.000,39.096,0,1178.286
352.000,9,44.087,4.855,42.965,2.267,4.638,21.416,58.989,0,509.565
353.000,9,43.441,5.041,41.115,1.873,6.143,0.000,49.544,0,1066.247
354.000,9,48.560,4.771,44.143,2.543,8.157,0.000,66.006,0,1014.139
355.000,9,37.563,5.083,43.902,2.526,8.220,204.612,19.838,0,1077.162
356.000,9,48.121,4.893,40.525,2.801,4.056,154.215,79.513,0,999.615
357.000,9,40.493,5.139,43.190,2.220,8.220,200.869,15.710,0,716.022
358.000,9,42.085,4.954,36.230,3.542,5.615,0.000,10.334,1,981.421
359.000,9,51.247,5.016,43.516,2.966,2.994,0.000,79.414,0,833.879
360.000,9,49.644,4.905,41.810,1.838,6.979,0.000,20.580,0,999.325
361.000,9,42.161,4.785,41.565,2.557,4.459,195.727,71.615,0,688.561
362.000,9,39.373,4.937,39.635,2.095,6.059,0.000,44.454,0,858.562
363.000,9,39.990,5.020,36.876,2.074,7.869,10.903,22.916,0,926.231
364.000,9,44.271,5.036,40.114,2.677,4.743,0.000,79.166,0,845.510
365.000,9,45.973,4.959,44.372,3.534,5.284,31.332,68.728,1,901.324
366.000,9,40.384,5.066,41.488,3.015,5.887,104.154,55.904,0,1005.642
367.000,9,46.136,5.064,42.949,2.592,7.426,0.000,10.755,0,799.280
368.000,9,46.201,4.893,43.004,1.821,8.359,113.016,28.969,1,639.706
369.000,9,39.620,4.788,36.428,1.877,5.243,194.139,74.865,1,769.613
370.000,9,49.462,4.984,40.330,3.651,4.771,0.000,39.436,1,871.529
371.000,9,39.907,4.940,39.019,3.429,5.496,0.000,71.028,1,886.277
372.000,9,45.411,5.207,39.606,2.962,5.331,0.000,58.755,0,958.023
373.000,9,49.041,4.799,37.233,1.885,7.078,116.280,16.693,0,926.268
374.000,9,43.633,4.872,39.979,1.957,5.932,0.000,65.618,1,914.961
375.000,9,46.297,5.131,39.964,2.569,6.279,72.502,30.464,0,757.675
376.000,9,41.233,4.687,43.425,3.147,4.452,173.110,41.422,1,831.215
377.000,9,47.999,4.802,42.033,2.966,6.453,156.820,34.870,0,850.083
378.000,9,47.484,4.695,38.705,2.256,10.649,0.000,20.343,0,806.961
379.000,9,41.955,4.982,43.854,2.607,7.604,140.248,28.025,0,822.277
380.000,9,50.012,4.922,41.312,3.417,6.475,0.000,60.371,0,796.583
381.000,9,42.544,4.917,43.272,2.128,6.821,0.000,24.771,0,863.004
382.000,9,53.233,4.917,41.304,2.963,5.304,90.555,33.098,1,674.255
383.000,9,43.564,5.216,40.373,4.104,8.067,27.056,72.797,1,896.884
384.000,9,43.699,4.889,47.563,2.407,6.607,87.882,52.211,0,916.307
385.000,9,40.830,4.943,43.625,2.919,5.264,30.627,15.356,0,1248.088
386.000,9,51.743,5.142,41.328,3.043,6.554,100.413,47.516,1,885.398
387.000,9,45.411,5.117,47.173,3.565,7.609,93.409,59.516,1,873.260
388.000,9,51.259,5.090,40.602,1.971,7.830,0.000,10.877,0,759.970
389.000,9,40.738,4.862,41.028,2.336,8.365,0.000,27.648,0,845.623
390.000,9,46.654,5.011,41.414,3.340,5.943,104.138,28.815,1,1042.480
391.000,9,51.397,4.549,38.725,2.132,5.684,46.805,77.883,1,862.363
392.000,9,52.376,5.085,40.573,3.487,5.558,223.150,76.476,0,998.837
393.000,9,39.420,4.983,40.113,2.036,6.729,225.638,49.017,0,892.611
394.000,9,44.997,4.907,37.616,2.050,7.163,159.051,31.842,1,894.698
395.000,9,38.947,4.829,44.462,2.019,6.009,0.795,78.937,0,874.971
396.000,9,51.418,5.046,40.709,3.927,4.632,32.367,55.107,1,763.288
397.000,9,43.200,5.086,42.199,2.498,7.515,201.921,26.649,0,966.070
398.000,9,50.239,4.904,39.129,2.422,8.173,127.866,69.632,0,901.452
399.000,9,44.460,5.042,36.467,2.600,6.259,169.319,46.805,0,995.711
400.000,9,46.307,5.075,42.974,2.600,6.867,0.000,52.158,0,1008.940
401.000,9,45.510,4.795,39.556,3.558,5.862,0.000,29.949,0,897.498
402.000,9,40.049,4.901,41.463,2.202,5.988,0.000,73.180,0,816.605
403.000,9,34.145,4.963,42.737,3.321,5.966,119.743,47.559,1,649.110
404.000,9,37.234,4.804,41.367,2.013,5.625,198.103,26.220,0,885.760
405.000,9,35.216,4.791,43.338,2.598,6.339,0.000,24.797,0,864.515
406.000,9,43.711,4.970,41.642,3.374,8.892,169.108,22.878,0,1068.799
407.000,9,44.586,5.129,36.398,2.353,7.675,180.685,28.787,0,1074.584
408.000,9,47.087,5.077,40.250,2.358,7.396,191.293,11.751,1,1049.116
409.000,9,39.009,5.097,37.413,2.731,8.551,16.813,60.427,0,770.245
410.000,9,45.920,5.197,42.960,2.868,6.587,0.000,73.820,1,679.861
411.000,9,47.980,4.968,40.969,2.346,7.710,73.614,63.325,0,859.814
412.000,9,43.931,4.789,41.417,2.496,3.770,229.979,37.868,0,818.354
413.000,9,43.837,5.151,35.270,3.083,8.159,0.000,72.600,1,698.296
414.000,9,44.697,4.908,41.453,4.074,9.472,133.075,60.069,0,740.143
415.000,9,46.804,4.734,45.777,2.916,7.101,0.000,46.954,0,439.500
416.000,9,44.636,4.942,43.191,2.494,6.192,203.893,54.552,1,964.799
417.000,9,49.209,4.933,47.545,1.952,8.771,27.703,43.020,1,694.253
418.000,9,46.295,5.042,41.617,1.987,5.170,0.000,14.495,0,823.713
419.000,9,41.545,4.901,38.136,2.937,6.543,0.000,36.008,0,948.972
420.000,9,46.420,5.088,41.208,3.379,9.366,41.821,71.902,0,779.789
421.000,9,50.008,4.938,37.682,2.475,6.252,0.000,34.887,0,903.112
422.000,9,50.517,5.101,40.528,2.671,5.692,199.470,64.906,1,933.591
423.000,9,47.419,4.605,36.636,2.436,7.880,0.000,39.436,0,814.593
424.000,9,43.324,5.173,40.976,2.071,7.203,133.911,38.564,1,849.132
425.000,9,47.865,4.732,37.685,2.315,6.606,94.390,45.577,0,886.471
426.000,9,46.221,5.059,38.596,4.265,4.289,0.000,54.402,1,778.637
427.000,9,42.432,4.750,38.360,2.154,4.720,24.953,52.004,0,803.384
428.000,9,43.262,5.066,45.602,2.469,6.679,33.216,24.713,0,647.817
429.000,9,55.568,4.995,38.144,2.452,7.006,0.000,42.826,0,732.679
430.000,9,41.226,5.001,39.569,2.445,5.682,64.203,67.836,0,1013.026
431.000,9,56.330,5.062,38.042,3.643,6.030,152.433,75.371,0,551.687
432.000,9,31.846,4.813,38.547,2.714,7.814,249.416,34.136,0,856.069
433.000,9,41.078,4.914,37.039,3.576,4.215,157.344,59.181,0,857.736
434.000,9,47.640,5.199,40.369,3.233,5.258,102.955,59.229,0,1039.622
435.000,9,40.965,4.992,44.276,4.284,6.060,194.238,21.645,0,773.404
436.000,9,46.785,5.117,42.118,3.854,6.844,0.000,35.094,0,845.597
437.000,9,44.347,4.771,43.067,3.078,6.994,0.000,67.929,0,715.316
438.000,9,51.456,5.222,37.442,2.112,6.191,0.000,57.582,0,521.622
439.000,9,44.559,5.397,43.514,2.836,4.577,0.000,54.856,1,751.340
440.000,9,43.698,4.935,42.060,2.299,6.760,0.000,55.440,0,641.717
441.000,9,44.220,5.003,39.465,3.146,7.261,1.587,21.157,0,1019.631
442.000,9,52.911,4.881,44.444,2.728,5.173,0.000,17.946,1,1005.357
443.000,9,47.733,5.333,38.402,2.866,6.642,202.411,14.775,0,934.373
444.000,9,45.507,4.999,41.179,4.428,7.371,0.000,34.731,0,523.265
445.000,9,45.811,4.961,41.290,2.183,6.113,0.000,47.443,0,772.247
446.000,9,43.213,5.040,42.079,2.213,7.349,0.000,32.152,0,598.254
447.000,9,38.175,4.840,41.289,3.768,7.670,0.000,11.630,0,505.505
448.000,9,48.395,4.872,39.013,2.759,9.044,0.000,40.811,1,942.678
449.000,9,37.661,4.892,39.855,2.149,6.861,0.000,19.361,1,892.100
450.000,9,44.948,5.055,41.010,2.253,4.445,275.835,28.008,0,848.860
451.000,9,39.548,5.025,41.852,2.552,5.381,44.540,73.677,0,1104.400
452.000,9,42.520,4.836,39.887,2.784,6.855,259.649,11.802,0,894.062
453.000,9,45.679,4.814,42.257,4.256,9.943,219.203,25.195,0,871.025
454.000,9,42.851,4.786,41.793,2.848,7.474,78.069,67.302,0,769.124
455.000,9,49.897,4.859,39.861,2.889,8.203,21.448,38.788,0,864.971
456.000,9,43.069,4.839,41.083,3.512,8.710,0.000,28.218,0,875.950
457.000,9,42.635,4.811,37.955,3.041,6.154,215.127,11.980,0,747.455
458.000,9,38.855,5.069,42.613,2.551,8.433,0.000,13.479,1,625.838
459.000,9,46.573,5.041,39.439,3.293,8.140,228.268,70.994,0,478.389
460.000,9,48.862,4.990,39.238,2.159,7.468,224.663,51.037,0,1169.397
461.000,9,44.395,4.810,39.677,3.306,6.898,190.490,31.908,0,671.036
462.000,9,41.420,4.998,36.795,2.388,6.199,0.000,47.728,0,866.425
463.000,9,49.744,5.043,46.446,2.537,4.094,181.802,75.959,0,764.087
464.000,9,38.732,4.942,40.486,2.259,3.456,0.000,46.124,0,844.898
465.000,9,41.836,5.024,35.262,2.235,5.188,246.773,52.464,0,746.955
466.000,9,52.144,5.028,38.294,3.623,6.818,249.685,78.859,0,994.293
467.000,9,44.256,5.111,45.970,4.145,10.446,218.230,12.735,0,671.564
468.000,9,42.660,4.803,40.770,2.350,5.891,0.000,13.932,1,911.827
469.000,9,47.942,4.986,43.492,2.484,7.367,0.000,47.797,1,915.352
470.000,9,45.243,4.961,42.155,2.253,5.532,0.000,24.314,0,562.192
471.000,9,45.574,5.385,42.214,3.077,5.539,0.000,35.968,1,810.164
472.000,9,54.822,4.927,39.008,2.977,7.150,0.000,55.811,1,815.617
473.000,9,34.502,4.851,40.161,2.215,6.744,308.763,44.790,0,647.116
474.000,9,40.685,4.999,40.052,2.323,7.599,114.482,71.982,0,1125.769
475.000,9,45.742,5.155,43.407,3.996,5.708,223.979,48.875,1,872.751
476.000,9,35.449,5.183,42.210,3.845,5.851,17.601,57.978,1,783.618
477.000,9,45.021,5.006,42.121,2.163,7.333,10.956,23.360,1,962.459
478.000,9,49.048,4.763,41.260,2.455,6.747,0.000,32.107,0,633.252
479.000,9,48.559,4.762,34.460,2.441,8.085,153.197,50.768,0,770.292
480.000,9,48.686,5.015,38.130,2.518,6.119,0.000,32.803,0,1053.694
481.000,9,44.655,4.935,38.839,3.014,7.573,199.410,15.390,0,782.130
482.000,9,44.478,5.041,41.011,3.359,6.566,293.459,66.684,0,839.264
483.000,9,39.833,5.152,37.518,2.921,7.004,87.193,51.389,1,638.927
484.000,9,34.362,4.994,39.786,3.918,6.396,0.000,71.365,0,728.382
485.000,9,45.844,5.002,39.186,2.302,3.478,0.000,49.501,0,619.450
486.000,9,48.013,5.214,37.671,2.507,5.336,0.000,10.188,1,787.702
487.000,9,47.797,5.298,38.378,3.002,6.694,179.644,58.750,0,793.763
488.000,9,43.432,4.818,41.790,2.680,6.987,64.009,16.503,0,770.346
489.000,9,43.845,5.179,37.902,3.130,2.546,0.000,33.276,0,836.986
490.000,9,47.151,4.784,38.197,4.247,6.634,0.000,79.218,1,510.497
491.000,9,42.686,4.842,44.176,3.202,4.861,101.913,35.027,0,823.246
492.000,9,46.622,5.066,39.033,2.998,8.120,85.555,35.365,0,430.209
493.000,9,43.310,5.007,39.813,2.598,4.196,300.337,55.268,0,728.444
494.000,9,47.694,4.939,41.773,2.548,5.501,294.855,19.566,1,763.284
495.000,9,43.873,4.926,40.836,2.952,4.959,308.820,59.499,0,594.875
496.000,9,40.205,5.202,44.427,3.194,7.494,35.498,74.843,0,687.464
497.000,9,38.072,4.946,39.115,2.639,7.847,215.016,66.293,0,1002.767
498.000,9,54.860,5.212,39.532,2.677,6.616,76.300,35.656,1,600.885
499.000,9,43.915,4.764,39.845,3.632,8.728,346.293,13.346,1,495.621
500.000,9,50.528,5.429,42.189,2.970,7.111,192.335,54.735,0,567.612
501.000,9,43.217,5.203,38.194,2.641,7.864,0.000,53.917,0,617.039
502.000,9,40.099,5.021,39.353,2.224,5.252,197.091,48.324,0,1205.671
503.000,9,41.313,4.967,43.781,4.247,8.346,262.383,61.476,1,728.305
504.000,9,42.459,4.998,35.158,3.313,6.676,0.000,38.805,0,564.885
505.000,9,51.878,5.275,38.774,3.422,7.261,0.000,33.929,1,710.086
506.000,9,47.623,4.802,38.943,2.530,6.396,343.942,41.223,0,582.907
507.000,9,43.031,4.989,41.874,4.115,7.638,326.034,74.404,1,795.027
508.000,9,44.848,5.001,40.318,3.238,6.783,246.552,71.122,0,558.252
509.000,9,48.301,5.162,36.402,2.866,6.949,236.780,61.549,1,673.847
510.000,9,35.486,4.815,37.800,2.902,5.810,0.000,78.869,0,665.398
511.000,9,43.636,5.018,35.809,3.072,5.890,211.812,76.493,0,613.379
512.000,9,51.556,5.226,44.108,3.079,4.884,116.579,79.787,0,817.957
513.000,9,39.637,5.137,40.801,2.774,5.666,168.868,19.808,0,738.522
514.000,9,47.744,5.095,40.013,2.551,7.260,0.000,61.985,0,956.135
515.000,9,43.486,5.064,38.707,2.473,8.710,291.255,33.409,0,634.682
516.000,9,53.155,5.148,41.518,3.008,7.502,335.284,32.339,0,970.552
517.000,9,38.700,4.921,42.885,3.676,9.537,0.000,56.355,0,867.955
518.000,9,46.578,5.137,37.469,2.604,6.694,0.000,67.322,1,791.935
519.000,9,45.968,5.013,36.551,3.517,8.433,274.198,63.017,0,612.686
520.000,9,43.788,4.948,42.988,3.911,6.553,186.974,60.527,0,480.453
521.000,9,57.148,4.907,38.338,3.431,7.409,171.753,69.964,0,848.010
522.000,9,50.075,4.793,39.385,2.414,9.527,198.007,25.699,0,988.633
523.000,9,50.027,5.047,42.528,3.137,7.302,0.000,35.113,0,670.524
524.000,9,44.931,4.978,39.416,2.706,8.200,0.000,41.513,0,775.621
525.000,9,41.387,5.164,36.516,4.040,6.481,132.390,69.859,1,646.989
526.000,9,38.522,5.057,38.952,2.530,9.354,240.786,78.542,1,720.428
527.000,9,37.280,4.916,37.566,2.648,5.718,336.972,37.121,0,831.225
528.000,9,51.592,5.081,37.427,3.027,9.120,176.304,23.254,0,856.955
529.000,9,50.348,4.963,36.933,3.218,7.338,123.885,35.982,0,642.949
530.000,9,47.191,4.791,44.042,3.253,8.520,271.831,62.428,0,682.582
531.000,9,49.644,4.910,41.822,3.968,4.197,81.531,24.681,0,667.070
532.000,9,51.429,4.905,41.294,3.720,6.560,0.000,58.487,1,793.954
533.000,9,36.078,5.157,39.579,3.460,7.741,6.011,61.691,1,633.739
534.000,9,34.063,5.124,39.999,3.034,6.188,82.037,63.850,1,513.019
535.000,9,43.656,4.852,38.982,2.486,6.317,31.258,37.567,0,887.599
536.000,9,41.963,5.064,42.134,3.709,7.264,102.776,64.405,1,624.781
537.000,9,42.593,4.977,40.841,2.550,9.313,234.376,31.698,0,503.533
538.000,9,55.209,5.077,38.756,2.972,9.215,361.698,29.546,1,696.802
539.000,9,48.818,4.848,42.509,3.024,6.766,64.203,26.759,0,676.936
540.000,9,41.255,4.984,35.270,2.663,6.332,22.420,44.942,0,821.523
541.000,9,41.972,4.635,40.289,2.866,8.753,174.592,71.571,1,774.916
542.000,9,40.374,4.919,38.229,2.754,8.464,327.035,60.992,0,733.804
543.000,9,46.975,4.768,40.017,2.647,5.163,150.496,20.143,0,836.848
544.000,9,47.767,4.852,39.277,4.454,9.392,213.815,16.222,1,711.531
545.000,9,34.775,4.885,46.097,2.992,6.856,0.000,71.536,0,852.175
546.000,9,42.076,4.955,41.177,2.812,9.566,363.837,75.153,0,786.815
547.000,9,48.457,4.566,43.570,2.655,3.753,0.000,69.366,0,750.654
548.000,9,39.526,4.926,41.798,3.922,6.402,61.168,72.258,1,866.039
549.000,9,49.246,4.885,39.899,2.608,6.694,63.798,74.252,1,533.286
550.000,9,42.750,4.793,36.563,2.899,5.440,213.266,17.415,0,504.923
551.000,9,42.828,4.773,41.354,2.706,6.577,131.428,33.127,0,624.260
552.000,9,38.822,4.946,38.393,2.857,6.580,50.513,34.752,0,765.011
553.000,9,51.689,5.101,41.307,2.876,6.580,349.372,18.311,0,679.988
554.000,9,42.377,5.136,39.043,2.442,4.785,135.479,11.349,1,822.233
555.000,9,40.618,4.986,36.798,3.156,5.701,111.262,18.849,0,810.965
556.000,9,49.589,4.883,39.731,3.615,6.234,163.628,37.262,1,588.161
557.000,9,43.253,5.287,42.789,3.679,10.030,315.832,52.983,0,555.259
558.000,9,39.271,4.664,45.111,2.878,6.042,0.000,73.828,0,584.501
559.000,9,43.339,5.178,40.266,4.597,8.906,0.000,45.115,1,628.369
560.000,9,44.932,5.316,40.531,3.505,3.855,0.000,54.846,0,812.468
561.000,9,40.655,4.823,41.451,3.700,4.690,0.000,13.291,0,428.334
562.000,9,46.478,5.002,35.670,3.340,10.495,390.616,53.148,1,515.070
563.000,9,43.454,5.181,42.746,4.467,5.668,317.460,21.300,1,766.572
564.000,9,44.135,5.166,41.194,3.752,6.176,237.293,64.652,1,427.239
565.000,9,56.835,4.796,36.042,4.175,7.596,0.000,59.057,1,263.528
566.000,9,50.347,5.087,37.094,2.685,5.505,239.816,78.630,0,686.367
567.000,9,46.601,5.053,41.282,4.032,4.692,196.976,26.085,0,723.731
568.000,9,45.002,4.898,38.822,2.587,7.428,372.679,67.794,0,1175.590
569.000,9,50.791,4.905,34.313,3.413,8.171,0.000,42.999,0,753.230
570.000,9,42.600,5.077,41.612,4.254,6.727,408.027,59.205,1,701.236
571.000,9,49.621,4.750,37.702,2.435,7.287,209.456,71.534,1,619.369
572.000,9,44.918,4.881,34.243,2.602,6.404,160.218,66.560,1,554.620
573.000,9,53.167,5.042,40.308,4.351,6.816,113.076,77.869,0,698.311
574.000,9,41.855,4.969,44.030,3.423,11.263,175.578,67.306,0,892.060
575.000,9,49.467,5.043,38.280,2.592,4.513,306.242,27.052,1,686.668
576.000,9,44.716,4.971,43.917,3.801,4.121,394.667,71.135,0,812.583
577.000,9,53.944,5.064,40.061,3.072,6.036,266.783,10.459,0,603.360
578.000,9,39.186,4.858,41.077,3.726,7.343,355.116,49.806,0,777.170
579.000,9,44.755,4.877,37.724,3.417,4.954,49.030,11.028,1,769.563
580.000,9,39.144,4.903,39.631,3.185,7.501,0.000,13.627,1,620.749
581.000,9,41.080,4.835,40.657,3.363,4.522,267.084,49.350,0,470.023
582.000,9,54.727,4.944,44.621,4.944,6.611,258.174,18.108,1,621.999
583.000,9,42.454,5.016,36.638,3.623,6.862,374.129,67.289,1,581.340
584.000,9,46.636,5.202,43.588,3.104,6.395,0.000,10.172,1,669.916
585.000,9,40.585,5.139,36.583,2.707,6.146,387.779,73.638,1,868.344
586.000,9,53.063,5.060,35.573,4.263,4.800,81.855,59.229,1,503.839
587.000,9,41.879,5.245,38.692,3.000,7.799,194.767,14.779,0,518.744
588.000,9,40.997,4.685,34.610,4.037,5.523,14.264,68.873,1,543.852
589.000,9,38.523,5.167,36.228,3.106,4.942,160.711,54.645,1,715.184
590.000,9,54.958,5.168,42.875,3.418,7.475,152.401,29.604,1,1005.482
591.000,9,39.184,5.000,39.924,3.225,4.097,120.472,47.444,0,656.999
592.000,9,40.434,4.865,39.800,3.230,6.767,54.901,69.113,0,555.483
593.000,9,39.801,4.976,39.146,3.246,9.090,18.098,67.671,0,667.285
594.000,9,45.455,5.023,39.730,3.293,6.820,0.000,34.480,0,904.327
595.000,9,37.733,4.878,36.088,4.502,7.401,399.992,27.951,1,499.990
596.000,9,33.637,4.811,39.949,2.692,6.410,428.414,13.368,0,930.399
597.000,9,44.289,4.951,37.815,3.646,7.848,144.567,20.629,1,680.610
598.000,9,39.444,4.774,40.428,3.159,4.518,0.000,29.188,1,615.512
599.000,9,43.546,4.936,40.402,3.280,5.504,443.657,47.225,0,479.017
600.000,9,42.273,5.075,36.896,3.626,4.164,207.420,40.292,1,663.686
601.000,9,51.620,5.010,36.693,2.946,6.641,108.341,73.192,1,720.713
602.000,9,40.052,5.239,34.586,2.508,7.310,116.732,18.279,0,649.167
603.000,9,49.244,4.847,39.857,3.295,7.940,357.428,63.167,0,676.607
604.000,9,41.210,5.167,40.035,3.494,4.923,0.000,40.919,0,327.592
605.000,9,53.081,5.055,40.886,3.599,8.983,19.112,73.876,1,620.176
606.000,9,50.932,5.013,35.497,3.301,4.726,122.759,65.306,1,758.665
607.000,9,44.893,5.332,42.038,2.746,7.750,40.423,62.964,1,633.057
608.000,9,45.632,5.002,37.983,3.001,3.980,41.853,39.371,0,911.255
609.000,9,43.278,4.988,37.300,4.212,5.665,448.976,25.299,1,731.082
610.000,9,51.594,4.934,38.273,3.538,5.349,136.139,67.654,0,620.184
611.000,9,36.394,5.055,40.553,4.299,7.555,170.425,18.594,0,664.744
612.000,9,49.843,4.880,38.005,4.252,9.246,10.729,13.880,1,697.301
613.000,9,43.547,5.030,34.272,2.713,6.500,116.572,28.452,1,760.387
614.000,9,52.478,5.023,41.528,3.192,5.543,435.735,50.165,1,877.944
615.000,9,54.051,4.785,36.200,4.420,7.311,48.249,15.192,1,375.088
616.000,9,44.182,5.035,36.447,3.056,6.736,328.404,12.687,0,671.548
617.000,9,38.551,4.875,39.930,2.967,7.402,0.000,37.753,0,697.363
618.000,9,46.443,5.022,35.553,2.824,6.254,26.996,24.009,1,455.796
619.000,9,36.586,4.908,39.400,4.076,7.762,440.518,26.442,0,360.673
620.000,9,57.401,4.936,37.617,2.611,6.974,184.103,14.682,0,619.546
621.000,9,45.076,4.856,39.808,3.617,6.497,0.000,49.391,1,633.933
622.000,9,47.195,5.088,35.928,4.039,4.615,196.755,24.689,1,736.481
623.000,9,49.905,4.941,36.325,2.616,5.525,90.938,59.423,0,672.605
624.000,9,47.082,5.228,40.858,2.731,6.695,306.461,40.952,1,562.578
625.000,9,57.887,4.894,37.963,4.564,8.355,48.891,51.368,1,611.548
626.000,9,43.388,5.020,39.815,3.122,5.617,404.948,34.394,0,703.700
627.000,9,57.373,4.967,41.235,2.612,9.202,473.125,65.775,0,790.022
628.000,9,43.648,4.903,36.256,2.818,6.522,203.677,31.448,0,735.455
629.000,9,47.876,5.027,38.745,2.907,8.699,116.892,76.240,0,700.215
630.000,9,38.898,5.069,39.293,3.575,7.136,209.477,79.699,1,362.131
631.000,9,37.261,4.972,34.780,4.677,7.808,357.607,44.016,1,567.369
632.000,9,40.582,5.016,39.972,4.208,6.817,24.885,41.763,1,677.494
633.000,9,39.221,5.026,39.101,4.073,7.109,381.167,60.402,1,736.588
634.000,9,41.688,4.861,34.305,2.868,9.860,52.196,17.833,0,565.756
635.000,9,43.014,4.990,41.218,4.862,7.540,472.921,13.958,0,666.477
636.000,9,42.420,5.026,38.203,2.995,8.412,3.152,26.373,0,825.670
637.000,9,55.647,5.080,37.768,4.375,9.512,153.881,17.748,0,766.605
638.000,9,58.054,4.970,39.632,3.310,5.860,316.367,28.016,1,881.542
639.000,9,36.381,5.356,39.667,2.739,6.610,110.093,17.719,0,680.932
640.000,9,46.708,5.115,40.946,2.890,5.971,77.777,45.767,0,821.749
641.000,9,46.855,5.025,41.760,2.957,9.215,221.839,35.995,0,702.292
642.000,9,33.364,4.718,35.987,2.931,5.410,25.581,55.977,0,962.548
643.000,9,52.688,5.084,40.786,4.973,9.311,0.000,43.097,1,673.542
644.000,9,50.430,4.824,41.473,3.328,4.842,176.771,18.203,1,797.086
645.000,9,44.557,5.105,39.570,3.398,6.680,409.248,55.512,0,707.170
646.000,9,45.088,5.079,40.588,3.397,5.361,356.011,58.471,0,871.433
647.000,9,40.760,5.158,41.714,3.576,10.010,61.808,39.195,1,437.490
648.000,9,48.365,5.018,35.329,3.298,8.184,452.958,26.103,1,431.119
649.000,9,43.792,5.308,38.875,4.232,6.696,0.000,64.975,1,742.480
650.000,9,43.436,5.134,37.819,2.656,5.690,385.246,41.067,0,613.533
651.000,9,46.410,5.213,38.697,3.430,8.779,443.110,33.512,0,767.216
652.000,9,40.918,4.970,38.865,4.505,7.344,159.787,60.206,0,663.540
653.000,9,46.308,4.940,34.330,2.771,6.074,0.000,60.767,0,335.519
654.000,9,48.582,4.985,44.093,4.321,7.747,352.656,66.757,0,392.370
655.000,9,35.837,4.786,40.214,3.358,8.159,482.331,37.400,1,694.629
656.000,9,44.079,4.936,40.618,2.767,5.662,358.364,62.312,0,735.033
657.000,9,37.818,5.134,36.697,3.335,4.400,490.594,62.117,1,475.604
658.000,9,47.235,4.652,34.526,3.616,8.689,26.727,77.135,1,505.167
659.000,9,50.431,4.994,34.105,2.874,4.660,345.820,66.964,0,731.194
660.000,9,47.609,4.745,42.182,4.094,7.199,0.000,40.517,0,701.747
661.000,9,48.355,5.053,40.318,2.750,6.970,314.098,20.317,0,910.114
662.000,9,42.135,5.009,41.513,3.487,7.953,46.656,12.519,0,704.064
663.000,9,45.626,5.110,35.535,2.843,7.646,156.019,30.392,0,835.535
664.000,9,35.066,4.947,34.816,3.813,7.546,474.144,65.964,1,255.397
665.000,9,45.061,4.685,40.339,3.780,7.779,62.058,27.966,0,286.783
666.000,9,42.475,4.969,36.093,4.632,8.120,209.889,58.840,1,356.552
667.000,9,49.829,5.167,41.351,5.783,4.631,128.203,19.399,1,470.716
668.000,9,42.265,4.880,45.876,4.035,3.161,241.770,10.195,0,528.620
669.000,9,46.691,5.026,37.480,3.072,8.843,462.048,14.901,0,625.579
670.000,9,42.385,4.879,32.908,4.042,5.755,246.423,28.121,1,900.441
671.000,9,37.511,5.341,34.284,4.532,9.176,377.266,14.386,1,715.732
672.000,9,50.739,4.683,35.334,3.093,5.449,475.922,21.937,1,546.634
673.000,9,47.001,4.974,37.032,3.464,6.741,441.679,73.842,0,534.443
674.000,9,38.316,4.971,40.555,4.156,7.820,489.367,74.473,1,801.263
675.000,9,42.138,5.041,38.967,3.435,6.819,222.867,76.210,0,316.295
676.000,9,48.910,5.303,32.917,4.303,5.875,0.000,44.716,1,492.823
677.000,9,35.799,5.132,42.878,2.799,7.054,17.056,15.968,1,655.731
678.000,9,46.128,5.228,38.042,4.376,7.165,131.812,54.945,1,696.989
679.000,9,39.491,4.922,34.697,4.444,6.011,397.525,32.689,0,476.171
680.000,9,49.375,5.176,43.254,4.700,6.294,373.475,78.148,1,477.989
681.000,9,39.348,4.817,33.987,3.369,4.527,17.535,76.419,1,347.257
682.000,9,36.300,5.152,43.073,2.786,7.907,194.499,76.114,1,443.141
683.000,9,57.127,5.278,38.299,3.879,8.570,508.059,71.651,1,649.507
684.000,9,45.252,5.259,35.951,4.523,3.240,310.042,66.383,1,397.750
685.000,9,42.822,4.892,41.473,3.084,7.485,220.768,72.570,0,799.366
686.000,9,44.395,4.857,37.618,4.045,8.845,332.134,61.318,1,521.698
687.000,9,43.114,5.097,36.007,3.742,7.992,389.950,67.470,1,550.849
688.000,9,48.671,4.978,40.489,3.932,6.188,246.030,42.217,0,542.809
689.000,9,50.363,4.752,37.501,2.994,8.972,492.701,66.253,0,679.008
690.000,9,41.819,5.044,34.797,3.079,7.282,80.088,70.979,1,801.249
691.000,9,45.927,4.788,37.813,3.697,7.680,73.141,53.294,1,821.412
692.000,9,45.543,4.877,36.582,3.633,6.118,227.705,35.325,1,433.435
693.000,9,50.589,5.071,38.138,3.433,5.743,176.360,64.362,0,955.602
694.000,9,36.596,4.957,42.561,4.599,7.050,457.882,12.220,1,656.564
695.000,9,45.505,5.290,37.588,3.140,5.084,225.870,19.659,0,813.329
696.000,9,47.368,4.888,37.178,3.476,7.435,80.973,25.992,1,493.314
697.000,9,47.669,4.826,38.839,3.528,6.509,533.315,61.075,0,567.004
698.000,9,48.945,5.062,38.226,2.957,7.084,444.641,77.845,0,737.927
699.000,9,46.092,5.035,38.106,3.137,9.254,178.313,35.213,0,759.743
700.000,9,43.491,4.828,36.736,3.878,7.293,363.868,15.370,0,640.234
701.000,9,42.758,4.854,35.399,3.628,6.387,428.934,21.107,0,558.134
702.000,9,46.893,5.034,34.630,4.122,8.551,424.711,16.514,1,763.734
703.000,9,42.364,4.984,39.403,3.030,10.883,495.734,47.278,1,536.883
704.000,9,46.695,5.228,38.230,3.074,7.406,146.313,72.119,0,780.031
705.000,9,41.891,4.892,36.825,4.816,8.979,38.076,57.047,1,718.631
706.000,9,39.184,4.911,38.573,3.105,5.683,458.752,38.247,0,792.098
707.000,9,45.449,4.973,33.832,3.778,10.401,418.787,75.772,1,330.258
708.000,9,40.817,5.149,37.310,3.082,5.089,462.514,74.097,1,573.199
709.000,9,46.202,4.603,36.137,4.371,6.441,235.282,48.975,1,431.765
710.000,9,49.226,5.178,38.269,3.052,7.068,273.986,19.967,1,551.961
711.000,9,43.776,4.919,33.856,3.405,4.898,152.455,27.856,1,329.731
712.000,9,45.537,4.816,38.956,3.996,4.618,171.262,14.621,1,471.358
713.000,9,43.378,4.975,37.435,3.082,7.061,370.496,77.931,0,559.216
714.000,9,45.154,5.221,33.484,3.617,8.226,478.244,25.449,1,404.369
715.000,9,48.763,4.975,38.948,3.394,10.684,334.697,75.974,0,920.543
716.000,9,44.945,5.067,39.632,4.201,7.196,158.506,60.147,0,421.418
717.000,9,47.429,4.952,36.445,4.899,5.642,271.245,33.624,1,376.673
718.000,9,38.437,4.845,38.175,4.224,6.840,488.602,16.714,0,545.903
719.000,9,41.245,4.918,35.032,4.034,10.765,350.652,38.556,1,687.226
720.000,9,43.309,4.990,39.377,3.089,5.069,228.951,27.252,0,845.302
721.000,9,44.068,5.098,33.608,3.229,8.147,241.262,43.528,1,350.264
722.000,9,48.446,5.010,35.754,5.093,5.877,337.367,23.279,1,830.125
723.000,9,43.833,5.006,35.853,3.662,5.690,215.015,39.427,0,755.909
724.000,9,47.482,4.942,34.711,3.575,5.237,312.729,18.996,1,703.577
725.000,9,43.491,4.983,34.242,3.682,6.154,346.352,61.562,1,557.429
726.000,9,43.244,5.031,33.531,3.912,6.556,434.756,69.237,0,478.798
727.000,9,44.454,5.371,37.516,2.973,8.317,535.152,51.092,1,729.315
728.000,9,44.576,4.879,38.883,3.184,6.200,502.646,53.136,0,776.059
729.000,9,45.865,4.806,36.210,4.082,10.144,136.691,22.783,1,485.201
730.000,9,46.709,5.092,36.170,4.287,8.625,274.615,14.471,1,238.373
731.000,9,50.427,5.045,41.493,4.018,9.780,356.137,64.559,0,773.343
732.000,9,50.814,4.770,38.982,3.292,6.822,320.069,46.007,0,660.995
733.000,9,46.278,5.155,38.047,2.899,7.098,358.638,15.290,0,888.818
734.000,9,49.275,5.003,40.294,3.004,10.703,353.686,23.823,0,594.039
735.000,9,45.387,5.249,35.744,3.469,6.883,228.919,79.011,1,616.289
736.000,9,44.132,5.001,33.572,4.864,7.370,472.361,58.962,1,601.187
737.000,9,36.921,5.097,36.568,3.063,11.841,489.310,59.904,1,408.843
738.000,9,44.001,4.879,35.720,2.994,6.874,586.324,32.504,0,417.728
739.000,9,35.500,4.979,38.085,3.429,4.950,496.198,73.492,0,946.169
740.000,9,48.909,4.857,36.726,4.055,8.497,323.167,11.711,0,89.468
741.000,9,42.978,5.134,37.763,3.522,8.109,384.113,64.859,0,467.727
742.000,9,41.428,4.824,34.078,3.457,7.572,101.572,49.685,1,480.997
743.000,9,43.103,5.016,38.185,3.258,5.785,553.228,41.723,0,772.386
744.000,9,52.189,5.081,39.607,3.046,5.225,275.273,54.879,0,490.519
745.000,9,49.241,5.073,39.889,3.156,7.161,496.555,19.516,0,899.965
746.000,9,47.753,4.835,38.364,3.043,7.541,260.037,35.601,1,667.922
747.000,9,54.669,4.990,38.296,3.271,7.622,213.017,15.991,0,775.864
748.000,9,42.384,4.798,35.099,3.674,9.018,557.630,67.239,0,588.620
749.000,9,51.868,4.757,37.580,3.524,4.785,243.624,43.203,1,345.551
750.000,9,52.525,5.003,38.222,3.819,6.458,225.160,57.154,0,415.164
751.000,9,47.427,4.936,34.794,3.529,5.934,447.033,57.346,0,479.023
752.000,9,42.988,4.994,37.006,3.007,6.945,339.188,38.201,0,550.393
753.000,9,50.150,4.881,37.485,3.190,5.794,375.309,79.738,0,589.695
754.000,9,40.877,5.156,36.654,4.675,6.264,92.646,36.267,1,635.503
755.000,9,44.373,4.963,37.370,4.271,4.732,409.770,29.193,0,450.643
756.000,9,42.720,4.990,34.724,3.807,6.043,63.600,59.756,1,667.970
757.000,9,53.619,5.053,35.616,3.457,7.478,207.871,29.457,0,621.876
758.000,9,41.166,5.043,36.903,5.588,7.593,418.419,60.088,1,360.611
759.000,9,40.478,5.076,41.043,3.564,10.034,488.078,20.343,0,796.277
760.000,9,38.830,4.741,40.387,3.389,9.137,137.027,73.103,1,564.348
761.000,9,50.516,5.093,36.852,4.122,8.658,542.275,68.209,1,538.215
762.000,9,50.469,5.043,39.444,3.299,5.949,579.252,48.607,0,555.585
763.000,9,50.987,5.038,32.921,4.368,6.857,129.750,13.569,1,238.967
764.000,9,38.668,4.854,38.185,2.997,8.181,145.134,47.456,1,619.572
765.000,9,42.548,4.767,36.184,3.195,4.448,66.968,66.906,1,706.694
766.000,9,45.460,4.922,36.511,3.429,8.707,586.709,75.448,0,423.080
767.000,9,39.478,4.950,37.782,3.315,8.779,604.450,21.005,1,591.385
768.000,9,37.019,4.987,40.977,3.154,9.263,226.731,12.948,0,826.999
769.000,9,46.632,4.984,36.616,3.996,8.079,485.038,24.977,0,568.180
770.000,9,37.075,4.944,36.325,3.310,7.294,396.551,27.359,1,478.590
771.000,9,47.951,5.195,33.381,4.449,6.384,330.382,52.749,1,200.812
772.000,9,38.912,4.979,38.331,4.236,9.238,209.213,62.352,0,618.114
773.000,9,46.954,5.214,38.709,3.488,10.057,539.470,22.385,1,621.399
774.000,9,41.768,5.163,35.729,4.511,7.234,167.698,33.384,1,316.664
775.000,9,43.999,4.851,38.475,4.311,10.747,271.680,57.498,1,716.756
776.000,9,53.021,5.205,41.282,3.073,10.221,304.910,17.377,0,487.449
777.000,9,41.262,4.856,35.118,3.511,7.621,85.010,50.511,1,347.856
778.000,9,41.096,4.950,38.158,4.321,7.768,78.466,56.725,0,225.034
779.000,9,50.296,5.056,34.746,3.374,6.910,139.268,37.490,0,534.516
780.000,9,44.323,5.073,35.862,3.265,8.886,127.984,55.158,1,475.080
781.000,9,47.485,5.295,38.648,4.257,7.447,532.110,55.138,0,425.045
782.000,9,45.048,5.223,36.242,5.449,4.783,378.062,68.714,1,154.071
783.000,9,37.121,4.695,40.018,4.049,10.312,386.124,33.804,0,468.170
784.000,9,44.767,4.818,34.986,3.717,6.049,386.472,28.912,1,399.642
785.000,9,42.617,4.985,37.400,3.911,8.368,268.606,24.592,1,204.503
786.000,9,43.101,4.926,33.102,3.231,8.891,530.356,38.299,1,355.545
787.000,9,47.816,5.088,33.162,3.292,9.929,613.812,58.177,0,582.911
788.000,9,42.786,4.897,34.844,3.465,7.567,423.973,27.414,1,528.335
789.000,9,43.440,5.152,37.173,3.424,4.560,402.038,25.269,1,606.175
790.000,9,45.425,5.207,38.765,3.127,7.240,636.426,41.259,0,559.425
791.000,9,47.386,5.174,30.929,3.571,8.887,259.646,63.327,1,344.761
792.000,9,46.942,5.044,33.613,3.540,5.755,276.583,12.418,1,786.708
793.000,9,36.102,5.006,39.737,3.197,7.783,584.465,58.828,0,926.145
794.000,9,48.551,5.005,32.951,4.772,8.636,346.446,71.824,1,273.691
795.000,9,39.976,4.819,36.207,4.723,7.133,431.244,59.183,1,543.598
796.000,9,42.170,4.857,37.885,3.209,5.282,182.885,69.840,1,722.010
797.000,9,36.718,4.862,39.051,3.115,8.662,406.138,35.038,0,441.417
798.000,9,43.524,4.977,35.539,4.980,5.634,503.497,43.728,1,197.161
799.000,9,42.147,4.802,35.246,3.791,9.416,383.676,13.340,1,339.491
800.000,9,40.277,5.073,32.663,3.193,7.714,253.251,36.451,1,511.441
801.000,9,54.102,5.103,40.070,3.339,5.327,202.924,72.423,1,499.374
802.000,9,46.460,4.883,36.115,5.372,7.889,349.706,27.129,1,481.863
803.000,9,42.621,4.839,37.541,4.087,7.220,387.198,64.330,1,735.598
804.000,9,45.117,5.244,36.198,4.882,4.518,344.599,39.235,1,613.518
805.000,9,44.561,4.928,36.724,3.156,8.514,208.856,67.511,1,542.214
806.000,9,48.723,5.400,37.831,4.198,6.653,592.755,33.778,1,373.309
807.000,9,41.451,5.124,37.369,3.384,7.718,382.049,38.639,0,395.307
808.000,9,56.760,4.859,43.182,4.141,9.319,552.936,75.319,0,379.570
809.000,9,43.821,5.030,39.393,3.171,6.636,518.408,26.314,0,507.754
810.000,9,49.859,5.218,41.678,3.418,6.572,630.952,24.983,0,587.415
811.000,9,47.172,4.821,42.345,4.458,6.035,288.176,46.251,1,350.098
812.000,9,36.305,5.119,36.494,3.444,9.406,593.762,61.056,1,739.821
813.000,9,39.761,4.853,38.255,3.348,7.818,240.851,11.358,0,763.762
814.000,9,35.878,4.906,32.645,3.848,6.884,329.289,15.055,1,119.741
815.000,9,53.159,5.130,32.677,3.993,8.328,497.566,33.593,1,353.729
816.000,9,49.909,5.015,32.761,3.909,6.668,149.355,39.913,1,272.683
817.000,9,48.782,5.189,38.978,3.407,9.839,292.456,12.711,0,674.641
818.000,9,42.030,4.949,35.694,4.306,7.917,567.538,23.962,1,660.264
819.000,9,46.254,4.982,37.980,3.260,8.193,174.756,66.943,0,423.147
820.000,9,46.173,4.979,32.534,3.215,7.448,558.586,50.992,1,514.806
821.000,9,49.469,5.041,36.154,3.184,9.278,369.497,25.783,0,408.687
822.000,9,52.369,5.019,42.734,4.085,8.048,313.232,77.706,1,705.412
823.000,9,49.539,4.961,32.952,3.322,9.659,449.332,15.912,0,518.697
824.000,9,46.911,4.894,37.740,4.477,7.673,143.399,25.403,0,433.089
825.000,9,47.984,5.223,34.908,4.569,7.297,366.229,17.984,1,476.672
826.000,9,44.899,5.011,36.949,4.574,8.433,424.637,64.212,0,408.254
827.000,9,36.405,5.069,36.619,4.162,5.816,298.998,57.395,1,233.556
828.000,9,52.697,5.005,33.856,4.200,6.260,176.891,28.060,1,574.871
829.000,9,42.654,4.939,35.529,4.404,8.323,662.526,46.320,0,270.089
830.000,9,42.259,5.141,28.540,4.930,5.393,323.875,35.924,1,329.582
831.000,9,46.116,5.206,38.103,4.356,6.533,151.662,57.877,1,504.645
832.000,9,48.789,4.975,35.740,3.279,7.152,181.932,79.789,1,433.686
833.000,9,39.113,5.199,33.506,3.214,9.060,409.707,26.931,1,632.547
834.000,9,44.307,4.844,38.105,5.880,7.142,159.334,29.449,1,462.964
835.000,9,42.955,5.016,40.112,4.268,4.158,324.522,15.223,0,816.683
836.000,9,57.908,4.832,38.463,4.185,8.964,597.929,28.412,1,172.512
837.000,9,38.013,4.981,39.696,3.619,5.816,431.251,32.258,0,578.090
838.000,9,38.832,5.276,34.078,4.452,9.023,201.191,40.436,1,505.486
839.000,9,46.241,4.875,37.014,3.929,7.192,146.923,16.045,1,412.084
840.000,9,43.134,5.148,33.830,4.040,7.798,508.208,61.164,1,372.614
841.000,9,47.597,4.976,36.920,3.951,6.458,390.447,26.819,0,451.461
842.000,9,38.192,5.133,36.824,5.087,7.751,276.960,44.427,1,361.304
843.000,9,45.648,5.006,36.421,3.884,5.925,274.042,29.962,1,641.865
844.000,9,48.042,5.109,34.153,4.713,9.302,496.052,38.984,0,500.068
845.000,9,49.112,4.967,40.333,4.944,6.125,289.552,69.380,1,299.948
846.000,9,39.259,4.659,36.459,3.420,6.750,417.179,31.319,1,522.776
847.000,9,44.590,5.045,34.044,3.539,8.559,193.359,23.702,0,415.282
848.000,9,50.623,4.890,33.248,5.287,10.140,612.804,44.034,1,64.596
849.000,9,46.677,5.268,37.135,3.560,7.783,584.798,14.148,1,457.987
850.000,9,36.481,5.043,33.155,3.440,5.481,295.902,30.670,1,621.625
851.000,9,51.135,5.167,34.522,5.026,8.753,359.011,78.608,1,349.313
852.000,9,39.476,5.024,38.830,6.841,5.789,335.363,42.241,1,609.086
853.000,9,37.294,5.058,32.058,3.475,9.431,420.404,63.601,1,576.776
854.000,9,41.560,5.044,37.059,3.909,9.478,304.445,11.206,1,440.463
855.000,9,54.497,5.250,36.201,3.461,7.450,344.224,54.582,0,429.498
856.000,9,47.284,5.050,34.373,4.215,9.023,320.719,34.493,1,422.481
857.000,9,55.528,4.968,37.049,4.284,8.643,191.257,50.558,1,426.172
858.000,9,44.028,5.162,35.202,4.257,5.436,636.019,30.605,1,403.896
859.000,9,33.845,4.796,34.113,3.821,7.285,457.520,22.997,1,225.419
860.000,9,48.847,4.826,32.785,4.707,6.821,551.785,36.111,1,268.529
861.000,9,53.600,5.030,34.257,3.403,8.001,430.379,61.117,1,89.212
862.000,9,37.815,5.082,34.445,4.600,9.991,517.051,23.724,1,382.590
863.000,9,39.381,5.320,37.014,4.432,10.211,610.300,13.671,1,213.003
864.000,9,32.720,4.982,38.080,3.624,9.496,446.577,45.026,1,472.900
865.000,9,42.222,5.059,36.209,3.468,8.852,552.439,52.099,0,482.365
866.000,9,45.242,5.159,38.075,5.125,8.329,447.491,10.134,0,401.549
867.000,9,43.322,4.966,31.946,3.808,8.714,554.684,40.658,1,254.782
868.000,9,31.268,5.220,32.395,5.662,8.833,373.034,73.348,1,290.573
869.000,9,41.998,4.832,37.762,5.149,7.931,517.789,13.205,0,447.940
870.000,9,43.857,5.099,33.065,4.180,7.920,657.424,69.267,1,520.388
871.000,9,54.047,4.804,32.948,4.991,10.175,392.151,14.685,1,326.605
872.000,9,50.312,5.046,33.395,3.508,8.834,172.788,76.473,1,301.317
873.000,9,42.923,4.996,38.876,3.415,7.034,311.107,64.390,0,506.079
874.000,9,42.131,5.030,36.685,3.532,7.944,696.847,25.710,1,389.962
875.000,9,48.541,4.781,36.387,3.916,5.133,375.524,59.779,1,462.285
876.000,9,43.587,4.915,30.528,4.058,8.748,358.903,40.363,1,34.345
877.000,9,42.074,4.734,38.188,3.962,6.083,537.398,62.807,0,463.715
878.000,9,48.137,4.807,34.827,3.379,6.657,537.859,67.089,1,501.721
879.000,9,45.771,4.848,35.403,4.082,5.848,417.055,32.747,1,444.238
880.000,9,38.599,5.272,36.031,3.818,10.089,521.606,29.595,1,70.044
881.000,9,39.601,5.015,31.178,3.663,7.666,435.970,13.847,1,155.842
882.000,9,51.521,4.835,37.549,4.049,8.483,526.604,14.183,1,696.621
883.000,9,46.884,4.822,36.875,5.463,8.099,254.473,69.435,1,303.387
884.000,9,38.897,4.950,32.776,5.091,9.621,558.293,12.316,1,346.875
885.000,9,48.510,4.964,32.983,5.723,2.770,415.727,32.723,1,350.518
886.000,9,47.631,4.805,35.654,5.432,5.697,441.646,12.818,1,531.512
887.000,9,47.724,5.024,33.446,3.831,7.845,409.180,60.631,0,375.729
888.000,9,43.626,4.844,40.602,4.723,11.143,371.119,65.057,1,614.817
889.000,9,47.512,5.046,35.167,6.827,6.582,488.466,24.954,1,409.849
890.000,9,48.878,4.853,35.769,4.354,8.970,197.731,42.770,1,353.884
891.000,9,47.168,5.173,37.433,5.075,10.126,644.185,41.518,1,710.421
892.000,9,47.385,5.095,34.809,3.738,8.066,521.914,26.526,1,587.879
893.000,9,51.887,4.882,34.618,3.693,5.604,320.481,53.939,1,601.578
894.000,9,33.176,4.703,32.408,4.527,10.549,724.310,39.242,1,436.375
895.000,9,46.510,5.188,38.031,4.958,5.663,410.459,64.766,0,304.326
896.000,9,51.722,4.880,36.153,3.609,9.458,629.394,62.238,1,402.672
897.000,9,42.034,4.720,35.715,3.425,6.362,547.827,28.782,0,286.857
898.000,9,45.549,5.097,33.849,3.442,7.496,734.990,74.184,0,477.091
899.000,9,42.851,5.166,32.401,5.058,7.680,338.820,71.798,1,610.096
900.000,9,51.851,4.846,31.232,3.465,8.149,219.855,30.345,1,493.340
901.000,9,36.671,4.845,37.554,3.437,9.950,594.393,64.605,1,387.645
902.000,9,43.507,4.837,34.416,3.695,9.040,269.858,53.197,1,498.723
903.000,9,44.532,5.089,34.859,4.338,7.687,393.731,30.022,1,294.514
904.000,9,45.147,4.900,35.753,3.750,8.858,323.237,45.634,1,459.277
905.000,9,39.554,4.756,31.173,5.241,10.762,620.291,11.691,1,191.309
906.000,9,42.451,4.994,34.866,5.212,9.436,677.844,65.531,1,220.676
907.000,9,38.179,5.078,34.492,4.098,6.923,594.837,14.769,1,397.398
908.000,9,51.815,4.981,38.567,5.753,7.134,407.944,45.494,1,352.488
909.000,9,48.245,4.960,36.730,4.269,6.313,707.165,22.778,0,479.257
910.000,9,52.285,4.924,37.232,4.995,8.651,730.805,42.939,1,328.921
911.000,9,44.396,5.254,34.389,4.142,6.017,576.037,27.176,1,93.989
912.000,9,44.153,4.817,35.552,3.615,7.161,649.813,77.704,1,398.633
913.000,9,44.999,4.990,35.197,3.856,7.425,245.683,16.549,0,323.091
914.000,9,37.107,5.125,36.456,4.517,6.764,544.013,60.870,1,373.129
915.000,9,47.665,4.987,35.202,4.393,11.534,610.453,38.447,1,308.180
916.000,9,47.994,5.167,28.897,3.976,7.898,457.220,58.081,1,418.930
917.000,9,41.123,4.807,35.555,3.520,10.454,218.662,48.691,1,248.898
918.000,9,54.798,5.018,37.400,3.508,6.314,678.188,54.803,1,437.347
919.000,9,47.113,5.148,35.767,4.576,6.234,611.941,30.183,0,395.111
920.000,9,27.615,4.970,30.230,3.519,6.054,364.274,23.327,1,342.421
921.000,9,52.497,4.924,37.916,4.510,6.963,319.755,35.271,0,297.960
922.000,9,45.502,5.048,33.036,4.293,11.146,376.605,76.652,1,268.083
923.000,9,38.203,5.100,31.413,3.684,8.643,509.841,70.082,1,154.299
924.000,9,46.046,4.939,31.730,4.690,7.042,588.931,70.320,1,433.793
925.000,9,47.578,5.055,34.445,5.737,8.256,297.921,63.735,1,180.576
926.000,9,41.548,5.114,32.671,4.085,8.574,621.231,66.026,1,432.535
927.000,9,39.785,4.981,31.873,3.696,5.455,756.594,54.529,0,356.878
928.000,9,53.747,4.747,35.070,3.658,10.668,400.383,21.878,0,597.746
929.000,9,52.869,4.948,35.070,4.072,5.339,663.585,47.790,0,125.847
930.000,9,47.297,4.866,37.280,5.048,9.261,429.981,55.860,1,179.987
931.000,9,34.923,4.830,33.970,3.907,8.473,663.397,33.878,0,217.636
932.000,9,48.193,4.863,30.052,5.431,8.415,312.109,68.050,1,292.403
933.000,9,44.920,4.982,34.914,4.695,5.866,441.044,43.648,0,437.676
934.000,9,47.725,4.925,34.580,3.881,7.733,436.001,66.234,1,662.249
935.000,9,45.746,5.030,33.901,3.602,8.440,742.404,73.391,1,605.281
936.000,9,50.106,5.089,29.178,3.972,5.857,495.812,64.400,0,303.987
937.000,9,40.366,4.855,32.632,4.201,8.360,724.408,52.833,1,222.523
938.000,9,47.281,5.193,39.046,4.700,7.915,291.490,76.339,1,122.611
939.000,9,38.421,5.012,34.474,4.969,8.421,263.528,54.690,1,607.131
940.000,9,41.457,4.752,29.147,4.012,4.586,761.405,10.054,1,371.548
941.000,9,47.866,5.000,34.755,5.552,8.324,360.840,78.778,1,526.532
942.000,9,41.367,4.993,40.221,4.115,8.488,390.269,59.315,0,505.209
943.000,9,47.527,4.918,30.720,4.876,7.077,530.651,64.856,1,450.860
944.000,9,47.915,4.871,33.766,4.476,8.160,786.571,70.690,1,229.949
945.000,9,46.278,4.983,33.376,3.569,5.737,496.495,77.482,1,537.552
946.000,9,44.636,5.129,35.804,4.600,5.639,360.042,61.411,1,427.247
947.000,9,46.163,4.887,34.333,3.547,9.537,327.559,78.349,1,355.998
948.000,9,47.875,4.733,39.240,5.043,8.244,596.383,29.284,1,273.203
949.000,9,45.355,5.113,36.988,3.612,7.352,413.493,64.182,0,693.796
950.000,9,41.179,5.234,35.543,3.707,3.156,509.799,19.296,1,346.767
951.000,9,41.033,5.040,38.249,3.962,8.387,281.098,74.882,1,412.892
952.000,9,43.696,4.690,37.238,4.209,9.079,511.286,41.107,1,406.933
953.000,9,49.432,5.152,36.287,3.770,8.996,534.023,48.376,0,634.119
954.000,9,48.449,5.020,34.698,3.848,7.521,402.354,18.908,1,520.791
955.000,9,45.232,4.912,33.866,4.532,4.925,782.639,26.187,1,70.571
956.000,9,48.069,4.980,38.749,4.301,6.111,321.107,38.537,1,502.772
957.000,9,46.675,4.947,30.345,4.853,5.924,469.158,24.967,1,0.000
958.000,9,42.693,5.129,40.120,3.610,7.341,352.606,17.025,0,264.487
959.000,9,46.361,5.036,34.695,3.702,7.198,373.448,77.257,0,502.418
960.000,9,48.663,4.873,31.936,3.732,10.538,709.726,59.220,1,521.469
961.000,9,45.372,5.026,30.952,5.152,6.026,601.817,35.263,1,118.297
962.000,9,40.945,4.809,35.993,4.281,8.538,706.412,57.132,1,538.585
963.000,9,40.685,5.138,32.450,4.364,5.581,585.111,33.262,1,270.455
964.000,9,53.909,5.009,39.581,3.711,8.394,464.622,14.843,1,356.085
965.000,9,48.436,4.826,36.119,3.945,7.825,284.559,61.523,1,278.654
966.000,9,43.208,5.021,35.121,4.383,7.670,767.481,62.557,1,565.714
967.000,9,51.422,5.154,31.454,3.962,7.482,267.127,55.538,1,431.856
968.000,9,42.065,4.932,36.130,4.465,7.573,496.249,27.801,0,215.904
969.000,9,38.670,5.024,29.855,4.083,10.222,610.285,26.537,1,0.000
970.000,9,48.380,4.769,38.049,4.129,9.074,303.048,38.852,1,225.501
971.000,9,38.416,4.937,30.161,4.838,7.228,421.400,41.695,1,201.797
972.000,9,48.506,5.050,32.508,3.819,8.803,331.016,62.929,1,411.730
973.000,9,36.068,5.023,31.762,5.205,8.119,607.479,40.717,1,0.000
974.000,9,40.943,5.060,37.531,3.885,8.209,786.675,66.306,0,269.430
975.000,9,50.563,4.769,36.909,3.641,7.226,346.213,26.728,0,688.035
976.000,9,46.290,4.783,35.668,5.982,5.055,786.520,24.298,1,223.022
977.000,9,39.200,5.003,32.935,5.256,7.598,745.509,52.215,0,123.452
978.000,9,44.355,5.020,34.805,4.342,10.092,506.203,78.724,1,215.254
979.000,9,51.107,4.975,32.214,5.001,4.965,521.735,23.488,1,132.477
980.000,9,44.912,5.145,32.327,3.650,5.498,568.653,63.424,1,300.551
981.000,9,41.681,4.971,35.712,4.047,7.443,443.859,55.760,1,137.972
982.000,9,52.938,5.038,37.804,4.118,9.029,801.086,26.062,0,674.725
983.000,9,42.435,4.785,34.345,4.832,9.219,821.726,53.565,1,264.515
984.000,9,52.250,4.940,34.548,3.778,11.876,305.302,40.497,1,423.176
985.000,9,48.305,5.142,38.661,3.800,5.795,731.438,27.417,0,455.191
986.000,9,49.355,5.080,37.206,4.082,7.610,423.556,72.821,1,397.563
987.000,9,50.927,4.888,32.791,3.908,7.920,296.145,53.041,1,323.692
988.000,9,39.118,4.891,36.908,4.962,9.729,606.488,63.598,0,454.943
989.000,9,36.798,4.688,30.283,3.697,7.282,596.664,30.488,1,279.509
990.000,9,46.029,5.065,32.745,4.835,6.431,587.869,57.298,1,103.339
991.000,9,36.946,4.878,31.506,3.754,8.651,742.023,51.973,1,97.364
992.000,9,46.224,5.008,33.706,5.179,8.180,403.283,10.473,1,385.950
993.000,9,50.300,4.902,36.167,4.462,8.772,763.200,35.900,0,495.002
994.000,9,40.865,4.637,33.192,4.456,4.884,533.976,56.327,1,80.393
995.000,9,44.813,5.170,35.980,3.804,6.165,784.857,57.301,0,493.282
996.000,9,39.520,5.197,35.295,4.143,7.745,633.835,24.743,1,96.006
997.000,9,44.198,5.082,31.222,3.965,7.260,715.512,43.955,1,278.187
998.000,9,53.369,4.804,33.274,3.835,7.061,701.574,29.572,1,188.033
999.000,9,48.029,5.095,38.773,4.606,8.416,446.051,17.166,0,473.145
0.000,10,43.348,4.880,51.229,1.278,5.282,0.000,65.198,0,1341.824
1.000,10,43.743,4.908,47.590,1.002,5.120,0.000,32.447,1,948.112
2.000,10,35.329,4.826,48.373,1.018,4.869,0.000,39.955,1,897.363
3.000,10,45.515,5.023,49.498,0.936,6.347,0.000,34.941,0,1064.893
4.000,10,58.860,5.291,40.842,2.893,3.501,0.000,64.366,0,1035.738
5.000,10,42.670,5.227,46.520,1.612,7.524,0.000,39.779,0,999.695
6.000,10,45.466,4.928,39.437,1.340,5.833,0.000,74.787,1,1142.502
7.000,10,42.935,4.971,45.649,1.027,6.625,0.000,39.200,0,1103.794
8.000,10,41.413,5.254,50.259,0.762,6.565,0.000,42.257,1,1150.711
9.000,10,46.274,5.151,46.554,2.330,4.735,0.000,69.650,1,1416.132
10.000,10,40.106,5.114,41.747,1.477,3.927,0.000,46.741,0,1053.460
11.000,10,47.676,5.200,45.393,1.540,6.780,0.000,57.324,0,1273.652
12.000,10,50.005,4.876,45.730,1.431,6.144,0.000,34.469,0,1145.669
13.000,10,51.957,4.901,44.487,1.555,6.137,0.000,26.019,0,1236.692
14.000,10,47.788,5.189,51.113,0.796,4.726,0.000,10.043,0,1111.187
15.000,10,44.645,4.978,48.491,2.482,6.823,0.000,79.871,1,1198.389
16.000,10,47.141,5.116,44.589,1.752,5.813,0.000,36.540,0,1255.210
17.000,10,54.343,5.069,42.663,1.895,7.571,0.000,68.637,0,1022.919
18.000,10,43.827,4.675,47.182,0.838,6.403,0.000,53.416,1,822.189
19.000,10,48.477,5.038,46.531,0.824,5.412,0.000,34.507,1,846.315
20.000,10,53.039,4.949,47.096,2.814,5.566,0.000,42.276,1,984.388
21.000,10,47.366,5.325,43.092,0.912,6.347,0.000,38.076,1,804.772
22.000,10,37.552,5.042,43.469,2.133,4.175,0.000,44.345,0,1235.709
23.000,10,40.848,5.058,45.286,1.229,6.903,0.000,64.813,0,1123.385
24.000,10,56.377,4.978,48.320,1.106,7.940,0.000,54.123,0,766.817
25.000,10,45.451,5.089,46.921,0.858,2.111,0.000,33.407,0,1056.788
26.000,10,40.256,5.245,46.841,2.587,4.316,0.000,64.512,0,1076.869
27.000,10,47.557,4.919,46.847,1.850,3.212,0.000,33.202,1,1001.419
28.000,10,41.680,4.994,40.705,1.794,7.446,0.000,21.007,0,1116.678
29.000,10,42.876,5.137,46.235,1.074,5.797,0.000,10.923,0,1059.720
30.000,10,47.763,5.115,43.611,2.589,3.961,0.000,21.871,0,1122.551
31.000,10,45.157,5.312,41.860,0.981,5.509,0.000,41.189,0,1019.659
32.000,10,44.045,5.077,44.158,1.934,4.632,0.000,59.707,1,789.540
33.000,10,46.031,4.931,45.962,2.424,7.622,0.000,36.073,0,868.008
34.000,10,36.600,5.259,44.059,1.903,8.006,0.000,55.745,0,1171.111
35.000,10,38.302,4.671,46.198,1.411,5.474,0.000,47.251,0,833.914
36.000,10,31.607,5.072,49.448,1.444,3.397,0.000,13.270,1,964.576
37.000,10,48.822,5.101,46.183,0.889,6.937,0.000,66.180,0,1106.206
38.000,10,46.970,4.815,45.080,2.923,4.935,0.000,41.642,1,1040.571
39.000,10,46.068,4.967,51.048,1.791,5.823,0.000,56.220,0,912.947
40.000,10,46.285,4.840,46.048,1.152,3.981,0.000,38.872,0,1108.499
41.000,10,42.267,4.894,44.565,1.495,5.018,0.000,46.300,0,1285.070
42.000,10,45.991,4.782,46.632,3.467,5.502,0.000,12.294,1,1243.393
43.000,10,45.923,5.091,45.252,1.632,5.645,0.000,21.268,1,892.761
44.000,10,31.326,5.108,44.653,1.173,7.504,0.000,10.145,0,1196.155
45.000,10,41.489,5.146,45.988,2.663,6.607,0.000,20.745,0,1081.683
46.000,10,35.965,5.042,45.597,1.241,4.853,0.000,17.228,0,868.935
47.000,10,46.231,4.952,43.505,1.901,3.354,0.000,78.591,0,893.441
48.000,10,39.088,5.131,46.841,1.273,6.973,0.000,70.830,0,1233.338
49.000,10,43.446,4.909,42.018,1.578,6.083,0.000,65.486,0,1159.424
50.000,10,42.661,4.926,42.445,0.976,3.591,0.000,59.640,0,1214.355
51.000,10,44.243,5.087,45.485,2.159,6.108,0.000,50.971,1,1182.673
52.000,10,38.339,5.351,43.001,1.168,9.408,0.000,66.865,1,1062.282
53.000,10,37.379,5.329,44.878,3.149,5.070,0.000,54.554,0,1034.668
54.000,10,41.894,4.913,45.771,1.111,6.414,0.000,75.486,0,980.769
55.000,10,39.245,5.205,47.923,1.155,4.400,0.000,76.817,1,958.961
56.000,10,40.564,5.070,44.749,0.895,5.650,0.000,28.424,0,1035.007
57.000,10,51.029,4.987,42.216,2.290,6.296,0.000,79.931,0,960.354
58.000,10,49.148,5.040,45.627,1.462,5.646,0.000,46.196,0,1029.642
59.000,10,52.238,4.882,43.691,1.126,5.871,0.000,50.619,0,1214.246
60.000,10,46.878,4.885,44.013,1.580,2.579,0.000,45.076,1,1309.400
61.000,10,35.987,4.868,45.648,1.159,6.896,0.000,14.257,0,1085.923
62.000,10,43.838,4.793,47.743,1.636,5.618,0.000,57.172,0,1211.131
63.000,10,48.135,5.198,47.121,1.319,5.119,0.000,71.173,1,1169.963
64.000,10,47.723,4.883,49.012,1.552,7.738,0.000,34.142,0,1015.155
65.000,10,46.933,5.030,43.443,2.458,4.460,0.000,54.940,0,977.022
66.000,10,44.418,4.910,45.394,3.181,4.744,0.000,32.639,0,995.437
67.000,10,40.606,4.876,43.992,1.702,6.135,0.000,61.890,0,1066.677
68.000,10,45.437,4.867,47.084,2.290,8.162,0.000,66.321,0,1162.793
69.000,10,49.555,5.122,38.300,0.981,4.301,0.000,22.128,0,981.564
70.000,10,48.791,4.950,44.453,1.266,5.647,0.000,22.013,1,964.029
71.000,10,43.743,4.934,46.196,1.624,6.578,0.000,39.040,0,1146.606
72.000,10,41.502,5.013,46.676,1.550,6.829,0.000,19.414,0,1301.981
73.000,10,44.336,5.074,45.626,1.307,5.337,0.000,28.185,0,870.712
74.000,10,46.286,5.166,46.316,1.787,4.790,0.000,58.033,0,1130.649
75.000,10,41.388,4.772,45.016,2.345,5.445,0.000,11.179,1,1078.683
76.000,10,46.139,5.009,47.326,2.059,5.521,0.000,13.448,0,979.996
77.000,10,43.748,5.270,48.235,1.554,5.070,0.000,12.321,1,862.250
78.000,10,45.556,4.998,48.815,1.800,6.127,0.000,45.176,0,1066.597
79.000,10,53.942,4.993,42.114,2.208,3.998,0.000,20.158,1,1040.240
80.000,10,37.219,5.143,42.125,1.083,6.175,0.000,64.706,0,1232.663
81.000,10,50.807,5.024,41.795,1.614,5.739,0.000,10.125,0,1072.562
82.000,10,51.727,5.246,46.295,1.758,5.256,0.000,14.442,1,1000.402
83.000,10,40.407,5.098,41.187,2.528,7.704,0.000,29.352,0,654.206
84.000,10,55.915,4.931,38.806,1.264,4.733,0.000,31.257,1,979.190
85.000,10,45.286,4.957,41.184,2.345,6.221,0.000,21.295,0,1044.425
86.000,10,48.589,4.793,39.861,2.310,5.958,0.000,71.907,0,1013.039
87.000,10,41.852,5.152,44.732,4.620,5.180,0.000,79.297,1,998.236
88.000,10,43.684,5.181,44.398,2.338,5.078,0.000,38.668,0,891.493
89.000,10,45.520,5.056,42.578,1.438,5.151,0.000,58.293,0,1271.038
90.000,10,49.389,4.986,44.375,2.741,5.917,0.000,16.458,0,1102.758
91.000,10,51.095,4.949,43.508,2.323,6.646,0.000,70.289,0,1346.027
92.000,10,54.647,4.876,45.767,1.342,5.486,0.000,50.782,0,1036.547
93.000,10,47.778,4.939,40.999,1.615,5.042,0.000,70.667,0,1098.313
94.000,10,40.835,5.097,46.225,1.618,5.697,0.000,44.960,0,891.922
95.000,10,45.982,5.026,43.975,2.157,8.320,0.000,43.028,0,925.437
96.000,10,42.193,5.029,45.840,2.197,3.354,0.000,51.798,1,1184.915
97.000,10,41.731,4.881,46.152,1.533,3.477,0.000,26.116,0,1390.212
98.000,10,46.096,4.779,41.264,1.972,6.260,0.000,77.924,1,830.182
99.000,10,47.668,5.099,44.682,1.630,5.972,0.000,72.716,0,1025.770
100.000,10,45.199,5.105,43.598,2.570,5.245,0.000,52.732,0,1403.364
101.000,10,40.019,5.098,51.513,2.213,6.729,0.000,46.464,0,1118.449
102.000,10,48.798,5.067,42.492,1.611,7.175,0.000,50.892,0,940.750
103.000,10,40.199,4.927,43.964,2.189,4.807,0.000,60.254,1,824.204
104.000,10,48.616,5.073,45.207,2.601,6.827,0.000,62.270,0,1056.621
105.000,10,45.612,4.737,45.883,1.971,2.789,0.000,56.741,0,1074.370
106.000,10,46.377,4.955,44.609,1.698,6.403,0.000,21.121,0,1033.372
107.000,10,40.054,4.934,46.732,1.789,5.873,0.000,20.814,1,1222.337
108.000,10,43.216,4.957,44.218,1.049,5.766,0.000,78.194,1,1122.185
109.000,10,42.242,4.918,43.731,3.120,5.010,0.000,49.827,0,1108.321
110.000,10,42.692,4.912,43.967,1.849,7.393,0.000,33.214,0,1123.097
111.000,10,41.452,5.010,44.943,1.234,3.345,0.000,50.674,0,1192.985
112.000,10,55.134,5.146,47.095,3.015,5.626,0.000,28.672,1,1150.608
113.000,10,46.740,5.100,42.648,1.743,6.223,0.000,19.374,0,669.978
114.000,10,42.986,5.041,47.397,1.465,5.728,0.000,38.196,0,977.121
115.000,10,43.816,5.308,44.721,1.389,4.822,0.000,61.302,0,1044.384
116.000,10,48.583,4.979,46.839,1.891,5.418,0.000,31.762,0,1104.010
117.000,10,58.197,5.057,45.045,2.048,5.824,0.000,18.961,1,1043.721
118.000,10,35.661,5.254,42.634,1.858,6.529,0.000,44.809,0,1024.066
119.000,10,40.831,4.893,42.920,1.168,5.085,0.000,75.157,0,913.624
120.000,10,39.570,4.971,48.405,2.418,5.792,0.000,39.130,0,987.260
121.000,10,43.662,5.253,45.246,2.227,7.235,0.000,76.619,1,988.840
122.000,10,50.666,5.027,40.181,1.363,5.558,0.000,22.629,1,1101.162
123.000,10,40.957,4.784,45.884,1.337,7.654,0.000,76.712,0,1094.229
124.000,10,47.071,5.167,40.438,1.595,6.334,0.000,53.280,0,1002.068
125.000,10,45.245,4.748,50.084,1.339,7.177,0.000,78.492,0,760.514
126.000,10,51.861,4.932,41.321,1.507,5.365,0.000,78.035,0,1041.078
127.000,10,44.485,4.914,46.202,1.932,5.749,0.000,50.964,0,1176.521
128.000,10,29.685,4.912,44.277,2.231,3.343,0.000,24.378,0,1077.429
129.000,10,48.671,4.999,44.843,2.412,6.036,0.000,52.825,0,1091.191
130.000,10,47.571,5.045,41.965,1.414,6.396,0.000,49.323,0,857.845
131.000,10,50.969,5.064,40.722,2.255,5.756,0.000,56.245,1,1143.801
132.000,10,41.691,5.053,46.068,1.661,6.344,0.000,31.152,0,1086.827
133.000,10,41.166,5.124,39.338,1.395,4.410,0.000,47.289,1,1152.015
134.000,10,50.288,4.802,44.176,1.418,7.448,0.000,50.457,0,1061.584
135.000,10,48.699,5.124,42.491,1.959,7.112,0.000,75.424,0,974.303
136.000,10,42.612,5.330,39.044,2.137,6.837,0.000,77.096,0,903.573
137.000,10,45.324,4.851,44.081,2.360,7.905,0.000,25.012,1,871.713
138.000,10,53.574,5.040,45.598,1.525,4.459,0.000,14.689,0,1041.209
139.000,10,34.017,5.198,44.719,2.457,4.773,0.000,48.366,1,1201.298
140.000,10,46.624,5.227,40.638,1.849,5.313,0.000,78.448,0,1133.734
141.000,10,47.203,4.793,46.897,2.341,3.963,0.000,66.690,1,1012.413
142.000,10,52.113,4.815,47.802,1.596,8.053,0.000,53.549,1,898.457
143.000,10,41.175,4.925,44.438,1.380,6.826,0.000,42.453,0,813.952
144.000,10,45.714,4.925,42.102,2.820,6.706,0.000,29.365,0,849.250
145.000,10,44.503,5.015,46.159,2.324,5.503,0.000,50.640,0,1226.850
146.000,10,46.313,5.125,50.283,1.850,9.300,0.000,79.798,1,1172.972
147.000,10,52.233,5.010,49.795,1.216,2.089,0.000,28.980,0,1010.784
148.000,10,45.198,5.218,45.906,2.382,7.466,0.000,46.483,1,1273.939
149.000,10,49.938,4.894,42.348,2.593,3.842,0.000,64.585,0,1054.222
150.000,10,56.777,5.511,41.212,1.161,5.591,0.000,60.578,1,739.853
151.000,10,46.511,5.262,44.740,2.014,4.546,0.000,17.824,0,733.740
152.000,10,45.718,4.860,45.005,1.458,4.367,0.000,29.675,0,972.635
153.000,10,40.705,4.888,43.866,1.295,3.911,0.000,42.431,0,668.342
154.000,10,39.605,5.014,46.688,2.880,7.001,0.000,51.431,0,591.084
155.000,10,35.800,4.835,44.621,3.668,6.666,0.000,30.190,1,922.319
156.000,10,46.956,4.551,42.809,2.433,8.514,0.000,41.137,0,980.982
157.000,10,41.914,5.029,47.486,2.049,5.446,0.000,29.173,0,738.510
158.000,10,41.860,4.999,42.694,2.162,6.713,0.000,20.385,1,904.787
159.000,10,53.538,4.933,43.930,1.708,6.485,0.000,68.658,0,981.250
160.000,10,36.201,5.129,39.130,1.289,8.573,0.000,29.308,0,1164.196
161.000,10,41.224,4.850,42.760,2.604,5.654,0.000,78.097,0,1244.918
162.000,10,43.884,5.038,41.600,2.117,8.588,0.000,77.828,0,1187.975
163.000,10,50.782,5.050,43.691,1.516,5.033,0.000,71.328,0,955.308
164.000,10,50.791,5.141,44.901,1.941,6.075,0.000,14.759,0,1150.133
165.000,10,44.283,4.944,45.189,2.232,5.613,0.000,67.032,0,948.487
166.000,10,44.439,5.168,43.612,2.100,6.014,0.000,67.110,0,944.770
167.000,10,51.346,4.963,48.777,1.221,5.462,0.000,34.448,0,1033.573
168.000,10,48.538,5.016,47.122,1.745,5.355,0.000,31.312,0,881.900
169.000,10,47.859,5.062,47.977,2.411,5.686,0.000,37.839,1,1008.863
170.000,10,42.269,5.098,43.832,1.695,5.247,0.000,64.126,0,1091.909
171.000,10,44.849,4.943,46.277,1.786,6.147,0.000,74.453,0,1007.541
172.000,10,36.114,4.822,38.958,2.272,4.873,0.000,32.576,0,1195.947
173.000,10,44.826,4.986,41.169,1.349,6.187,0.000,11.292,0,1152.613
174.000,10,43.025,4.985,42.852,2.418,6.323,0.000,28.261,0,831.432
175.000,10,47.068,5.075,43.121,1.265,4.766,0.000,25.977,0,969.157
176.000,10,42.857,5.033,44.280,2.443,6.409,0.000,43.861,0,1024.969
177.000,10,30.698,5.063,42.325,2.194,3.428,0.000,60.725,0,986.117
178.000,10,37.638,5.303,41.594,1.447,5.919,0.000,50.579,0,1033.354
179.000,10,44.731,4.714,44.427,2.323,6.121,0.000,31.952,0,1061.192
180.000,10,44.587,4.978,45.829,1.539,6.192,0.000,28.507,0,883.471
181.000,10,41.542,4.935,43.246,2.221,5.663,0.000,36.469,1,827.459
182.000,10,47.776,4.852,43.611,3.031,3.989,0.000,57.537,0,1116.659
183.000,10,44.992,4.713,44.353,1.717,3.769,0.000,23.606,0,993.641
184.000,10,45.370,4.839,45.958,2.197,2.128,0.000,60.501,1,805.207
185.000,10,56.784,5.089,49.023,2.167,6.472,0.000,17.663,1,996.805
186.000,10,52.379,4.942,44.570,2.673,5.251,0.000,39.692,0,1006.809
187.000,10,44.764,5.168,42.487,1.500,7.725,0.000,65.365,0,955.083
188.000,10,50.168,5.030,44.034,1.457,6.798,0.000,12.842,0,1224.039
189.000,10,42.977,4.792,42.206,2.251,9.987,0.000,76.946,1,941.104
190.000,10,40.529,5.078,42.399,1.885,7.483,0.000,68.380,0,964.246
191.000,10,53.856,4.793,47.035,1.796,5.445,8.594,49.242,0,901.650
192.000,10,34.754,5.095,41.162,2.144,6.676,0.000,22.004,0,1231.432
193.000,10,47.376,4.831,47.849,2.721,10.057,0.000,21.994,0,783.696
194.000,10,36.836,4.923,41.584,3.325,5.756,0.000,77.578,0,1008.734
195.000,10,41.867,4.955,44.673,2.812,5.365,0.000,53.177,0,1010.154
196.000,10,47.378,5.006,40.190,2.184,7.172,0.000,76.939,0,795.595
197.000,10,48.524,5.083,40.399,1.391,4.622,42.140,72.388,1,1038.185
198.000,10,48.462,5.065,47.017,2.112,4.049,0.000,23.496,1,989.657
199.000,10,44.444,4.779,41.314,2.070,8.383,0.000,28.497,1,608.355
200.000,10,39.381,4.765,45.402,2.213,4.152,0.000,44.858,0,1162.700
201.000,10,47.020,4.915,39.708,1.925,4.667,0.000,46.997,0,1179.655
202.000,10,36.964,5.072,46.434,1.396,7.112,0.000,58.871,0,1081.037
203.000,10,53.615,5.095,44.448,2.265,5.281,0.000,27.959,1,1257.889
204.000,10,53.089,4.754,43.933,1.841,6.371,50.585,60.670,1,1027.154
205.000,10,45.948,5.013,39.002,3.962,8.576,0.000,41.373,0,931.749
206.000,10,48.695,4.999,40.294,1.503,9.048,0.000,15.447,0,1086.772
207.000,10,46.756,4.957,38.477,1.910,6.647,0.000,65.621,0,826.789
208.000,10,44.396,4.913,43.508,1.548,7.396,0.000,50.584,0,963.469
209.000,10,53.047,4.708,38.539,1.949,4.900,0.000,51.273,1,861.321
210.000,10,55.578,4.897,43.406,2.875,4.753,0.000,45.815,0,836.771
211.000,10,39.254,4.808,42.307,2.456,4.237,0.000,36.282,0,697.530
212.000,10,37.912,5.079,41.312,1.974,8.471,0.000,24.901,0,924.493
213.000,10,52.207,5.030,44.394,1.422,7.787,0.000,48.059,1,1026.153
214.000,10,44.705,5.028,41.843,1.382,5.992,25.073,41.318,0,974.655
215.000,10,55.105,4.894,42.237,2.260,8.789,0.000,18.903,1,1017.718
216.000,10,44.966,4.963,43.103,2.477,2.973,11.902,21.678,1,708.394
217.000,10,40.791,4.807,41.800,1.387,5.006,0.000,62.005,0,1197.628
218.000,10,48.593,4.859,42.191,1.735,3.537,0.000,73.616,0,1031.669
219.000,10,44.120,4.857,44.567,1.696,6.028,1.083,20.436,0,938.619
220.000,10,39.755,5.111,43.395,2.488,6.894,0.000,66.078,0,609.125
221.000,10,40.163,5.255,43.093,1.836,7.356,0.000,39.346,1,699.938
222.000,10,56.107,5.007,43.400,1.960,6.917,0.000,62.150,0,870.379
223.000,10,46.875,4.916,40.057,3.243,5.934,0.000,41.267,0,901.858
224.000,10,48.037,5.036,42.694,1.484,4.877,0.000,59.251,0,781.344
225.000,10,44.827,5.216,44.061,2.002,5.403,0.000,51.813,1,967.544
226.000,10,39.382,4.758,45.637,2.149,8.620,0.000,66.818,0,781.139
227.000,10,36.881,4.903,41.805,1.707,6.631,0.000,45.201,0,1348.997
228.000,10,49.697,5.100,42.664,4.331,6.813,0.000,22.528,1,812.504
229.000,10,37.817,5.153,41.757,2.459,4.145,0.000,11.891,0,1059.261
230.000,10,48.590,4.958,44.259,1.809,7.841,45.761,74.025,0,798.035
231.000,10,36.370,4.875,44.123,1.993,6.649,0.000,39.235,1,845.942
232.000,10,49.401,5.141,42.336,1.652,7.379,53.449,69.419,0,1096.564
233.000,10,47.984,4.620,45.089,1.598,4.029,0.000,23.485,0,775.240
234.000,10,35.801,4.923,42.742,2.297,4.927,0.000,49.824,0,1297.416
235.000,10,39.296,4.877,44.484,1.470,7.962,0.000,78.630,1,929.299
236.000,10,45.297,5.347,46.202,1.454,6.028,0.000,78.995,0,975.844
237.000,10,55.408,5.118,44.900,1.609,5.956,45.827,68.342,0,660.265
238.000,10,43.796,5.109,43.639,2.030,5.082,0.000,53.928,0,729.134
239.000,10,43.451,5.202,42.222,2.679,6.283,0.000,34.784,0,880.065
240.000,10,50.821,4.921,40.386,1.534,7.072,13.962,66.712,0,756.499
241.000,10,49.242,4.984,47.537,1.912,6.397,0.000,47.915,0,1057.465
242.000,10,51.029,5.292,44.849,3.275,7.293,76.075,45.144,0,897.841
243.000,10,45.463,4.830,44.634,2.172,5.401,0.000,72.903,0,747.389
244.000,10,43.942,4.911,44.277,2.703,8.257,0.000,49.478,0,961.415
245.000,10,41.882,5.155,37.946,2.961,6.745,0.000,70.880,1,876.919
246.000,10,42.573,4.941,45.200,2.333,6.167,0.000,24.744,0,904.342
247.000,10,49.946,4.896,43.507,1.720,6.382,0.000,45.159,1,925.879
248.000,10,38.214,5.335,43.188,1.876,3.846,0.000,52.488,1,1018.102
249.000,10,47.395,5.154,44.986,2.111,4.449,73.985,23.420,0,884.653
250.000,10,52.079,4.912,43.665,1.983,8.007,70.466,30.007,0,1183.180
251.000,10,46.081,4.913,40.616,2.648,5.900,0.000,65.868,1,883.508
252.000,10,41.076,4.899,38.798,2.602,5.483,0.000,61.090,0,785.247
253.000,10,48.130,4.976,46.333,1.562,7.749,0.000,18.444,0,590.184
254.000,10,47.383,4.950,43.448,2.410,8.518,0.000,17.686,0,1047.325
255.000,10,46.832,5.043,43.025,3.722,7.058,0.000,70.657,1,962.276
256.000,10,41.254,4.935,39.998,2.712,5.232,0.000,38.443,0,1034.933
257.000,10,44.661,5.096,39.669,2.282,5.258,0.000,52.210,0,911.610
258.000,10,48.281,5.137,41.441,1.784,6.199,0.000,64.285,0,890.112
259.000,10,37.301,5.092,43.185,1.706,7.016,0.000,24.812,0,1036.376
260.000,10,42.886,5.216,45.245,1.781,6.503,34.038,22.181,0,994.402
261.000,10,44.220,5.194,43.212,1.946,7.542,0.000,60.040,0,950.692
262.000,10,45.735,4.925,46.483,1.622,6.939,0.000,24.085,0,1175.164
263.000,10,40.840,5.123,44.315,1.885,4.866,100.060,31.407,0,708.751
264.000,10,46.815,5.423,43.413,1.791,7.233,0.000,26.314,0,990.700
265.000,10,40.954,4.777,44.287,1.522,7.515,0.000,74.547,0,888.828
266.000,10,51.311,4.845,43.484,2.281,4.148,0.000,58.256,1,1024.606
267.000,10,49.692,4.969,41.017,2.124,8.286,0.000,48.011,0,784.932
268.000,10,53.571,4.890,42.752,1.752,9.600,0.000,75.324,0,739.355
269.000,10,42.469,5.065,40.299,1.684,5.366,0.000,19.864,0,933.755
270.000,10,44.164,5.139,43.027,1.826,7.218,0.000,24.290,1,1213.106
271.000,10,49.942,4.915,39.670,1.519,5.630,42.933,47.169,0,585.512
272.000,10,37.815,5.033,41.790,2.548,5.091,0.000,71.719,1,836.283
273.000,10,50.974,5.077,42.768,3.783,7.095,0.000,27.990,0,1126.372
274.000,10,43.366,5.142,44.576,2.804,6.174,0.000,29.088,0,987.029
275.000,10,48.104,5.026,44.146,2.208,6.934,0.000,37.930,0,752.399
276.000,10,45.531,5.121,41.761,1.848,1.553,0.000,74.017,0,1047.327
277.000,10,42.458,5.012,42.229,1.940,6.766,83.807,78.879,1,691.694
278.000,10,42.528,4.933,41.316,2.934,5.501,0.000,18.130,0,1026.749
279.000,10,49.833,5.082,41.424,3.127,7.479,0.000,65.096,0,991.967
280.000,10,41.799,4.757,42.656,3.501,6.618,0.000,67.403,0,839.509
281.000,10,45.586,4.892,45.495,2.101,7.349,0.000,48.031,0,992.650
282.000,10,52.097,5.094,45.843,1.780,4.326,0.000,72.046,0,995.962
283.000,10,42.978,4.962,41.885,1.661,7.611,0.000,76.485,1,849.225
284.000,10,46.544,4.869,41.273,1.617,8.704,0.000,53.550,0,944.018
285.000,10,50.545,5.003,46.154,2.670,3.463,0.000,24.840,0,676.536
286.000,10,40.249,4.990,38.618,2.178,5.730,21.839,75.120,0,927.441
287.000,10,40.366,4.924,43.419,3.194,8.158,0.000,29.965,0,747.306
288.000,10,49.451,5.137,43.180,3.495,6.154,0.000,65.751,0,697.645
289.000,10,40.112,5.034,43.935,1.701,6.489,0.000,37.173,0,838.276
290.000,10,33.720,4.917,40.680,2.844,6.249,0.000,47.540,0,910.956
291.000,10,45.053,4.427,38.535,2.923,7.521,46.979,54.605,0,887.362
292.000,10,43.916,5.094,38.510,2.740,5.211,0.000,22.286,0,901.544
293.000,10,52.113,4.763,42.580,1.625,6.146,0.000,75.965,0,736.544
294.000,10,48.183,5.188,42.494,1.809,6.764,0.000,13.616,0,855.228
295.000,10,47.922,4.919,42.343,2.893,6.255,0.000,60.184,0,1032.056
296.000,10,42.177,4.764,43.983,2.806,6.092,0.000,49.163,0,924.713
297.000,10,55.663,4.720,38.943,2.097,6.089,0.000,25.245,1,947.405
298.000,10,47.789,5.030,46.215,2.866,5.994,80.920,58.607,1,951.072
299.000,10,40.967,4.985,42.634,2.259,3.869,0.000,15.241,1,893.664
300.000,10,42.607,4.961,39.166,2.466,10.203,0.000,65.042,1,868.406
301.000,10,40.552,4.991,39.920,3.020,8.642,116.431,41.974,1,869.242
302.000,10,53.446,4.826,42.378,2.301,8.425,0.000,48.015,1,753.373
303.000,10,40.715,5.013,43.883,2.027,7.654,105.022,62.543,1,937.596
304.000,10,52.633,4.909,41.904,2.000,4.435,0.000,52.517,0,927.558
305.000,10,46.752,4.797,45.536,2.416,9.614,0.000,70.954,1,974.052
306.000,10,54.759,4.866,38.546,2.129,4.033,104.499,70.845,0,1117.363
307.000,10,43.224,5.119,45.442,3.246,3.971,0.000,23.766,1,793.055
308.000,10,33.994,4.945,44.210,2.288,7.042,0.000,14.148,0,786.213
309.000,10,45.660,5.160,39.315,1.644,7.073,0.000,77.078,0,800.302
310.000,10,45.304,4.971,44.593,2.853,6.556,0.000,66.193,0,1021.784
311.000,10,40.829,4.756,37.792,3.028,6.848,0.000,24.534,0,879.401
312.000,10,46.775,4.873,43.732,1.685,5.255,0.000,77.239,0,870.464
313.000,10,47.349,4.949,39.801,2.775,6.741,0.000,26.533,0,850.538
314.000,10,49.621,5.058,39.444,2.407,5.112,0.000,66.516,0,929.650
315.000,10,50.492,4.812,45.520,1.993,6.147,0.000,38.989,0,800.470
316.000,10,43.951,4.916,45.195,1.896,4.934,155.558,67.372,0,887.207
317.000,10,37.220,4.973,42.664,2.036,3.177,110.395,23.836,0,995.193
318.000,10,37.940,5.153,43.260,2.305,5.655,0.000,65.782,0,1140.395
319.000,10,45.842,5.232,43.683,2.734,5.209,0.000,13.775,1,678.643
320.000,10,48.164,5.264,40.047,1.969,4.763,0.000,51.248,1,1058.022
321.000,10,42.878,5.020,41.844,2.495,3.205,0.000,10.714,1,1087.299
322.000,10,44.907,4.900,45.520,1.923,6.040,0.000,61.042,1,713.127
323.000,10,39.982,4.795,42.251,2.089,5.344,0.000,72.818,0,625.985
324.000,10,36.832,4.824,38.230,3.108,5.828,0.000,45.457,0,1045.756
325.000,10,40.154,4.875,42.310,2.030,7.329,0.000,40.120,0,641.048
326.000,10,43.459,5.052,44.147,1.863,6.186,69.933,64.002,1,973.341
327.000,10,51.490,5.017,41.423,1.835,7.837,0.000,73.039,0,637.358
328.000,10,46.222,4.830,41.787,2.085,7.185,0.000,11.852,1,789.011
329.000,10,44.008,4.980,42.648,3.987,3.322,70.101,52.862,0,938.426
330.000,10,42.988,4.830,41.382,1.718,5.978,0.000,73.007,0,882.315
331.000,10,50.610,4.960,42.209,3.015,6.988,0.000,49.854,1,583.733
332.000,10,46.523,4.934,43.597,3.822,5.434,0.000,51.113,0,956.423
333.000,10,42.332,5.058,43.842,1.779,5.092,0.000,72.246,0,859.746
334.000,10,50.469,4.738,40.070,2.569,5.029,85.621,45.720,0,909.271
335.000,10,40.236,5.296,44.819,1.833,9.048,29.574,57.855,0,820.189
336.000,10,48.666,4.914,39.908,1.911,5.210,0.000,68.965,0,696.221
337.000,10,42.366,5.032,40.416,2.024,4.065,0.000,54.956,0,939.370
338.000,10,42.092,4.922,41.526,2.251,4.330,157.534,61.941,0,776.939
339.000,10,41.127,5.017,42.307,2.617,4.979,3.561,10.018,0,816.524
340.000,10,52.197,5.192,45.629,2.439,6.473,88.491,28.336,0,913.936
341.000,10,52.244,4.913,42.143,3.525,7.053,0.000,71.057,0,835.383
342.000,10,43.440,5.067,40.237,2.396,8.136,0.000,47.209,0,865.521
343.000,10,42.940,4.983,40.466,2.980,6.274,0.000,10.016,0,541.794
344.000,10,51.309,4.883,38.398,2.353,4.964,0.000,33.782,0,740.627
345.000,10,39.852,5.055,35.834,2.547,6.380,0.000,29.778,0,862.544
346.000,10,45.993,5.252,41.158,2.881,5.794,101.621,68.937,0,759.049
347.000,10,47.501,5.019,44.236,2.411,8.443,0.000,69.318,0,604.385
348.000,10,46.289,5.142,42.559,4.527,5.575,0.000,72.724,0,652.024
349.000,10,51.054,4.647,38.808,2.070,7.839,0.000,26.353,1,1048.384
350.000,10,39.448,4.876,39.581,2.231,7.309,155.133,74.468,0,989.860
351.000,10,42.364,5.121,44.750,3.251,4.714,0.000,42.309,0,741.942
352.000,10,41.428,5.075,41.461,2.267,8.302,14.135,20.995,0,879.010
353.000,10,37.394,4.861,38.548,2.499,4.444,0.000,25.280,0,869.205
354.000,10,41.753,4.936,45.946,1.971,6.845,117.600,35.543,0,732.527
355.000,10,40.276,5.240,44.651,2.251,3.636,0.000,60.544,0,800.394
356.000,10,43.391,4.655,42.218,2.778,5.014,8.335,25.368,0,814.476
357.000,10,43.130,5.202,41.630,1.777,5.854,0.000,70.959,0,1010.115
358.000,10,46.108,4.991,45.152,2.607,4.419,80.054,72.876,0,912.412
359.000,10,42.944,4.950,44.389,2.127,5.402,0.000,72.926,0,757.072
360.000,10,47.250,5.170,42.622,2.645,6.777,76.385,34.724,0,813.999
361.000,10,49.877,5.118,42.775,2.823,8.075,0.000,32.647,0,821.507
362.000,10,44.307,4.993,40.999,2.330,4.624,0.000,77.623,0,1231.900
363.000,10,43.321,5.034,40.645,2.110,3.756,44.892,72.028,0,842.814
364.000,10,40.921,5.171,42.952,3.052,5.301,0.000,47.991,1,621.287
365.000,10,42.962,4.831,39.778,2.595,6.381,0.000,71.205,0,880.645
366.000,10,43.640,5.251,42.593,3.023,7.953,0.000,21.165,0,597.116
367.000,10,47.833,4.938,46.001,2.378,4.712,140.104,79.896,0,793.674
368.000,10,41.060,4.657,40.484,2.195,10.256,0.000,43.265,1,1148.960
369.000,10,38.565,5.075,45.221,3.898,5.939,194.308,70.637,0,753.993
370.000,10,39.826,4.825,37.657,2.425,5.497,0.000,15.056,0,844.815
371.000,10,47.666,4.885,49.202,1.922,5.486,0.000,73.596,0,783.645
372.000,10,43.566,4.885,44.132,2.158,8.134,183.296,39.013,0,858.349
373.000,10,41.310,4.871,46.973,3.872,4.433,0.000,50.285,0,708.413
374.000,10,39.429,5.165,36.685,2.091,5.481,91.348,77.105,0,772.948
375.000,10,40.513,4.974,43.062,1.939,7.600,0.000,38.369,0,437.920
376.000,10,43.630,5.023,41.209,2.241,8.551,0.000,67.841,0,760.840
377.000,10,43.120,5.117,44.021,1.919,6.726,0.000,29.367,0,779.702
378.000,10,42.169,5.110,42.257,2.747,6.526,0.000,68.262,0,745.880
379.000,10,46.181,4.638,39.368,2.446,6.639,46.621,54.835,0,828.975
380.000,10,30.023,5.028,39.360,2.920,6.144,0.000,32.943,0,810.620
381.000,10,50.827,4.991,42.639,2.820,8.272,183.517,10.595,0,870.285
382.000,10,53.403,5.294,46.644,2.193,6.903,0.000,41.072,0,718.120
383.000,10,45.608,4.975,39.619,2.662,5.225,0.000,27.138,0,842.115
384.000,10,39.347,4.971,43.653,2.991,4.328,0.000,33.279,1,717.162
385.000,10,46.777,5.068,45.067,2.315,5.640,147.776,78.603,0,1066.526
386.000,10,44.272,5.133,37.817,2.820,7.967,0.000,75.857,0,516.877
387.000,10,46.558,5.262,39.430,2.829,6.474,0.000,11.295,1,941.136
388.000,10,43.350,4.857,39.614,2.717,8.211,0.000,42.506,0,750.468
389.000,10,49.659,5.050,40.802,2.289,5.605,0.000,69.027,0,1162.339
390.000,10,44.312,5.091,43.613,2.072,7.631,0.000,39.409,1,959.179
391.000,10,50.122,4.952,40.713,2.435,6.348,56.972,43.220,0,1004.593
392.000,10,43.954,4.935,38.915,4.296,5.598,81.722,33.826,1,780.600
393.000,10,51.786,4.807,39.463,1.952,5.464,0.000,39.228,1,845.175
394.000,10,47.939,5.016,41.086,2.924,9.282,0.000,45.608,1,1095.079
395.000,10,41.004,4.833,40.996,3.782,6.195,0.000,33.912,0,906.149
396.000,10,50.198,5.012,42.625,2.095,5.466,0.000,69.693,0,964.214
397.000,10,54.702,5.179,40.467,1.972,3.937,185.624,27.751,0,610.457
398.000,10,41.296,4.862,43.824,2.177,7.674,137.353,11.593,0,1063.947
399.000,10,48.512,4.970,37.617,3.023,2.473,138.289,77.374,1,803.520
400.000,10,41.634,4.820,34.927,1.931,7.279,0.000,21.961,0,728.369
401.000,10,53.922,5.225,44.794,3.173,3.556,132.565,75.048,0,1222.713
402.000,10,45.813,5.118,38.686,2.224,4.966,0.000,40.681,0,861.346
403.000,10,50.907,5.194,40.850,3.209,5.720,0.000,50.442,0,608.732
404.000,10,41.288,5.043,40.764,2.560,3.646,63.293,39.106,0,953.517
405.000,10,38.495,4.928,42.716,3.278,4.922,0.000,62.574,0,712.559
406.000,10,42.000,5.193,40.626,2.119,7.128,77.423,50.068,1,997.456
407.000,10,46.570,4.999,44.720,2.099,7.911,28.941,32.064,0,964.056
408.000,10,37.568,4.915,41.686,2.188,5.273,5.699,35.882,0,773.600
409.000,10,45.540,5.186,42.686,4.784,7.475,0.000,27.837,0,901.051
410.000,10,49.181,4.875,42.428,2.169,7.331,228.836,66.371,0,823.661
411.000,10,40.682,4.915,44.343,2.611,6.622,0.000,47.937,0,528.769
412.000,10,45.274,5.233,43.234,2.648,6.608,18.373,72.623,0,902.606
413.000,10,47.348,5.129,44.115,3.002,6.652,0.000,23.193,0,749.369
414.000,10,40.709,4.976,42.264,2.183,6.587,0.000,17.612,0,650.555
415.000,10,49.570,4.836,44.551,2.077,4.844,0.000,79.947,1,865.661
416.000,10,44.806,5.081,39.478,2.509,4.985,87.034,72.972,0,966.196
417.000,10,43.989,4.993,41.800,2.056,6.295,239.910,44.950,0,627.571
418.000,10,48.036,4.774,38.654,2.660,8.385,154.496,22.767,0,592.350
419.000,10,38.112,5.127,41.529,3.109,4.807,218.825,61.048,1,959.832
420.000,10,38.947,4.880,42.475,2.803,5.741,0.000,65.310,0,465.432
421.000,10,46.288,5.159,40.402,2.038,6.942,232.616,35.497,0,808.256
422.000,10,40.558,5.089,39.045,2.436,7.496,0.000,22.571,0,814.518
423.000,10,53.319,5.252,42.782,2.873,7.119,10.046,27.682,0,993.163
424.000,10,46.762,5.214,40.530,2.425,5.840,0.000,29.970,0,1103.816
425.000,10,55.233,5.048,40.500,2.135,8.176,0.000,50.284,0,1084.337
426.000,10,56.929,4.952,43.894,3.179,9.662,180.401,26.288,0,721.887
427.000,10,56.612,5.041,37.424,2.151,7.237,212.577,55.321,0,832.222
428.000,10,45.278,5.149,38.299,3.494,8.935,216.034,49.849,0,782.093
429.000,10,56.359,5.075,39.087,2.880,8.276,250.181,10.726,0,722.697
430.000,10,40.405,4.995,40.158,2.173,5.345,104.576,68.556,0,692.731
431.000,10,36.792,4.839,39.919,2.504,7.987,0.000,34.581,0,621.187
432.000,10,45.184,5.048,40.995,2.476,8.432,0.000,49.469,0,802.274
433.000,10,43.814,5.503,40.636,2.020,5.741,84.371,57.013,1,791.833
434.000,10,44.445,5.057,39.480,3.583,7.667,183.356,23.861,1,797.186
435.000,10,41.614,5.034,40.113,2.093,9.430,0.000,34.437,0,1022.996
436.000,10,40.354,5.091,44.025,2.929,7.238,0.000,21.794,0,694.269
437.000,10,46.933,5.259,46.257,3.808,4.218,220.492,34.300,0,730.224
438.000,10,48.639,4.794,34.438,2.691,7.941,0.000,37.796,1,693.257
439.000,10,40.255,5.112,37.991,2.712,6.034,0.000,44.622,1,723.063
440.000,10,47.059,4.987,40.359,3.001,5.178,69.545,74.111,0,994.640
441.000,10,43.655,5.113,39.737,2.358,3.855,254.054,12.365,1,1059.582
442.000,10,47.962,4.938,38.777,2.298,9.098,0.000,21.391,0,985.045
443.000,10,49.286,4.746,36.440,2.971,2.840,0.000,37.752,0,799.064
444.000,10,39.143,4.764,42.849,2.382,7.686,185.573,39.366,0,620.033
445.000,10,49.707,5.011,41.664,2.462,6.220,143.170,72.490,0,889.692
446.000,10,41.991,4.939,44.824,3.091,8.761,7.345,78.806,0,788.986
447.000,10,41.994,5.253,42.080,2.490,6.794,3.516,67.690,0,924.891
448.000,10,47.565,5.069,42.187,2.274,3.294,0.000,31.905,0,537.684
449.000,10,40.939,4.702,38.739,2.968,5.883,0.000,50.262,1,717.106
450.000,10,40.790,5.215,38.538,4.217,8.080,218.500,49.523,0,542.229
451.000,10,36.665,5.093,39.625,2.253,8.578,0.000,50.286,0,957.639
452.000,10,39.584,4.881,45.368,2.998,5.686,34.796,18.216,0,828.550
453.000,10,50.167,5.362,46.683,4.953,5.681,91.432,52.725,1,899.988
454.000,10,35.669,5.051,40.007,2.770,7.141,217.283,54.399,0,655.278
455.000,10,46.070,4.887,42.541,2.589,6.271,107.984,21.956,0,655.174
456.000,10,42.058,5.117,42.103,4.114,8.830,95.267,34.684,0,741.999
457.000,10,44.018,4.775,39.176,2.309,6.291,0.000,56.160,1,450.808
458.000,10,48.545,5.055,42.232,2.511,5.064,0.000,38.456,0,1020.205
459.000,10,47.328,5.255,42.351,2.199,6.949,78.540,69.736,0,955.476
460.000,10,45.456,4.864,37.066,3.001,8.030,0.000,40.466,0,1017.193
461.000,10,44.626,5.054,37.671,2.329,6.462,91.290,33.651,1,792.241
462.000,10,44.876,5.049,39.763,3.657,6.755,35.083,72.293,1,681.155
463.000,10,50.831,4.993,41.319,3.634,11.142,0.000,34.044,1,971.660
464.000,10,49.913,4.978,36.490,2.109,6.111,0.000,46.923,1,855.070
465.000,10,39.784,4.906,40.409,4.082,7.210,72.192,45.717,0,941.865
466.000,10,47.880,5.169,42.666,2.342,6.263,249.488,52.496,1,900.852
467.000,10,47.858,5.098,44.537,2.529,4.388,0.000,47.671,0,955.206
468.000,10,45.422,5.072,35.537,3.516,7.412,0.000,46.391,1,794.837
469.000,10,52.843,4.764,43.365,2.981,5.300,131.392,43.880,0,697.116
470.000,10,43.672,5.030,35.053,2.989,2.891,0.000,50.529,0,735.429
471.000,10,45.447,4.808,46.100,3.452,6.394,151.969,79.226,1,625.105
472.000,10,36.581,5.185,38.780,2.457,4.264,0.000,30.994,0,724.495
473.000,10,46.860,4.960,38.809,2.786,7.202,0.000,57.576,0,878.038
474.000,10,42.953,4.965,38.782,2.123,2.749,222.728,79.444,0,785.005
475.000,10,41.854,5.099,42.748,2.729,4.307,263.731,36.642,1,896.443
476.000,10,43.014,4.716,39.247,3.055,5.902,96.932,50.894,1,797.410
477.000,10,40.535,5.119,38.175,3.807,8.244,123.230,29.140,1,874.334
478.000,10,39.951,4.888,38.694,3.154,5.807,152.939,31.943,0,1149.331
479.000,10,45.311,5.150,39.434,2.713,4.377,43.559,63.614,1,756.589
480.000,10,44.923,5.230,38.256,3.177,7.571,296.688,53.321,0,757.913
481.000,10,45.224,4.812,40.989,2.157,9.875,189.985,28.945,0,755.390
482.000,10,43.998,4.979,36.789,2.864,4.723,246.545,50.684,0,805.861
483.000,10,52.024,4.664,40.586,2.223,6.700,56.562,11.422,0,836.599
484.000,10,46.224,5.284,34.877,3.087,5.712,248.903,18.255,0,752.534
485.000,10,37.433,4.844,41.449,2.372,8.812,0.000,34.864,1,774.783
486.000,10,44.669,4.895,39.827,3.283,7.360,0.000,67.214,0,652.361
487.000,10,50.090,5.003,41.293,3.013,7.563,40.721,18.285,0,625.316
488.000,10,39.244,4.952,42.006,3.814,7.754,0.000,72.954,0,769.942
489.000,10,41.269,5.106,42.275,2.352,5.542,0.000,35.053,0,664.616
490.000,10,50.054,4.892,37.770,2.471,6.318,0.000,40.023,1,915.968
491.000,10,40.915,4.931,41.710,3.249,7.059,0.000,51.880,0,999.271
492.000,10,51.795,5.020,37.592,3.591,7.730,149.591,76.248,1,608.120
493.000,10,43.561,4.918,38.706,2.738,3.184,301.332,65.558,0,665.412
494.000,10,41.814,4.884,39.256,2.415,7.727,131.390,51.146,0,823.442
495.000,10,36.407,5.082,38.847,2.762,8.544,170.048,49.774,0,796.479
496.000,10,42.156,5.097,35.177,2.612,7.328,0.000,75.028,0,389.645
497.000,10,30.953,4.865,43.736,2.737,6.512,0.000,43.666,0,937.324
498.000,10,50.060,5.278,45.189,2.935,7.437,128.916,10.515,0,584.353
499.000,10,40.570,4.984,40.075,3.602,6.721,0.000,35.711,1,747.004
500.000,10,37.073,5.082,37.650,2.696,4.383,270.121,46.780,0,675.615
501.000,10,50.836,4.896,37.851,4.840,5.778,227.713,54.808,1,837.463
502.000,10,50.203,5.196,42.233,3.093,9.452,217.114,27.614,1,797.597
503.000,10,38.597,4.720,37.972,2.469,6.367,56.206,57.714,0,622.815
504.000,10,41.788,5.130,35.706,2.996,7.348,170.452,55.169,1,633.021
505.000,10,52.921,5.043,44.462,3.161,6.670,83.504,73.329,0,891.777
506.000,10,53.037,5.130,38.010,5.080,8.376,57.026,30.131,1,448.428
507.000,10,42.009,4.993,41.783,3.216,8.020,0.000,61.496,0,673.892
508.000,10,58.093,5.191,41.723,2.931,6.321,144.369,18.539,1,1072.264
509.000,10,42.966,5.238,38.285,4.111,7.093,119.551,22.525,1,551.665
510.000,10,43.378,4.585,42.167,3.660,6.708,0.000,63.925,0,806.692
511.000,10,36.758,4.856,40.405,3.089,6.135,102.660,38.052,0,783.192
512.000,10,40.823,5.030,36.470,2.959,6.652,90.958,20.898,1,841.111
513.000,10,35.251,4.899,39.821,2.469,4.851,156.822,61.813,1,605.554
514.000,10,45.782,4.996,42.006,2.828,5.162,0.000,30.001,1,545.031
515.000,10,44.763,5.001,35.304,2.359,5.021,180.569,43.208,0,759.083
516.000,10,44.894,5.074,45.831,3.130,6.544,0.000,27.685,0,729.353
517.000,10,47.985,5.009,40.914,2.743,3.363,320.669,69.459,0,670.879
518.000,10,48.799,4.948,40.801,2.669,4.106,0.000,30.699,1,749.495
519.000,10,43.954,5.082,40.975,2.980,5.963,0.000,35.798,0,784.240
520.000,10,45.818,5.282,42.472,2.578,6.573,112.421,70.576,0,640.364
521.000,10,45.017,5.032,35.696,2.994,5.677,0.000,41.134,0,761.047
522.000,10,46.780,4.971,34.580,2.611,7.212,96.665,45.266,0,715.294
523.000,10,47.027,4.990,39.639,2.272,8.674,0.000,64.268,0,806.921
524.000,10,42.947,5.189,41.629,2.956,5.252,268.699,53.779,0,814.389
525.000,10,45.620,5.033,41.854,2.411,5.443,68.320,75.470,0,591.073
526.000,10,41.213,4.895,38.880,2.890,5.873,0.000,34.571,0,589.303
527.000,10,43.256,4.905,30.962,2.922,6.596,354.590,68.833,1,342.910
528.000,10,39.651,5.262,37.869,2.490,8.120,2.298,73.896,0,706.039
529.000,10,36.484,5.101,37.462,3.566,7.648,269.503,30.424,1,758.885
530.000,10,44.896,5.179,41.633,3.556,6.974,29.819,72.417,1,756.164
531.000,10,40.715,4.930,39.825,3.606,7.532,319.300,47.358,0,809.228
532.000,10,35.859,5.387,39.700,2.507,5.861,41.028,31.110,0,883.147
533.000,10,41.259,5.111,41.108,3.542,3.170,173.287,22.703,1,765.203
534.000,10,33.245,5.098,39.460,2.489,7.895,111.406,78.354,0,737.654
535.000,10,46.578,5.057,43.740,2.806,8.116,160.306,71.895,1,758.769
536.000,10,46.527,5.124,45.290,2.710,6.525,201.336,35.721,0,1066.211
537.000,10,47.677,5.134,42.154,3.063,4.632,0.000,61.566,0,675.140
538.000,10,38.701,4.994,37.802,2.921,5.535,31.093,23.803,0,510.503
539.000,10,46.196,5.127,39.128,2.786,8.807,0.000,67.839,0,817.845
540.000,10,38.405,4.939,42.266,3.138,8.866,0.000,37.323,1,911.932
541.000,10,47.977,4.911,34.861,3.019,8.105,304.830,33.072,0,755.354
542.000,10,39.874,5.188,38.053,2.705,5.062,42.110,54.818,0,868.181
543.000,10,38.938,5.181,41.975,2.702,7.779,75.539,39.097,0,1047.041
544.000,10,41.139,4.770,38.471,3.379,7.557,390.749,69.904,1,984.881
545.000,10,41.174,4.919,40.585,2.448,7.098,380.744,73.404,0,753.172
546.000,10,48.175,5.052,34.947,2.622,4.565,192.224,73.969,0,653.977
547.000,10,53.110,5.046,40.063,2.509,3.587,175.196,19.995,0,717.837
548.000,10,35.123,5.240,35.905,2.713,9.361,119.337,33.181,1,603.489
549.000,10,47.301,5.067,41.880,3.039,5.601,0.000,24.408,0,882.979
550.000,10,33.919,5.210,40.726,3.148,6.384,164.143,49.020,0,597.350
551.000,10,40.471,5.355,36.826,2.981,7.517,296.258,18.904,0,594.399
552.000,10,34.906,5.176,39.617,3.356,6.104,397.530,37.710,1,1154.365
553.000,10,53.589,4.817,42.292,4.070,7.208,57.728,35.274,0,774.044
554.000,10,39.162,5.237,37.554,4.168,4.261,332.317,77.951,1,891.047
555.000,10,48.126,4.981,37.616,3.349,7.255,57.618,60.375,1,718.285
556.000,10,57.020,5.233,39.479,3.217,5.824,298.238,25.458,1,567.566
557.000,10,52.967,5.023,39.623,2.730,8.127,209.988,59.309,0,901.561
558.000,10,49.865,5.037,39.669,2.658,9.840,52.099,27.595,0,812.456
559.000,10,47.643,4.954,38.865,2.982,7.892,177.654,73.460,0,814.923
560.000,10,56.068,4.991,38.823,2.829,8.535,62.175,23.251,0,654.943
561.000,10,46.948,4.701,43.727,3.954,6.272,57.376,76.422,0,752.629
562.000,10,54.843,4.877,43.256,3.526,5.672,205.192,77.809,0,711.250
563.000,10,47.244,5.093,34.413,3.174,5.656,277.306,44.510,1,679.168
564.000,10,37.382,4.983,42.912,3.031,7.699,384.831,47.333,0,382.576
565.000,10,47.264,4.986,38.250,2.550,9.382,220.516,13.947,1,721.963
566.000,10,50.813,4.933,36.889,3.292,9.877,0.000,11.763,0,809.177
567.000,10,44.145,4.798,42.262,2.626,6.424,0.000,32.343,1,935.150
568.000,10,33.224,5.040,40.802,3.174,6.922,0.000,24.555,0,740.309
569.000,10,47.310,4.810,33.772,2.883,5.986,246.888,59.333,1,535.349
570.000,10,46.517,5.179,35.822,2.499,5.617,46.134,62.962,0,544.623
571.000,10,41.596,4.904,37.759,2.515,5.783,98.547,57.996,1,609.445
572.000,10,38.784,5.030,42.389,3.645,5.005,397.046,13.997,0,731.481
573.000,10,42.685,5.104,38.174,3.784,5.554,0.000,49.925,0,717.133
574.000,10,59.620,4.886,40.823,3.888,5.614,155.764,42.665,0,500.345
575.000,10,40.674,4.844,38.650,2.510,8.895,55.436,29.661,1,514.247
576.000,10,43.369,4.836,39.149,2.812,7.127,0.000,49.066,1,965.437
577.000,10,34.591,5.128,42.340,2.504,7.129,359.570,10.559,0,820.250
578.000,10,47.845,4.999,44.582,3.160,8.241,308.282,45.855,0,679.756
579.000,10,39.221,5.203,44.330,3.396,5.300,283.330,58.662,0,638.647
580.000,10,45.245,5.060,37.536,3.251,6.393,366.533,38.786,0,528.344
581.000,10,52.014,4.844,41.245,3.800,7.299,16.366,21.024,0,558.664
582.000,10,41.485,4.978,38.102,2.665,7.822,44.071,65.965,0,610.431
583.000,10,43.078,5.153,37.169,2.578,7.650,232.136,20.347,0,728.193
584.000,10,42.838,4.846,38.599,3.374,6.238,335.732,49.396,1,569.668
585.000,10,38.286,4.782,37.718,3.575,6.528,383.636,72.036,0,502.722
586.000,10,48.015,4.981,35.499,2.962,9.067,129.717,40.902,1,503.264
587.000,10,38.584,4.688,38.019,3.957,6.774,65.793,62.433,0,870.539
588.000,10,50.717,5.345,38.342,3.217,7.431,183.618,65.323,0,669.446
589.000,10,39.708,5.148,37.060,3.236,6.353,278.044,39.608,1,642.347
590.000,10,46.816,5.011,41.011,3.964,10.182,287.711,68.100,1,755.638
591.000,10,36.958,4.983,38.489,2.829,6.165,51.215,73.519,1,862.180
592.000,10,40.229,4.997,35.689,2.841,8.026,403.954,19.412,0,626.737
593.000,10,47.306,4.939,38.933,3.530,8.013,28.721,42.647,0,375.705
594.000,10,48.196,4.964,41.760,2.769,7.453,0.000,29.432,0,731.895
595.000,10,33.735,5.070,42.365,4.094,4.720,368.866,45.499,1,643.648
596.000,10,41.334,4.814,40.291,3.272,5.894,34.549,47.641,0,724.381
597.000,10,39.717,4.860,35.063,2.726,8.838,132.745,25.682,0,715.592
598.000,10,48.123,4.952,40.840,3.484,7.267,213.422,44.358,0,572.670
599.000,10,42.009,5.083,39.976,2.888,5.837,226.044,43.116,0,783.603
600.000,10,46.241,4.869,37.094,2.617,4.957,181.626,63.294,0,666.233
601.000,10,43.086,4.786,34.731,3.171,6.669,27.480,56.896,0,624.807
602.000,10,45.545,5.004,39.844,3.989,7.206,85.328,63.472,0,682.099
603.000,10,43.943,4.963,36.466,2.803,6.958,0.000,61.482,0,536.843
604.000,10,44.268,5.235,37.580,2.600,5.636,160.759,61.544,1,466.443
605.000,10,56.134,4.953,37.542,3.227,6.518,148.537,18.576,1,473.584
606.000,10,40.814,5.165,37.948,3.562,7.465,123.937,71.730,0,551.920
607.000,10,40.359,5.220,36.944,3.383,5.636,448.440,11.260,1,575.243
608.000,10,41.182,4.875,39.179,4.317,6.394,169.423,73.117,0,689.205
609.000,10,38.410,5.204,39.214,3.586,7.203,0.000,58.920,1,1113.893
610.000,10,49.576,4.930,42.892,2.693,6.092,318.155,35.687,0,648.439
611.000,10,50.037,4.951,41.219,2.814,8.313,404.894,10.093,1,838.266
612.000,10,37.915,4.943,40.499,4.052,11.193,181.399,52.291,1,389.903
613.000,10,48.893,5.055,41.227,3.159,6.704,8.079,27.128,0,809.817
614.000,10,48.118,5.027,40.796,2.764,8.530,143.830,51.061,1,563.309
615.000,10,49.209,5.137,45.466,2.652,2.939,242.333,56.255,0,619.735
616.000,10,41.657,4.913,40.676,2.608,6.114,416.675,31.531,1,761.719
617.000,10,30.292,4.916,42.116,2.689,7.595,181.033,30.742,0,922.815
618.000,10,42.496,5.024,39.294,2.840,5.441,110.392,24.967,0,595.281
619.000,10,48.037,5.046,36.893,2.754,5.624,280.803,30.593,0,528.449
620.000,10,43.236,4.911,42.764,2.915,10.235,162.046,41.564,0,716.952
621.000,10,41.118,4.896,37.301,3.391,7.571,345.813,22.869,1,566.068
622.000,10,44.203,5.123,37.575,3.875,6.164,137.803,51.483,0,764.986
623.000,10,44.410,4.936,34.181,3.158,5.983,320.781,63.778,1,511.145
624.000,10,42.783,4.972,39.148,3.086,8.989,388.364,29.845,0,594.944
625.000,10,42.814,5.099,36.733,3.174,9.188,80.911,72.230,0,555.614
626.000,10,47.816,5.243,37.588,2.938,7.358,468.434,13.554,1,1007.595
627.000,10,47.931,4.990,35.511,2.731,6.922,0.000,46.894,0,587.465
628.000,10,56.642,5.112,38.136,2.610,8.917,162.371,49.495,0,749.749
629.000,10,46.298,5.081,35.442,2.803,6.689,190.149,55.460,1,874.476
630.000,10,52.872,4.862,39.367,3.088,9.035,68.045,60.646,0,755.117
631.000,10,35.325,5.128,41.044,3.277,6.584,230.649,30.548,1,534.251
632.000,10,44.401,5.346,34.020,2.874,6.629,294.975,53.281,1,546.231
633.000,10,38.861,4.981,40.248,3.230,4.420,103.027,59.360,1,593.369
634.000,10,42.602,5.013,41.726,4.254,4.905,239.175,46.187,1,699.619
635.000,10,38.926,5.114,39.715,2.727,4.126,146.536,27.622,0,1041.361
636.000,10,41.715,5.150,35.231,3.173,8.893,321.598,36.874,1,856.933
637.000,10,44.211,5.188,41.413,2.692,8.437,0.000,19.676,1,464.428
638.000,10,43.374,4.836,40.757,2.720,7.892,175.024,31.976,0,504.221
639.000,10,41.872,4.908,34.327,3.038,9.193,63.468,68.642,1,535.863
640.000,10,52.522,5.132,43.253,3.535,7.155,477.433,39.327,0,469.998
641.000,10,46.342,5.082,41.095,3.216,8.941,215.234,21.069,0,508.402
642.000,10,41.957,4.882,36.544,3.528,8.427,292.792,50.096,0,968.783
643.000,10,47.093,5.245,38.368,2.819,4.824,100.458,77.511,0,858.644
644.000,10,44.278,4.998,37.913,3.466,7.860,221.627,46.132,0,599.997
645.000,10,41.720,5.059,35.371,2.994,6.979,51.665,72.488,0,652.134
646.000,10,47.107,4.855,36.647,3.824,6.436,415.976,42.042,1,489.676
647.000,10,41.536,4.807,39.894,3.264,9.172,454.124,71.658,0,427.553
648.000,10,45.713,5.058,38.234,4.293,7.417,435.095,75.161,0,771.001
649.000,10,43.525,4.864,33.097,3.230,3.758,384.299,30.815,1,395.953
650.000,10,45.147,5.186,34.166,3.028,7.462,117.922,62.537,1,559.302
651.000,10,35.216,4.952,39.443,3.324,8.896,72.438,60.460,0,824.687
652.000,10,41.066,4.968,35.481,2.868,7.174,84.549,14.581,0,517.021
653.000,10,47.666,4.933,36.069,3.136,8.955,0.000,49.968,1,793.471
654.000,10,45.707,5.001,42.039,2.931,6.019,258.547,64.514,0,749.630
655.000,10,53.724,4.775,37.042,2.846,5.653,118.211,55.858,0,465.308
656.000,10,40.711,4.859,39.113,3.512,6.909,82.305,77.454,1,767.507
657.000,10,50.820,4.956,35.842,2.846,5.499,301.522,16.052,0,269.183
658.000,10,43.873,5.008,36.964,3.092,10.407,61.974,33.153,0,804.280
659.000,10,55.964,4.827,38.717,3.864,7.763,25.715,43.497,1,706.136
660.000,10,55.360,5.015,42.372,4.824,7.035,205.726,62.501,1,472.462
661.000,10,48.203,4.953,37.883,2.785,6.146,270.832,15.082,0,843.836
662.000,10,41.756,5.084,35.771,2.997,7.579,2.169,72.161,0,597.690
663.000,10,36.499,4.903,38.900,3.534,4.696,337.924,78.186,0,496.780
664.000,10,51.940,5.206,38.678,3.196,5.199,0.000,68.337,0,430.102
665.000,10,45.143,4.909,34.989,5.444,6.254,235.581,48.577,1,297.930
666.000,10,51.557,4.866,36.158,4.540,4.126,90.728,26.141,0,773.709
667.000,10,43.132,4.976,39.968,2.909,7.492,347.629,71.110,0,377.382
668.000,10,40.802,4.880,39.143,3.507,9.036,150.963,38.646,0,768.600
669.000,10,41.985,5.284,39.326,3.385,8.096,475.535,62.899,1,814.934
670.000,10,46.985,5.169,37.081,3.164,6.996,498.698,29.573,1,784.750
671.000,10,52.018,5.037,38.173,3.469,10.292,353.341,13.883,1,755.875
672.000,10,49.770,5.079,37.554,3.269,6.705,163.205,27.983,0,659.011
673.000,10,52.953,4.972,40.335,3.076,8.868,261.969,59.747,1,722.830
674.000,10,36.988,5.037,33.375,2.848,8.045,523.585,69.976,1,699.960
675.000,10,49.411,5.042,36.072,3.364,7.350,522.261,40.074,0,927.705
676.000,10,33.224,5.137,36.523,3.351,5.638,276.412,22.520,1,754.249
677.000,10,43.019,4.788,37.893,3.467,6.680,0.000,15.969,1,562.921
678.000,10,39.960,5.143,36.483,3.745,8.302,262.856,31.976,0,848.447
679.000,10,40.182,4.984,39.122,2.817,7.929,292.667,45.834,1,802.606
680.000,10,40.068,4.979,41.110,3.562,6.978,24.680,60.874,0,550.216
681.000,10,46.513,5.087,41.730,2.938,8.709,294.155,58.196,0,729.380
682.000,10,49.384,4.934,37.916,4.981,9.262,5.822,43.178,1,510.792
683.000,10,36.639,5.269,40.290,2.818,8.497,344.828,68.095,1,692.818
684.000,10,46.289,5.190,38.968,3.511,7.143,160.548,52.934,0,598.050
685.000,10,33.097,5.017,40.096,3.194,9.102,464.382,18.299,0,784.633
686.000,10,36.187,4.961,35.246,2.880,6.391,379.936,78.691,1,349.835
687.000,10,38.080,4.773,36.249,3.223,6.804,384.416,30.381,0,497.389
688.000,10,43.370,4.846,38.741,3.022,8.439,452.597,26.113,0,630.533
689.000,10,32.268,5.012,43.254,3.528,8.797,526.889,33.186,0,688.403
690.000,10,48.599,4.984,40.350,3.334,6.001,140.066,43.943,0,674.325
691.000,10,45.630,4.926,37.892,3.077,8.032,105.696,37.450,0,744.571
692.000,10,39.386,4.739,38.084,2.951,10.417,179.775,64.512,1,699.128
693.000,10,37.738,4.709,37.847,3.732,7.418,495.906,61.177,0,564.187
694.000,10,49.134,4.852,36.507,3.048,9.831,111.157,78.517,0,499.189
695.000,10,39.132,4.926,36.965,2.810,8.551,405.880,28.207,0,418.205
696.000,10,47.747,5.034,38.263,3.837,4.384,4.463,79.165,0,628.989
697.000,10,43.365,5.008,40.000,5.456,5.628,440.812,73.779,1,508.658
698.000,10,41.225,4.976,41.549,2.948,8.649,169.161,38.572,0,662.175
699.000,10,41.607,5.157,39.000,4.441,6.399,294.829,31.585,1,496.376
700.000,10,51.751,4.880,39.059,4.097,8.291,382.945,53.299,0,606.832
701.000,10,49.474,5.027,37.813,3.860,7.960,468.066,28.359,0,374.957
702.000,10,35.128,5.178,35.336,3.019,5.446,140.605,50.301,1,690.351
703.000,10,47.148,4.903,31.543,5.003,9.484,327.984,40.404,1,256.448
704.000,10,47.191,4.991,41.456,2.972,9.296,260.983,68.144,0,722.830
705.000,10,53.977,5.127,38.575,2.830,5.639,179.708,22.460,0,760.368
706.000,10,50.439,4.874,36.943,3.855,4.918,305.130,19.875,1,700.553
707.000,10,44.422,4.984,39.333,3.720,6.818,464.725,30.629,0,647.801
708.000,10,42.703,5.189,37.890,3.715,8.922,536.326,26.968,0,560.993
709.000,10,44.944,5.206,34.874,5.123,8.200,295.160,52.549,1,642.820
710.000,10,41.313,4.642,35.596,3.037,10.582,447.523,14.322,1,599.513
711.000,10,39.302,4.849,38.528,2.901,5.826,440.523,10.846,0,772.651
712.000,10,45.795,5.023,36.177,3.584,8.918,97.739,18.406,1,465.777
713.000,10,43.089,5.071,36.280,3.440,7.078,168.485,67.777,0,659.056
714.000,10,39.809,4.829,38.522,4.465,7.909,84.909,77.165,0,632.895
715.000,10,52.272,5.225,39.659,3.219,12.373,120.240,16.276,0,499.050
716.000,10,34.645,5.111,41.497,3.235,7.966,167.489,62.214,1,602.064
717.000,10,42.653,4.937,38.091,3.833,6.571,412.041,44.014,0,826.209
718.000,10,41.293,5.095,39.156,3.043,7.374,147.401,25.804,0,667.327
719.000,10,42.076,4.895,35.056,3.801,7.927,426.281,26.678,1,526.787
720.000,10,49.898,4.891,39.974,3.139,5.306,490.428,37.244,1,609.549
721.000,10,46.890,5.132,34.483,4.437,8.102,148.227,24.813,1,380.438
722.000,10,31.136,5.109,39.559,4.515,7.774,159.743,27.415,1,638.399
723.000,10,45.472,5.059,37.254,3.015,8.750,420.564,23.088,1,377.034
724.000,10,44.643,4.885,37.706,3.649,4.698,250.744,65.149,0,381.552
725.000,10,48.748,5.028,36.412,3.720,7.680,211.175,48.556,0,520.316
726.000,10,49.634,4.893,35.427,3.309,7.865,213.336,55.518,0,591.119
727.000,10,44.500,5.159,37.610,3.186,9.006,573.765,36.005,1,673.434
728.000,10,48.741,5.075,36.259,4.055,4.625,130.271,46.047,1,381.776
729.000,10,47.772,5.076,35.630,3.181,9.222,353.389,58.810,1,547.422
730.000,10,46.054,5.118,37.402,3.590,6.046,424.066,26.099,1,561.934
731.000,10,43.484,5.003,35.235,3.127,9.058,468.312,52.739,1,568.052
732.000,10,50.618,4.797,35.265,3.423,8.856,533.610,46.513,1,451.171
733.000,10,51.147,4.760,34.534,3.660,9.100,40.883,23.492,1,442.376
734.000,10,40.576,4.829,32.597,3.132,7.274,98.642,48.360,1,403.296
735.000,10,44.155,4.906,36.826,5.480,8.981,580.485,19.879,1,679.517
736.000,10,39.434,4.800,35.387,3.795,6.907,264.636,72.223,1,538.510
737.000,10,40.074,4.873,39.221,3.865,7.117,162.081,18.540,0,915.659
738.000,10,44.882,4.942,37.565,3.212,5.729,535.696,59.553,0,424.617
739.000,10,45.411,4.704,35.997,2.968,9.168,353.598,64.854,1,562.693
740.000,10,45.359,5.069,39.109,4.227,8.763,207.691,32.001,0,835.558
741.000,10,50.925,4.850,34.976,4.256,7.102,483.438,18.327,0,349.212
742.000,10,49.372,5.184,40.360,3.496,3.693,379.719,29.137,1,652.166
743.000,10,43.886,4.825,39.801,4.056,5.133,133.475,27.977,1,552.747
744.000,10,47.344,5.207,32.640,3.370,9.669,153.218,41.346,1,571.343
745.000,10,47.707,5.074,33.981,3.320,8.309,390.073,70.187,1,526.731
746.000,10,42.205,5.042,31.725,4.202,7.133,170.653,54.505,1,237.296
747.000,10,45.981,5.088,35.140,3.623,8.494,132.392,26.514,0,525.598
748.000,10,43.659,4.938,38.516,3.666,8.724,234.716,64.247,0,582.184
749.000,10,52.631,4.915,36.575,3.589,7.546,491.896,47.684,1,505.763
750.000,10,40.613,5.111,36.327,4.310,7.576,74.858,44.817,1,555.118
751.000,10,48.610,4.947,34.634,3.275,9.572,221.547,79.117,1,354.954
752.000,10,54.463,5.209,37.995,3.156,4.317,318.592,12.992,1,637.132
753.000,10,45.907,4.992,38.349,3.192,7.174,370.811,35.991,0,697.967
754.000,10,50.350,4.846,39.354,3.662,7.863,325.096,40.334,0,438.108
755.000,10,38.523,4.955,36.965,3.096,7.811,436.131,30.387,1,693.734
756.000,10,52.795,5.119,38.766,4.785,6.362,227.201,68.192,1,399.542
757.000,10,44.785,4.878,36.614,3.236,8.340,106.498,34.097,1,343.726
758.000,10,47.373,4.976,37.533,3.515,5.813,372.151,23.970,0,637.214
759.000,10,51.778,5.047,36.675,3.940,4.592,138.425,68.075,1,311.701
760.000,10,39.758,5.094,37.068,3.481,6.579,63.342,68.990,0,354.954
761.000,10,47.119,4.886,38.400,3.775,8.539,454.665,31.677,0,767.666
762.000,10,52.397,4.944,38.213,3.326,5.067,509.454,45.475,1,423.607
763.000,10,40.351,4.954,36.730,4.156,7.073,411.164,36.157,1,541.215
764.000,10,42.507,4.976,35.027,3.760,7.912,175.534,67.180,0,467.771
765.000,10,50.472,5.048,36.321,3.344,8.175,300.695,14.183,1,415.556
766.000,10,43.934,4.968,37.913,3.851,8.934,66.782,14.129,0,817.045
767.000,10,50.551,4.938,32.147,4.043,6.141,271.429,78.189,1,43.038
768.000,10,43.269,4.764,34.294,3.512,6.987,118.250,72.112,0,495.838
769.000,10,38.163,5.059,34.120,3.669,9.128,85.678,11.789,1,289.170
770.000,10,55.034,5.059,39.865,4.242,5.706,573.377,79.215,1,598.968
771.000,10,48.850,5.214,33.934,4.055,6.493,534.737,29.022,1,522.410
772.000,10,43.492,4.795,31.819,3.384,4.924,502.185,43.444,1,152.968
773.000,10,36.915,4.913,33.815,3.977,8.588,566.209,22.392,1,432.938
774.000,10,48.814,4.948,36.982,3.738,6.546,318.322,24.135,0,332.309
775.000,10,37.653,5.163,35.676,5.331,7.252,155.469,77.241,1,325.695
776.000,10,45.331,5.258,37.082,3.832,7.243,409.125,74.498,1,424.330
777.000,10,42.138,5.014,38.063,5.003,8.632,458.312,78.828,1,476.860
778.000,10,37.957,5.100,36.982,3.335,9.504,176.677,26.955,0,510.809
779.000,10,45.250,4.880,33.943,3.738,6.496,448.026,30.833,1,521.006
780.000,10,48.853,5.212,36.036,4.309,7.087,338.812,18.513,0,438.392
781.000,10,45.833,4.732,37.387,4.201,7.246,409.823,23.004,1,465.970
782.000,10,43.475,4.920,36.408,4.731,7.225,365.458,64.214,1,459.094
783.000,10,42.278,5.376,37.417,4.028,6.726,161.326,18.341,1,586.856
784.000,10,45.930,5.077,37.426,4.428,8.722,487.452,38.274,1,526.880
785.000,10,42.378,5.159,38.691,3.784,4.981,220.494,12.702,0,776.656
786.000,10,42.337,4.975,36.050,4.182,4.839,502.069,45.636,1,580.546
787.000,10,40.463,4.824,39.799,3.351,10.358,422.919,15.231,0,542.072
788.000,10,40.092,5.029,38.045,4.305,8.270,608.464,72.045,0,445.967
789.000,10,49.066,4.928,35.547,3.264,8.559,294.829,72.490,0,708.300
790.000,10,50.631,5.021,34.102,4.662,5.503,206.335,65.358,1,345.464
791.000,10,52.091,5.257,35.383,3.167,9.743,338.086,67.793,0,271.101
792.000,10,40.575,5.200,38.006,3.374,8.652,588.115,59.232,0,630.495
793.000,10,47.743,4.977,33.758,4.004,10.390,275.718,51.312,1,399.399
794.000,10,40.395,5.175,38.078,3.152,8.595,311.773,11.431,0,557.226
795.000,10,43.996,5.125,35.078,4.595,7.478,561.187,48.164,1,559.358
796.000,10,44.661,4.943,35.703,3.826,8.418,568.225,59.645,1,838.508
797.000,10,42.016,5.013,36.821,4.637,8.265,260.425,11.531,1,354.431
798.000,10,43.860,5.128,38.391,4.360,6.548,550.668,24.540,0,334.688
799.000,10,55.575,4.951,35.044,5.250,6.706,242.470,35.682,1,267.934
800.000,10,57.142,4.945,32.259,3.821,10.683,108.453,42.511,1,429.015
801.000,10,54.326,4.711,39.365,3.251,4.059,464.368,39.970,0,582.480
802.000,10,47.877,5.112,38.314,4.619,9.057,265.135,34.661,1,462.896
803.000,10,35.812,5.035,36.434,3.992,8.464,425.671,37.505,0,361.518
804.000,10,34.868,5.264,34.735,5.259,7.755,222.828,26.812,1,260.410
805.000,10,43.604,4.813,38.999,5.025,8.636,199.456,52.438,1,603.103
806.000,10,51.835,5.198,39.281,3.412,6.519,542.123,69.809,0,673.944
807.000,10,47.159,5.079,37.745,3.320,7.170,208.194,41.294,0,545.279
808.000,10,39.288,5.114,36.160,5.334,8.304,274.444,73.129,1,408.670
809.000,10,45.904,5.080,35.459,3.847,8.326,601.156,75.938,0,559.330
810.000,10,47.444,4.891,35.509,3.287,3.099,294.476,45.189,1,352.541
811.000,10,47.421,4.964,37.802,3.819,8.020,391.775,43.719,0,770.009
812.000,10,46.153,5.081,36.565,3.619,7.548,379.522,77.089,1,429.762
813.000,10,54.380,5.091,38.947,3.660,4.751,276.694,72.970,0,545.084
814.000,10,52.554,5.151,32.637,4.047,6.353,148.523,77.507,1,333.404
815.000,10,45.699,4.940,33.808,3.180,5.427,203.055,62.812,1,660.182
816.000,10,40.703,5.042,37.210,3.863,7.199,472.116,38.700,0,532.156
817.000,10,42.255,4.983,34.459,4.808,6.814,391.317,16.910,1,405.077
818.000,10,40.362,5.209,39.762,5.518,7.336,333.732,44.977,0,423.193
819.000,10,45.461,5.011,41.689,4.337,6.067,487.136,62.014,1,459.531
820.000,10,56.694,4.938,35.586,5.208,6.816,214.225,13.817,0,82.333
821.000,10,48.434,5.019,35.580,4.642,7.325,159.500,28.568,1,419.779
822.000,10,43.696,4.929,33.610,4.396,5.540,260.859,62.472,1,0.000
823.000,10,53.262,4.769,39.992,5.283,6.977,246.791,79.535,1,429.150
824.000,10,44.106,5.030,34.240,4.123,5.937,338.932,33.150,1,522.865
825.000,10,42.757,5.014,34.353,4.517,3.921,519.105,60.852,0,423.599
826.000,10,45.038,5.013,34.298,4.333,3.784,395.574,61.949,1,307.826
827.000,10,39.433,5.099,39.625,4.852,8.659,531.035,14.235,0,120.733
828.000,10,44.724,5.062,34.221,3.659,10.429,585.832,66.975,1,357.441
829.000,10,47.673,5.225,39.287,4.203,7.484,151.175,21.577,1,525.485
830.000,10,35.121,5.008,38.312,4.384,5.581,406.956,13.633,1,672.013
831.000,10,45.502,5.159,37.622,4.089,7.244,557.632,18.048,0,315.423
832.000,10,45.117,5.197,35.213,3.449,6.996,436.261,48.933,1,545.710
833.000,10,41.380,5.306,37.591,3.921,6.457,182.862,60.417,0,311.073
834.000,10,39.563,5.167,37.675,3.816,7.379,640.335,47.559,1,587.583
835.000,10,45.023,5.025,33.222,3.668,5.989,636.294,51.958,1,292.748
836.000,10,50.824,4.864,37.118,3.788,7.720,433.089,72.143,1,615.794
837.000,10,41.878,5.058,38.348,3.687,7.180,316.242,24.693,0,389.780
838.000,10,40.482,4.971,37.796,3.417,9.107,319.500,23.863,0,594.769
839.000,10,42.116,4.923,37.786,4.021,10.779,400.510,71.390,1,206.279
840.000,10,46.383,4.994,45.534,4.240,7.407,365.418,25.810,0,467.521
841.000,10,32.614,5.156,31.822,3.810,7.262,517.527,59.457,0,258.823
842.000,10,45.644,5.006,36.154,3.804,8.126,448.516,31.216,1,276.041
843.000,10,46.249,5.158,34.825,3.297,6.473,391.702,49.870,0,649.674
844.000,10,42.234,4.875,33.230,3.594,8.407,345.215,48.012,1,517.541
845.000,10,40.583,5.104,34.936,4.419,5.454,478.650,72.971,1,573.917
846.000,10,39.033,5.147,34.109,3.812,6.950,458.106,60.736,1,445.253
847.000,10,49.095,4.875,34.887,4.652,8.825,618.236,37.385,1,612.832
848.000,10,44.021,4.900,33.803,3.534,7.704,688.378,71.352,1,439.503
849.000,10,46.544,5.374,32.978,3.529,8.457,598.716,74.247,1,424.981
850.000,10,38.668,4.968,31.867,4.110,7.458,522.249,75.326,0,31.809
851.000,10,40.051,4.986,36.759,4.064,8.678,685.858,65.497,1,587.257
852.000,10,41.302,4.963,37.976,3.685,8.489,697.506,48.528,0,159.565
853.000,10,48.422,4.943,34.176,4.716,10.624,508.282,33.266,0,398.028
854.000,10,40.190,4.597,33.916,5.182,7.185,534.239,22.762,1,509.493
855.000,10,37.354,4.935,36.241,4.603,8.642,698.707,46.997,1,604.852
856.000,10,43.293,5.053,36.621,3.425,8.278,431.237,31.857,0,246.160
857.000,10,46.387,4.881,33.923,3.324,6.774,665.937,15.374,1,371.279
858.000,10,43.761,4.914,36.278,4.029,7.324,264.789,29.608,1,624.116
859.000,10,40.011,5.068,39.099,4.381,8.117,492.265,29.443,0,361.238
860.000,10,57.253,5.135,34.834,3.528,8.350,203.772,79.158,1,527.149
861.000,10,42.240,5.050,37.838,4.382,8.569,613.257,32.638,1,449.636
862.000,10,50.760,5.224,36.863,4.085,8.044,190.152,54.586,1,573.689
863.000,10,44.909,4.986,38.945,3.472,5.539,211.183,53.969,0,546.929
864.000,10,47.864,5.031,32.586,3.651,5.986,640.451,20.970,0,322.469
865.000,10,48.858,4.938,36.882,3.711,5.512,361.316,62.017,1,341.509
866.000,10,46.016,4.764,39.776,4.058,7.770,622.287,62.756,0,398.486
867.000,10,51.604,4.946,34.208,4.322,9.620,289.966,10.906,1,782.850
868.000,10,45.988,5.316,34.156,3.738,8.138,582.469,62.495,1,400.049
869.000,10,51.352,5.144,35.437,4.107,8.806,305.088,26.312,1,729.619
870.000,10,38.872,4.867,37.285,5.062,7.872,249.606,23.033,1,271.458
871.000,10,58.288,5.200,38.157,3.331,7.199,670.481,17.336,1,572.185
872.000,10,48.630,4.875,32.340,3.763,5.402,584.176,27.940,1,511.536
873.000,10,49.144,5.177,38.347,4.757,7.264,633.243,60.183,1,502.672
874.000,10,44.014,5.033,41.153,3.450,6.813,696.038,27.603,0,590.062
875.000,10,42.630,4.978,35.150,4.353,10.643,656.240,27.164,1,290.931
876.000,10,52.590,4.726,33.248,3.814,8.225,258.328,53.026,1,373.779
877.000,10,50.735,4.939,34.423,3.992,7.041,642.587,58.766,0,127.556
878.000,10,48.124,5.163,32.280,5.471,8.213,302.414,17.635,1,263.195
879.000,10,48.933,4.892,37.847,3.511,7.452,680.892,22.543,1,592.354
880.000,10,44.544,5.069,34.046,3.964,9.268,456.054,27.108,1,363.907
881.000,10,49.626,4.670,36.707,3.349,6.045,529.142,17.526,1,369.294
882.000,10,37.558,5.133,37.649,4.863,8.814,482.539,49.378,1,576.810
883.000,10,48.974,4.855,29.875,3.836,6.822,213.377,21.294,1,398.988
884.000,10,42.421,4.890,35.824,3.757,10.234,291.588,58.045,0,594.585
885.000,10,51.025,5.207,34.294,4.126,7.539,625.018,43.519,1,331.566
886.000,10,50.487,5.144,33.817,4.248,7.752,719.264,36.201,1,487.942
887.000,10,46.268,5.140,37.922,3.563,4.604,717.419,45.381,1,497.823
888.000,10,45.293,5.310,37.201,3.671,6.636,216.472,28.663,0,600.276
889.000,10,46.462,4.866,36.010,3.827,7.539,364.988,72.528,1,349.994
890.000,10,38.255,5.102,34.776,4.933,7.716,634.681,18.762,1,316.842
891.000,10,40.632,4.840,34.000,5.499,9.542,336.649,20.396,1,351.217
892.000,10,47.235,5.106,32.817,5.105,8.136,659.249,47.191,1,342.247
893.000,10,44.511,4.942,37.827,5.546,6.399,658.770,29.620,1,274.370
894.000,10,50.467,5.113,36.753,4.138,8.148,432.933,65.548,1,462.258
895.000,10,47.688,5.072,29.777,4.735,6.141,507.673,46.642,1,145.062
896.000,10,52.125,5.051,36.460,3.958,7.020,317.213,75.783,1,550.900
897.000,10,46.943,5.171,36.757,4.334,8.359,235.137,61.650,1,407.793
898.000,10,45.615,4.891,34.255,3.635,9.700,508.292,65.873,0,294.152
899.000,10,59.427,5.147,34.722,3.538,6.145,660.347,77.404,1,253.154
900.000,10,51.221,4.734,33.123,3.519,8.281,440.646,18.928,1,192.322
901.000,10,46.411,4.884,36.207,5.248,7.510,384.443,49.439,1,761.109
902.000,10,49.547,5.189,37.673,4.582,8.706,327.903,35.192,1,287.037
903.000,10,46.970,4.860,36.285,4.166,8.169,522.528,13.375,1,286.923
904.000,10,45.099,4.799,37.913,3.671,7.792,697.315,26.234,0,475.589
905.000,10,46.260,4.990,38.157,5.296,7.737,580.190,38.771,1,546.083
906.000,10,43.913,4.918,36.264,4.293,8.340,242.037,22.273,0,506.805
907.000,10,47.125,4.855,35.703,4.182,5.597,428.773,14.373,0,469.107
908.000,10,51.803,5.180,35.690,4.737,6.591,540.546,79.315,1,522.360
909.000,10,43.069,4.977,33.055,4.056,5.749,375.930,21.305,1,511.556
910.000,10,42.118,4.892,35.982,4.009,7.949,711.168,33.151,0,575.108
911.000,10,40.146,4.980,33.014,4.653,5.867,409.204,37.765,0,119.155
912.000,10,47.634,4.998,34.268,3.727,6.084,493.819,70.627,1,495.195
913.000,10,43.334,4.812,33.504,4.074,7.964,386.097,30.781,1,327.615
914.000,10,39.797,5.043,33.496,4.895,9.564,510.633,76.909,1,312.629
915.000,10,43.235,5.115,36.106,3.529,7.008,524.646,11.916,1,454.937
916.000,10,48.036,4.704,33.455,3.547,6.492,729.711,51.181,0,459.737
917.000,10,44.402,5.135,30.213,3.689,7.424,357.304,19.335,1,309.840
918.000,10,45.165,4.994,33.853,4.552,8.720,347.797,64.108,1,268.894
919.000,10,41.352,5.193,34.493,4.444,7.297,679.485,49.385,1,228.328
920.000,10,40.609,5.098,36.222,4.682,9.109,594.160,32.003,1,699.693
921.000,10,50.436,5.397,37.232,4.817,6.005,310.450,78.423,1,563.847
922.000,10,43.459,4.908,39.137,4.141,9.428,377.135,31.124,0,607.558
923.000,10,46.481,4.853,36.323,3.617,9.798,507.692,71.396,0,521.752
924.000,10,30.031,4.931,36.068,3.803,7.602,420.852,16.466,1,412.216
925.000,10,43.838,4.674,37.027,3.490,4.395,576.930,53.511,0,477.407
926.000,10,44.705,4.935,31.409,3.803,6.356,635.167,69.053,1,326.339
927.000,10,38.530,5.110,39.724,3.979,9.329,549.071,43.078,1,600.481
928.000,10,48.596,4.874,38.364,3.581,7.916,276.767,31.895,1,500.284
929.000,10,48.210,4.810,35.601,3.745,8.893,647.398,23.953,1,322.620
930.000,10,51.806,5.038,34.127,4.083,9.522,390.349,73.946,0,431.884
931.000,10,41.826,4.943,32.998,5.018,4.507,516.889,53.824,1,227.288
932.000,10,41.113,5.213,35.102,3.548,8.422,595.275,51.410,0,253.069
933.000,10,43.034,4.837,34.388,4.232,7.631,565.025,14.511,1,477.507
934.000,10,38.062,4.897,31.354,5.378,7.303,430.061,32.834,1,271.348
935.000,10,46.661,5.319,31.555,6.274,7.306,758.967,62.430,1,220.749
936.000,10,55.852,4.990,36.146,3.650,5.360,595.263,17.636,0,381.964
937.000,10,46.623,5.033,35.076,3.881,9.546,658.905,35.730,1,168.982
938.000,10,40.137,4.945,33.593,4.662,7.991,489.285,26.002,1,437.049
939.000,10,44.574,4.875,36.781,4.692,7.247,349.757,59.340,1,310.865
940.000,10,41.724,5.182,40.023,4.605,6.932,511.426,57.293,0,0.000
941.000,10,58.574,5.202,35.705,4.266,6.895,670.835,43.957,1,244.532
942.000,10,47.843,4.985,33.880,3.573,7.527,416.130,27.403,1,255.925
943.000,10,38.190,5.211,34.449,4.401,9.943,607.996,43.526,1,363.973
944.000,10,46.781,4.944,35.019,4.268,8.392,286.146,17.983,1,642.099
945.000,10,42.791,4.946,32.938,3.688,5.646,261.238,16.029,1,144.322
946.000,10,48.734,4.916,38.001,4.236,6.806,298.447,19.596,1,223.509
947.000,10,42.485,4.912,38.686,3.562,6.516,743.675,53.891,0,299.575
948.000,10,42.839,5.049,34.050,4.646,7.608,408.857,27.033,1,160.224
949.000,10,47.001,4.805,34.210,5.503,5.072,288.650,74.114,1,463.332
950.000,10,50.804,4.974,35.396,4.402,9.594,567.555,31.131,0,364.218
951.000,10,47.134,5.149,32.839,4.822,10.601,674.259,75.723,1,195.073
952.000,10,54.176,4.997,32.567,4.044,6.955,333.241,67.518,0,326.871
953.000,10,42.340,5.151,36.314,6.085,7.225,556.198,41.613,0,184.165
954.000,10,53.616,5.054,38.738,3.851,6.155,381.080,15.551,1,431.259
955.000,10,42.007,5.032,38.899,5.442,7.155,486.264,74.959,0,697.251
956.000,10,40.670,4.941,34.124,3.730,8.956,638.226,35.075,1,233.886
957.000,10,45.599,4.872,33.796,4.070,9.111,348.855,68.151,1,343.032
958.000,10,39.718,5.013,40.597,5.385,6.899,441.390,77.113,0,269.083
959.000,10,49.251,4.939,35.059,3.633,3.554,792.887,57.986,1,541.446
960.000,10,36.885,5.153,35.606,4.598,10.017,798.916,43.000,0,59.504
961.000,10,50.039,4.861,35.676,4.551,7.196,520.766,67.890,0,286.634
962.000,10,44.874,4.980,31.886,4.885,6.220,629.530,11.124,1,68.804
963.000,10,50.067,5.052,37.479,4.171,9.870,369.171,66.765,1,292.866
964.000,10,40.556,5.096,36.969,4.480,8.453,378.944,78.521,0,390.634
965.000,10,51.137,5.218,34.494,4.399,10.244,570.117,17.433,1,373.547
966.000,10,47.472,4.784,37.084,4.075,7.682,718.498,75.378,1,490.527
967.000,10,49.131,4.960,34.449,3.747,6.987,373.829,70.411,1,0.000
968.000,10,49.529,5.176,32.422,3.607,8.085,620.498,76.061,0,259.869
969.000,10,47.109,5.035,33.219,4.455,6.598,696.294,17.211,1,165.900
970.000,10,51.849,5.284,33.727,3.797,9.005,576.391,18.134,1,216.340
971.000,10,41.373,5.112,30.526,4.827,9.350,678.991,54.247,1,103.908
972.000,10,48.246,5.256,36.623,3.793,9.538,313.672,49.957,1,479.757
973.000,10,42.758,4.964,33.123,5.257,5.596,288.809,60.104,1,366.013
974.000,10,38.331,5.213,37.010,3.758,9.677,739.354,20.331,1,490.881
975.000,10,44.078,4.920,29.532,3.784,6.609,592.590,64.584,1,177.903
976.000,10,41.501,5.205,31.877,4.460,10.611,814.017,15.201,1,399.213
977.000,10,42.946,4.803,35.056,3.980,9.222,311.795,20.539,1,506.173
978.000,10,45.448,5.056,38.008,3.753,4.888,653.551,50.545,1,691.718
979.000,10,40.110,4.957,30.426,3.739,9.018,682.239,24.256,1,469.811
980.000,10,53.225,4.924,35.236,4.362,5.562,809.888,35.065,1,365.156
981.000,10,45.271,5.162,30.293,4.367,8.315,320.059,13.602,1,225.889
982.000,10,42.503,4.961,38.634,3.849,8.452,634.689,50.706,1,629.384
983.000,10,39.616,4.972,28.061,5.010,10.876,620.888,74.276,1,330.719
984.000,10,46.227,5.009,33.741,3.975,7.374,297.688,42.328,1,360.412
985.000,10,38.345,5.150,35.706,4.748,7.733,414.263,19.943,1,359.749
986.000,10,41.330,5.164,30.219,4.854,8.948,514.139,74.504,1,18.251
987.000,10,48.627,5.224,30.745,5.351,9.826,325.637,48.061,1,309.996
988.000,10,40.137,4.850,36.894,4.550,7.640,711.960,37.783,1,203.228
989.000,10,36.214,4.909,33.952,4.177,9.455,461.972,25.103,1,366.475
990.000,10,46.334,5.212,35.904,3.841,7.419,782.913,24.754,1,491.703
991.000,10,47.011,5.017,33.300,4.403,6.948,360.185,52.068,1,355.248
992.000,10,38.818,4.762,34.614,4.938,7.847,327.776,42.820,1,291.718
993.000,10,43.547,4.972,30.240,4.423,7.676,588.756,69.300,1,188.863
994.000,10,47.451,5.318,34.357,4.593,9.285,824.541,58.594,1,149.335
995.000,10,40.869,5.116,38.654,4.259,8.281,459.631,31.979,0,290.218
996.000,10,31.936,5.051,30.461,4.187,7.266,549.588,32.583,1,555.107
997.000,10,43.218,4.826,31.928,3.850,6.981,431.712,28.356,1,236.492
998.000,10,48.628,5.132,31.951,3.741,7.421,336.166,15.272,1,770.545
999.000,10,46.806,4.961,33.587,4.167,8.790,676.480,21.627,1,498.724
0.000,11,35.308,5.238,48.145,1.860,2.348,0.000,58.759,0,1219.461
1.000,11,53.855,5.039,52.432,0.748,6.113,0.000,45.150,0,934.214
2.000,11,43.552,5.122,45.298,0.781,7.094,0.000,56.740,1,1066.302
3.000,11,41.943,4.911,47.197,1.183,6.958,0.000,51.455,0,1090.528
4.000,11,47.918,4.793,48.795,2.139,6.199,0.000,74.793,0,961.145
5.000,11,53.898,4.920,46.171,2.112,5.931,0.000,63.721,0,1290.968
6.000,11,36.363,4.901,45.956,2.734,3.693,0.000,56.966,0,985.718
7.000,11,46.180,4.889,40.522,2.415,5.721,0.000,36.806,0,1302.535
8.000,11,43.373,5.025,44.152,1.318,7.812,0.000,57.264,0,1196.045
9.000,11,37.026,5.116,45.313,0.978,5.414,0.000,74.069,0,1443.869
10.000,11,48.723,5.061,46.273,0.837,4.170,0.000,24.536,1,1393.936
11.000,11,41.839,4.984,47.822,0.833,5.372,0.000,20.917,0,1066.292
12.000,11,44.436,5.086,44.396,1.153,3.980,0.000,17.075,0,1262.650
13.000,11,51.751,4.857,44.630,1.357,6.674,0.000,32.433,0,1036.068
14.000,11,46.266,4.880,45.357,1.507,4.210,0.000,35.353,0,1066.769
15.000,11,50.725,4.947,43.295,1.769,6.129,0.000,41.482,0,1252.734
16.000,11,39.537,5.115,43.439,1.357,4.688,0.000,65.059,0,1082.749
17.000,11,40.579,5.086,48.063,2.106,3.775,0.000,17.844,0,1051.282
18.000,11,38.060,4.668,45.019,2.366,4.701,0.000,20.287,1,1188.361
19.000,11,47.054,5.050,44.311,1.490,9.732,0.000,70.889,0,1182.983
20.000,11,42.769,4.858,48.163,0.872,6.146,0.000,40.831,0,1090.186
21.000,11,48.999,4.998,43.050,2.300,4.239,0.000,21.374,0,1067.281
22.000,11,44.989,4.871,47.175,1.288,6.270,0.000,20.063,1,1059.609
23.000,11,47.513,4.835,47.005,1.262,7.093,0.000,14.354,0,1191.904
24.000,11,46.958,5.200,44.983,1.336,3.789,0.000,68.857,0,1186.659
25.000,11,41.600,4.783,48.015,1.203,6.453,0.000,39.619,0,1027.129
26.000,11,42.934,5.245,40.615,1.428,7.159,0.000,18.751,1,1144.038
27.000,11,55.326,5.006,47.617,1.996,4.961,0.000,10.879,0,1227.161
28.000,11,48.163,5.046,44.676,1.853,2.475,0.000,24.146,0,784.919
29.000,11,45.853,5.072,45.486,1.749,6.120,0.000,20.822,0,1387.286
30.000,11,38.607,5.017,45.985,0.877,5.024,0.000,39.426,0,1106.258
31.000,11,34.232,4.971,46.839,0.825,3.694,0.000,75.695,0,943.317
32.000,11,46.053,5.158,45.945,0.812,7.500,0.000,49.245,0,1102.628
33.000,11,45.996,5.096,44.292,2.094,4.658,0.000,69.569,1,963.201
34.000,11,53.043,4.886,43.654,2.878,5.606,0.000,21.748,0,1151.496
35.000,11,49.952,5.219,44.599,1.634,6.161,0.000,63.812,1,1069.450
36.000,11,47.065,5.186,46.203,1.386,5.840,0.000,50.199,1,1029.645
37.000,11,42.569,4.858,49.077,1.384,4.329,0.000,54.115,1,891.362
38.000,11,39.418,4.945,47.893,1.048,7.675,0.000,59.802,0,1111.914
39.000,11,34.633,4.927,47.369,1.172,7.060,0.000,18.377,0,1263.087
40.000,11,45.617,5.008,45.427,1.476,7.196,0.000,53.846,0,1236.443
41.000,11,50.082,5.278,46.895,1.350,5.295,0.000,13.124,1,869.850
42.000,11,42.946,5.113,44.834,2.745,7.249,0.000,76.960,0,932.100
43.000,11,48.919,5.090,48.660,1.163,4.300,0.000,68.682,0,1256.478
44.000,11,45.201,4.837,44.489,1.438,5.698,0.000,79.691,0,809.737
45.000,11,45.578,5.052,46.329,1.537,4.238,0.000,28.271,1,740.961
46.000,11,41.145,4.899,46.298,1.998,4.734,0.000,70.096,0,857.653
47.000,11,53.601,5.143,44.624,3.614,5.771,0.000,61.965,1,1115.491
48.000,11,37.462,4.895,44.279,1.911,3.496,0.000,16.870,0,1173.256
49.000,11,52.412,4.738,49.951,0.929,3.035,0.000,32.021,0,1135.513
50.000,11,43.949,5.094,48.655,1.248,6.775,0.000,70.615,0,1170.838
51.000,11,48.593,5.217,49.203,1.710,4.159,0.000,33.786,1,1116.562
52.000,11,48.702,4.933,43.164,1.631,4.651,0.000,55.853,1,1250.248
53.000,11,37.174,5.119,41.201,1.762,5.238,0.000,21.401,0,937.793
54.000,11,45.779,5.148,47.625,2.133,6.319,0.000,17.543,0,1115.834
55.000,11,43.341,4.992,47.155,0.993,3.933,0.000,50.660,0,810.337
56.000,11,46.158,5.186,46.321,3.371,4.869,0.000,56.279,0,902.554
57.000,11,55.496,5.049,46.503,0.983,5.935,0.000,68.076,1,1224.853
58.000,11,49.968,4.821,41.919,1.442,6.332,0.000,59.179,0,1006.843
59.000,11,43.434,5.164,44.691,0.954,5.978,0.000,52.126,1,948.674
60.000,11,34.032,5.100,47.752,3.730,7.186,0.000,39.464,0,955.809
61.000,11,53.626,5.306,45.446,1.001,7.605,0.000,76.183,1,862.879
62.000,11,35.336,4.830,42.818,1.446,5.432,0.000,62.922,0,837.552
63.000,11,42.678,5.306,42.540,0.907,3.868,0.000,50.290,0,969.432
64.000,11,42.515,5.121,46.341,0.913,5.503,0.000,56.707,0,1242.488
65.000,11,46.366,5.051,46.094,2.003,4.333,0.000,66.199,0,1129.858
66.000,11,39.652,5.055,43.809,1.696,3.779,0.000,70.366,0,1371.293
67.000,11,51.524,4.829,47.140,2.311,6.098,0.000,74.602,0,1053.262
68.000,11,42.524,4.891,47.695,2.308,5.709,0.000,72.501,0,956.954
69.000,11,41.865,4.624,45.258,1.025,4.796,0.000,63.135,0,833.252
70.000,11,52.348,5.228,45.494,1.246,5.553,0.000,38.647,0,1103.490
71.000,11,48.715,4.827,41.198,1.535,9.187,0.000,35.098,1,788.240
72.000,11,42.541,5.011,46.345,1.127,3.058,0.000,13.256,0,866.446
73.000,11,52.705,5.292,40.940,1.247,6.943,0.000,11.119,0,1030.938
74.000,11,45.458,5.262,44.443,1.477,5.132,0.000,74.903,0,1036.783
75.000,11,38.700,5.027,51.750,2.167,5.681,0.000,45.632,0,890.594
76.000,11,52.455,4.873,47.368,1.275,3.205,0.000,15.927,1,976.726
77.000,11,45.402,5.091,44.631,0.949,5.583,0.000,40.356,0,1134.963
78.000,11,45.436,4.853,46.652,2.002,4.947,0.000,64.827,0,1123.588
79.000,11,50.237,5.058,41.734,0.980,7.623,0.000,44.164,0,1257.915
80.000,11,38.072,4.763,46.466,1.423,8.296,0.000,33.089,0,1092.238
81.000,11,47.780,4.913,46.810,1.167,6.669,0.000,59.651,0,961.534
82.000,11,45.633,5.034,45.806,2.272,6.022,0.000,20.840,0,818.053
83.000,11,39.901,5.226,46.901,1.423,7.507,0.000,22.147,0,864.887
84.000,11,36.356,5.005,46.698,3.084,6.048,0.000,46.879,1,845.425
85.000,11,41.225,5.072,45.129,2.045,5.524,0.000,31.526,0,950.961
86.000,11,44.819,4.954,47.017,1.770,8.445,0.000,21.222,0,1307.641
87.000,11,50.896,5.048,44.320,1.075,7.673,0.000,63.214,0,698.416
88.000,11,37.124,4.913,45.386,1.145,5.419,0.000,47.120,0,998.728
89.000,11,47.763,4.909,47.524,1.039,4.920,0.000,62.425,0,1103.578
90.000,11,39.819,4.874,42.289,1.311,4.341,0.000,36.357,1,1132.184
91.000,11,40.450,5.002,46.181,1.395,5.024,0.000,72.531,1,938.176
92.000,11,46.250,5.193,45.513,1.256,5.098,0.000,75.329,1,996.359
93.000,11,44.587,5.033,47.120,1.874,6.165,0.000,61.767,0,882.002
94.000,11,45.441,5.203,40.614,2.016,2.218,0.000,73.910,1,1167.669
95.000,11,45.848,4.760,42.998,2.103,6.687,0.000,42.723,1,978.664
96.000,11,47.891,4.803,47.624,1.799,4.553,0.000,30.524,0,1144.484
97.000,11,48.248,4.913,42.226,3.120,4.458,0.000,40.039,0,954.325
98.000,11,36.569,5.074,44.109,1.602,4.194,0.000,48.940,0,1086.711
99.000,11,45.035,4.758,42.667,2.632,7.560,0.000,38.603,0,1069.333
100.000,11,45.258,5.347,48.446,1.640,8.831,0.000,66.773,0,963.476
101.000,11,51.891,4.810,43.677,1.740,6.945,0.000,74.036,0,1110.818
102.000,11,46.308,4.859,47.574,2.493,9.050,0.000,13.499,0,1233.485
103.000,11,37.615,4.922,44.370,1.767,6.400,0.000,57.924,0,1236.022
104.000,11,49.604,5.019,46.311,1.195,5.904,0.000,43.491,1,1036.713
105.000,11,47.535,4.907,44.781,1.067,4.949,0.000,40.427,0,1032.776
106.000,11,39.181,5.126,43.921,1.951,6.909,0.000,62.574,0,965.491
107.000,11,44.277,4.729,46.100,1.366,5.204,0.000,75.198,1,1222.298
108.000,11,35.106,4.993,41.954,1.079,5.454,0.000,74.990,0,835.823
109.000,11,44.715,5.171,43.950,1.674,5.308,0.000,52.791,0,901.954
110.000,11,52.122,4.887,41.618,1.489,6.079,0.000,75.988,0,866.276
111.000,11,49.850,5.065,43.976,2.042,7.769,0.000,25.573,1,1152.135
112.000,11,45.742,4.956,46.374,1.702,5.383,0.000,10.075,0,1087.138
113.000,11,40.683,4.938,48.935,1.392,7.735,0.000,24.824,0,690.848
114.000,11,47.638,5.017,40.064,1.901,3.519,0.000,79.457,0,994.514
115.000,11,53.544,5.047,46.512,1.182,5.489,0.000,73.909,0,1130.382
116.000,11,47.758,5.115,45.819,1.551,6.188,0.000,38.347,0,1034.204
117.000,11,38.761,4.951,43.226,1.856,4.915,0.000,66.289,0,860.268
118.000,11,50.236,4.805,43.591,1.297,5.742,0.000,71.294,0,1026.062
119.000,11,41.651,4.998,51.240,2.889,3.891,0.000,67.902,1,1263.627
120.000,11,59.582,5.111,43.235,1.646,6.321,0.000,30.644,0,1069.345
121.000,11,43.334,5.140,45.405,1.207,5.537,0.000,44.966,0,1036.148
122.000,11,45.597,4.757,48.131,1.125,4.702,0.000,55.712,0,819.918
123.000,11,40.859,5.047,43.665,1.835,4.716,0.000,61.701,1,1163.779
124.000,11,42.010,4.887,45.337,1.733,3.757,0.000,30.374,1,809.799
125.000,11,44.878,5.353,46.317,1.221,4.436,0.000,55.023,0,1076.172
126.000,11,49.263,5.129,47.926,2.125,5.910,0.000,44.805,0,957.964
127.000,11,44.392,4.817,44.113,1.904,7.461,0.000,77.213,0,1283.694
128.000,11,39.624,5.112,44.634,1.314,4.954,0.000,24.216,0,1104.411
129.000,11,38.106,4.948,39.602,1.926,6.976,0.000,51.398,0,1024.468
130.000,11,41.423,4.948,40.440,1.104,8.404,0.000,28.904,0,863.038
131.000,11,46.728,5.022,45.488,1.151,7.468,0.000,56.483,0,1262.290
132.000,11,37.949,4.655,43.701,1.453,5.810,0.000,71.443,1,968.432
133.000,11,45.018,4.896,44.036,1.535,7.471,0.000,56.066,0,1265.231
134.000,11,49.194,5.004,46.702,2.041,5.438,0.000,59.640,0,995.378
135.000,11,44.144,4.943,39.783,2.082,4.933,0.000,40.789,0,1142.601
136.000,11,40.287,5.087,44.063,1.601,6.878,0.000,78.876,0,916.094
137.000,11,38.954,5.160,40.231,1.929,4.794,0.000,38.476,1,1164.394
138.000,11,47.512,4.944,44.137,1.254,4.694,0.000,38.308,0,694.314
139.000,11,49.079,4.715,42.350,1.598,5.156,0.000,60.215,0,875.034
140.000,11,44.987,5.017,42.170,1.552,7.129,0.000,31.106,0,925.459
141.000,11,43.139,4.809,45.779,1.657,3.147,0.000,26.065,0,1052.668
142.000,11,47.221,5.040,42.386,1.660,4.679,0.000,50.957,0,989.530
143.000,11,42.788,4.968,44.220,3.697,6.794,0.000,69.717,0,1128.118
144.000,11,54.681,4.915,45.455,1.817,4.475,0.000,24.502,0,634.744
145.000,11,32.914,5.121,44.814,1.465,5.494,0.000,78.902,0,1030.070
146.000,11,43.654,4.957,42.546,1.152,5.195,0.000,28.069,0,986.003
147.000,11,45.225,4.690,46.658,1.594,6.783,0.000,13.342,0,820.891
148.000,11,43.993,5.087,45.180,2.184,3.288,0.000,11.334,0,1237.251
149.000,11,47.226,5.042,43.104,2.676,7.089,0.000,47.470,1,901.940
150.000,11,53.506,5.100,43.501,1.307,5.391,0.000,42.887,0,1003.988
151.000,11,47.350,4.873,42.702,3.185,6.621,0.000,57.359,0,902.080
152.000,11,46.908,4.946,44.663,1.214,4.682,0.000,13.011,0,1196.291
153.000,11,40.055,4.963,47.966,1.522,5.978,0.000,28.149,0,913.671
154.000,11,47.393,5.176,44.700,2.598,5.694,0.000,22.659,1,1070.977
155.000,11,49.286,4.867,44.959,1.759,6.493,0.000,53.377,0,1193.638
156.000,11,48.624,5.144,45.864,2.009,8.760,0.000,66.754,0,970.907
157.000,11,49.407,5.070,42.515,1.628,6.522,0.000,58.286,0,846.328
158.000,11,52.719,5.129,45.861,1.723,3.908,0.000,46.908,0,1372.164
159.000,11,47.043,4.915,45.030,1.531,5.936,0.000,26.032,0,1115.355
160.000,11,42.026,4.917,49.579,1.440,5.294,0.000,79.229,0,1273.127
161.000,11,42.386,4.969,46.997,2.321,4.936,0.000,37.552,1,1189.415
162.000,11,50.101,4.900,43.246,2.310,4.045,0.000,27.420,0,1202.317
163.000,11,44.910,5.022,40.376,1.597,7.534,0.000,60.905,0,1145.783
164.000,11,39.446,4.951,47.447,1.895,6.491,0.000,79.100,0,907.956
165.000,11,39.918,4.921,42.585,2.940,5.105,0.000,73.270,0,905.166
166.000,11,45.594,5.040,38.721,1.826,7.464,0.000,66.737,1,831.194
167.000,11,41.671,4.790,45.849,2.267,6.440,0.000,25.813,1,968.080
168.000,11,48.608,4.953,40.824,2.263,4.602,0.000,59.098,1,1054.126
169.000,11,40.710,5.183,44.399,3.081,5.521,0.000,50.684,1,893.443
170.000,11,39.504,5.217,40.870,2.792,10.174,0.000,18.946,0,914.788
171.000,11,46.361,4.946,42.551,1.975,6.098,0.000,31.055,1,954.149
172.000,11,39.069,5.330,39.727,1.227,6.398,0.000,77.785,1,908.359
173.000,11,44.264,5.006,46.162,1.867,2.081,0.000,62.392,1,741.156
174.000,11,39.484,5.182,45.066,1.569,6.483,0.000,41.344,0,1309.739
175.000,11,53.849,5.237,45.352,1.832,5.739,0.000,60.898,0,818.214
176.000,11,40.461,5.118,47.536,1.365,5.945,0.000,78.216,0,822.577
177.000,11,44.270,5.283,48.552,2.321,3.747,0.000,29.723,0,1051.377
178.000,11,44.176,4.944,43.019,2.788,5.243,0.000,67.042,1,945.976
179.000,11,38.339,5.122,46.142,3.739,5.254,0.000,19.333,0,1045.230
180.000,11,49.252,4.880,45.249,1.665,2.922,0.000,43.301,0,1033.396
181.000,11,54.631,5.166,39.406,1.438,6.137,0.000,53.423,0,917.336
182.000,11,47.477,4.957,43.788,1.956,6.608,0.000,12.561,1,839.899
183.000,11,51.117,5.163,47.471,2.013,7.312,0.000,63.590,1,802.592
184.000,11,50.957,4.734,41.857,2.083,4.415,0.000,52.881,0,669.081
185.000,11,46.864,4.869,40.626,2.103,6.987,22.912,36.709,0,898.868
186.000,11,47.949,4.872,45.318,2.736,5.204,0.000,73.560,0,979.149
187.000,11,42.929,5.188,40.828,1.674,5.680,0.000,19.050,0,1009.296
188.000,11,39.363,4.936,40.277,2.338,5.732,3.372,73.245,0,1247.338
189.000,11,42.859,4.896,43.938,1.401,10.102,0.000,45.273,1,944.049
190.000,11,46.876,5.320,42.427,1.303,7.031,0.000,47.760,1,890.681
191.000,11,50.737,4.948,49.893,1.470,1.509,0.000,64.746,0,1170.291
192.000,11,48.888,5.010,40.922,2.371,6.145,0.000,16.637,0,850.684
193.000,11,50.733,4.842,45.619,1.508,4.836,0.000,15.091,0,1071.904
194.000,11,44.636,5.160,46.586,2.583,7.374,0.000,58.705,0,865.990
195.000,11,53.828,4.948,43.357,3.251,6.383,0.000,49.917,0,922.039
196.000,11,46.996,4.922,45.446,2.354,6.647,0.000,28.007,0,729.445
197.000,11,55.468,4.803,44.317,1.298,4.160,0.000,79.822,0,1189.014
198.000,11,44.658,4.990,43.271,1.545,5.124,0.000,32.693,0,916.066
199.000,11,40.000,4.987,48.101,1.469,7.282,0.000,24.378,0,999.865
200.000,11,43.962,5.255,42.875,1.556,1.749,0.000,44.991,0,806.825
201.000,11,44.217,4.841,46.319,2.163,8.878,0.000,27.743,0,749.588
202.000,11,50.651,5.002,46.177,2.680,8.782,0.000,70.355,1,1015.067
203.000,11,52.444,4.798,41.472,1.370,7.267,20.894,44.780,1,930.443
204.000,11,44.254,5.006,45.125,1.454,6.915,0.000,62.771,0,1028.072
205.000,11,45.034,5.023,42.320,1.458,6.450,0.000,14.192,0,996.685
206.000,11,50.308,4.977,47.418,2.269,7.937,0.000,71.963,0,911.744
207.000,11,40.968,5.050,41.852,2.884,7.673,0.000,18.139,0,1072.034
208.000,11,45.546,4.811,43.588,2.226,6.880,0.000,72.319,1,983.041
209.000,11,33.105,4.887,42.456,2.730,7.803,0.000,44.467,0,863.537
210.000,11,45.790,4.806,40.601,2.262,5.394,0.000,14.180,1,1202.322
211.000,11,46.991,4.659,42.409,2.298,10.128,33.829,19.850,1,908.585
212.000,11,44.914,5.104,44.382,3.584,2.953,0.000,48.147,1,909.267
213.000,11,39.489,4.780,47.450,1.462,3.191,0.000,58.160,0,789.450
214.000,11,41.017,5.018,44.795,2.576,8.136,0.000,79.409,0,1087.793
215.000,11,54.604,4.815,43.050,2.035,6.042,0.000,17.507,0,1246.828
216.000,11,40.262,5.078,45.361,2.736,5.849,0.000,31.203,0,538.822
217.000,11,43.448,4.841,45.604,1.718,4.924,0.000,68.057,1,878.808
218.000,11,41.193,5.056,40.303,1.626,2.840,0.000,70.946,1,833.136
219.000,11,43.782,4.881,38.898,1.742,3.850,0.000,35.474,1,1108.167
220.000,11,42.720,5.238,43.440,2.197,6.755,0.000,46.638,0,1035.987
221.000,11,41.159,5.019,42.239,2.661,5.543,0.000,17.922,0,807.546
222.000,11,43.002,5.074,47.559,2.255,4.961,0.000,65.518,1,1030.721
223.000,11,48.385,5.074,41.480,3.046,6.051,40.626,78.268,0,851.938
224.000,11,40.080,4.869,46.137,1.478,4.172,0.000,34.634,1,1031.710
225.000,11,53.190,4.852,38.561,1.711,7.195,0.000,38.639,0,896.551
226.000,11,39.310,4.916,43.494,1.889,6.925,0.000,71.612,0,1030.580
227.000,11,42.961,4.974,48.634,2.092,4.724,63.068,29.575,0,1240.227
228.000,11,52.991,5.102,43.853,1.583,6.386,0.000,45.797,0,831.231
229.000,11,42.666,4.931,43.923,2.201,8.423,0.000,17.488,0,971.491
230.000,11,40.332,4.826,44.201,1.797,5.814,0.000,41.829,1,857.032
231.000,11,53.663,5.163,43.641,3.235,5.824,0.000,50.130,0,824.207
232.000,11,41.395,4.740,40.782,2.726,7.122,0.000,31.981,0,877.376
233.000,11,41.736,4.757,42.742,1.678,8.859,0.000,35.602,1,858.282
234.000,11,42.032,5.225,42.474,1.919,7.725,50.493,53.357,0,590.894
235.000,11,42.984,5.037,41.883,1.516,7.605,0.000,70.470,1,937.871
236.000,11,47.283,4.864,41.642,2.577,6.342,0.000,63.168,0,994.759
237.000,11,44.807,4.933,39.476,2.595,3.022,0.000,67.637,0,949.961
238.000,11,47.376,4.983,39.744,2.046,2.904,0.000,23.034,0,818.252
239.000,11,39.857,5.087,47.786,2.982,5.801,0.000,10.260,0,832.489
240.000,11,47.652,5.404,45.000,3.655,9.120,0.000,29.401,0,921.842
241.000,11,47.382,5.008,42.835,2.134,7.045,0.000,12.469,0,910.223
242.000,11,49.144,4.865,43.658,3.177,5.053,0.000,15.448,1,723.867
243.000,11,42.959,5.074,41.194,2.219,8.954,0.000,31.850,0,830.748
244.000,11,46.259,5.281,44.535,2.457,6.402,90.491,28.302,0,761.478
245.000,11,42.019,5.096,39.080,2.198,4.164,4.154,49.819,0,908.535
246.000,11,43.182,4.968,42.606,2.295,5.280,0.000,27.756,1,1009.281
247.000,11,44.119,5.225,43.565,1.504,6.311,0.000,68.878,0,858.862
248.000,11,43.439,4.931,46.807,1.973,7.489,0.000,76.819,0,863.427
249.000,11,55.795,4.883,42.828,4.417,6.072,0.000,53.388,1,789.463
250.000,11,45.720,5.068,47.004,2.060,6.451,0.000,23.217,0,828.096
251.000,11,44.125,5.188,45.751,2.086,4.883,0.000,68.030,1,944.683
252.000,11,39.260,5.020,43.849,2.094,5.997,0.000,71.468,1,900.680
253.000,11,42.546,5.321,38.410,2.428,5.587,0.000,36.469,1,967.930
254.000,11,39.581,5.010,42.735,2.404,7.228,0.000,78.990,1,837.883
255.000,11,42.274,5.392,40.760,2.940,5.724,0.000,60.429,0,951.600
256.000,11,44.666,5.024,43.503,1.694,6.966,100.313,41.926,0,708.464
257.000,11,40.146,5.061,39.261,3.533,7.287,0.000,29.993,0,773.128
258.000,11,50.217,4.999,39.734,1.736,7.352,0.000,68.819,0,1063.218
259.000,11,47.645,5.107,42.997,2.650,5.218,0.000,22.074,0,662.581
260.000,11,48.060,5.063,44.619,2.207,5.766,0.000,62.740,0,925.456
261.000,11,46.545,4.935,42.657,2.164,5.669,0.000,74.561,0,1005.175
262.000,11,41.721,5.036,38.633,1.770,3.943,0.000,69.027,0,899.969
263.000,11,49.823,5.137,46.968,1.710,7.606,63.981,50.179,1,903.413
264.000,11,33.236,4.876,39.243,2.174,3.828,0.000,67.990,1,901.856
265.000,11,40.961,4.981,44.790,1.628,7.504,0.000,73.195,0,904.356
266.000,11,46.942,5.114,42.218,1.793,6.065,0.000,79.700,1,999.826
267.000,11,49.006,4.950,42.412,3.958,3.950,72.090,45.075,1,1039.980
268.000,11,39.832,5.066,44.915,2.796,10.225,0.000,50.571,0,842.847
269.000,11,35.884,5.220,44.126,2.884,5.163,0.000,10.268,0,999.781
270.000,11,43.383,5.012,45.318,1.801,4.215,0.000,15.649,0,931.733
271.000,11,40.079,5.029,46.124,2.617,5.952,120.496,44.742,0,727.975
272.000,11,43.974,4.773,42.724,1.796,5.683,0.000,65.741,0,1094.539
273.000,11,54.017,4.998,41.380,2.193,6.460,0.000,15.450,0,898.299
274.000,11,41.361,5.142,37.484,1.551,9.554,0.000,37.745,0,893.753
275.000,11,47.507,4.499,42.129,2.795,7.021,0.000,71.592,0,1061.153
276.000,11,47.561,5.081,40.939,2.311,5.143,0.000,78.946,1,893.898
277.000,11,41.110,4.978,43.496,1.951,7.700,0.000,49.388,0,799.810
278.000,11,41.491,4.857,39.906,1.654,6.117,0.000,29.359,0,896.042
279.000,11,53.036,4.957,43.978,1.918,7.712,78.760,26.422,0,812.864
280.000,11,41.978,4.969,47.667,2.922,5.936,0.000,13.488,1,927.715
281.000,11,38.224,5.044,43.344,1.775,7.654,0.000,72.210,0,1090.659
282.000,11,38.570,4.937,45.198,1.625,7.568,0.000,28.299,0,896.997
283.000,11,50.229,4.998,47.239,2.644,5.652,0.000,17.918,0,908.840
284.000,11,45.013,4.924,43.291,1.741,8.908,0.000,76.414,1,930.092
285.000,11,49.196,4.772,43.386,1.700,6.712,0.000,79.701,1,1078.837
286.000,11,43.917,5.064,43.144,1.820,5.399,0.000,74.115,0,863.549
287.000,11,41.588,4.824,42.949,1.704,4.518,0.000,54.269,1,863.938
288.000,11,49.243,5.132,42.237,1.760,7.019,19.737,49.137,0,864.749
289.000,11,46.708,5.037,39.975,2.229,4.862,0.000,64.310,0,1122.715
290.000,11,48.436,4.905,42.145,2.915,4.768,113.779,40.475,0,706.604
291.000,11,41.850,4.829,41.410,2.502,6.690,56.648,15.142,0,995.193
292.000,11,49.484,4.751,42.434,1.730,4.876,3.118,14.694,1,1060.650
293.000,11,51.692,5.100,41.488,2.088,6.395,0.000,41.286,0,1184.647
294.000,11,38.234,4.865,45.452,3.110,3.855,0.000,38.584,0,882.347
295.000,11,52.159,5.134,44.261,2.130,5.068,0.000,40.458,0,1079.302
296.000,11,40.778,4.971,43.358,2.477,3.087,0.000,63.277,1,699.409
297.000,11,47.931,4.779,42.416,2.173,6.497,0.000,61.095,0,1225.656
298.000,11,32.563,4.875,45.532,2.886,5.294,0.000,70.979,1,1059.472
299.000,11,48.431,5.049,44.312,2.663,9.962,0.000,77.348,0,731.264
300.000,11,39.375,5.058,42.812,1.886,7.644,0.000,33.850,0,650.521
301.000,11,52.643,4.743,46.744,1.746,5.573,0.000,50.451,1,1025.715
302.000,11,41.586,4.986,43.518,2.091,7.262,0.000,40.000,0,609.506
303.000,11,40.359,5.009,43.411,1.751,6.411,0.000,60.890,0,689.807
304.000,11,45.771,5.179,40.627,2.013,7.697,0.000,68.088,0,930.592
305.000,11,42.504,5.200,45.191,1.732,7.730,0.000,67.490,0,810.503
306.000,11,41.044,4.740,46.706,2.279,8.646,0.000,49.017,1,874.620
307.000,11,47.025,4.974,40.354,2.820,6.529,0.000,21.394,1,935.234
308.000,11,54.863,4.619,43.187,2.262,7.067,0.000,23.464,1,679.655
309.000,11,45.984,5.188,42.383,3.169,5.764,0.000,49.795,0,1127.046
310.000,11,51.040,5.015,43.940,2.764,6.397,0.000,49.809,0,863.183
311.000,11,43.702,4.748,43.489,1.803,5.100,0.000,66.747,0,765.103
312.000,11,43.051,5.122,45.726,3.139,8.396,0.000,28.921,0,491.617
313.000,11,41.033,4.947,41.890,2.295,6.799,0.000,66.318,0,1085.279
314.000,11,36.695,5.033,43.860,2.220,5.542,0.000,73.469,0,715.618
315.000,11,44.275,5.140,41.399,2.240,9.353,0.000,33.070,0,976.990
316.000,11,43.046,5.467,38.940,1.904,8.516,0.000,76.570,0,955.884
317.000,11,50.686,4.903,40.269,2.727,5.347,89.228,54.935,1,863.469
318.000,11,37.465,4.986,43.857,3.503,6.858,158.625,78.304,0,716.535
319.000,11,46.857,4.932,43.111,1.976,5.156,0.000,40.669,0,787.625
320.000,11,44.948,4.991,38.034,2.193,8.864,108.653,42.785,0,1183.789
321.000,11,50.331,5.075,36.166,3.082,4.658,0.000,48.096,1,1053.933
322.000,11,52.749,5.091,45.331,2.025,5.469,0.000,29.135,0,727.285
323.000,11,39.289,5.128,43.562,1.899,9.438,0.000,67.499,0,773.314
324.000,11,42.878,4.969,45.435,2.458,6.652,0.000,32.707,1,1020.951
325.000,11,50.277,5.007,44.229,3.692,8.950,0.000,38.578,0,631.554
326.000,11,48.075,4.932,41.559,2.125,6.453,0.000,59.010,0,979.271
327.000,11,49.335,4.906,45.991,2.123,7.547,0.000,40.417,0,1173.427
328.000,11,41.717,5.066,45.482,1.749,6.516,74.211,19.020,0,1036.498
329.000,11,45.489,5.060,38.996,2.353,7.731,0.000,26.512,0,912.499
330.000,11,43.718,5.108,40.300,2.081,6.617,0.000,15.877,0,943.373
331.000,11,41.370,5.235,43.336,3.061,4.813,3.657,14.968,0,667.812
332.000,11,45.722,5.161,44.242,3.082,5.715,85.841,43.477,1,1147.007
333.000,11,46.018,4.936,42.668,3.737,7.866,177.464,78.119,1,903.822
334.000,11,45.952,5.064,40.084,2.277,3.302,106.798,57.031,0,936.327
335.000,11,28.806,4.868,42.558,2.933,4.066,0.000,30.631,1,973.911
336.000,11,32.563,5.164,42.740,1.997,4.647,0.000,22.579,1,1217.032
337.000,11,46.734,4.748,38.897,2.438,4.975,0.000,13.042,1,810.356
338.000,11,48.062,5.127,41.297,1.747,6.124,170.325,74.035,0,789.440
339.000,11,40.047,4.885,39.213,2.136,5.078,1.340,43.177,0,621.090
340.000,11,39.831,5.078,42.291,2.109,5.405,3.152,23.145,1,1045.593
341.000,11,43.029,4.668,37.973,1.767,7.436,0.000,76.137,1,807.468
342.000,11,44.220,5.025,44.487,2.977,3.725,0.000,58.941,0,603.932
343.000,11,43.161,4.940,42.716,2.119,7.204,0.000,26.407,0,1061.618
344.000,11,42.076,5.201,39.527,3.375,6.035,0.000,20.352,1,926.835
345.000,11,48.936,4.911,44.340,1.999,8.352,0.000,64.849,0,806.191
346.000,11,46.816,4.978,40.795,2.330,4.381,0.000,43.250,0,915.188
347.000,11,49.666,5.192,42.243,2.996,9.282,0.000,25.159,1,977.848
348.000,11,52.807,5.044,44.738,2.030,6.105,66.888,27.695,0,1154.168
349.000,11,41.543,5.007,38.264,2.813,7.164,0.000,58.068,0,793.308
350.000,11,44.770,5.171,41.998,3.143,4.797,114.489,56.353,0,852.447
351.000,11,54.066,4.857,38.474,2.551,4.555,0.000,55.235,0,820.877
352.000,11,35.046,4.877,43.777,2.065,7.963,0.000,67.225,0,708.291
353.000,11,49.398,5.068,40.151,1.950,7.425,0.000,10.820,0,680.540
354.000,11,44.838,5.437,43.796,2.155,4.808,0.000,58.369,0,814.363
355.000,11,43.762,5.068,40.557,3.736,7.603,0.000,14.610,1,821.060
356.000,11,43.986,4.957,41.017,3.617,8.037,0.000,45.713,1,765.543
357.000,11,40.113,4.840,40.851,3.556,5.927,0.000,55.773,1,948.544
358.000,11,45.202,4.708,37.887,2.318,4.114,119.580,73.649,0,741.443
359.000,11,44.687,5.163,43.339,2.455,7.665,0.000,45.402,0,912.527
360.000,11,40.711,5.049,37.539,3.624,4.473,142.087,34.214,0,887.927
361.000,11,52.893,4.945,38.762,1.922,6.017,0.000,26.462,0,1035.505
362.000,11,42.244,4.952,43.277,1.861,4.322,0.000,33.792,0,765.235
363.000,11,43.936,5.180,42.107,2.972,7.861,24.864,20.515,0,952.028
364.000,11,53.234,4.969,39.211,2.957,6.178,0.000,56.997,1,694.863
365.000,11,52.240,4.656,40.053,2.376,5.603,131.241,55.229,0,849.609
366.000,11,43.916,5.057,40.451,2.357,8.377,0.000,39.276,1,692.249
367.000,11,44.252,5.037,38.704,3.112,3.911,0.000,42.666,0,727.367
368.000,11,49.007,5.006,42.301,3.229,7.419,0.000,79.908,1,908.780
369.000,11,44.836,4.848,44.011,2.921,8.737,65.631,73.143,0,891.388
370.000,11,45.289,4.937,40.779,2.434,8.029,100.370,50.666,0,1169.259
371.000,11,49.832,4.721,43.158,2.914,7.326,0.000,27.596,0,632.691
372.000,11,49.615,5.097,39.046,2.437,7.628,120.198,79.808,0,1160.873
373.000,11,42.119,4.994,40.709,1.983,4.026,0.000,11.645,0,669.515
374.000,11,48.719,5.012,43.132,3.161,3.619,0.000,24.437,0,842.022
375.000,11,49.768,5.009,40.762,2.025,4.586,145.853,71.399,0,950.300
376.000,11,45.505,4.910,40.547,2.284,6.597,50.023,27.245,1,707.993
377.000,11,40.806,5.112,34.455,2.409,6.665,0.000,75.257,1,841.176
378.000,11,47.930,4.970,39.170,3.258,4.709,136.318,74.863,1,582.950
379.000,11,57.676,5.089,40.214,3.233,5.328,0.000,59.677,0,754.963
380.000,11,50.491,5.044,44.388,2.032,6.617,0.000,55.324,0,921.795
381.000,11,40.906,4.895,42.296,2.680,6.405,56.747,28.874,0,894.410
382.000,11,43.427,5.101,41.136,2.872,4.556,39.733,45.956,1,1027.170
383.000,11,36.183,4.905,38.079,2.816,5.555,0.000,22.296,0,894.280
384.000,11,47.433,5.174,41.036,2.339,8.042,87.610,30.870,1,903.368
385.000,11,43.286,5.076,40.389,2.792,5.303,0.000,36.406,0,1149.331
386.000,11,45.021,5.042,41.840,2.855,7.503,0.000,59.674,0,518.315
387.000,11,46.197,4.939,37.799,2.916,6.559,104.545,56.859,0,900.086
388.000,11,40.508,4.930,42.832,2.550,5.725,220.139,51.452,0,1197.521
389.000,11,46.649,4.895,42.922,2.090,7.895,0.000,58.316,0,1118.695
390.000,11,47.247,5.210,43.772,2.445,7.565,9.449,21.943,0,967.719
391.000,11,49.265,5.165,45.453,3.107,9.666,82.691,25.169,1,740.154
392.000,11,46.836,4.762,34.854,2.281,4.888,204.932,79.482,1,915.476
393.000,11,43.798,5.082,41.671,2.829,7.306,0.000,43.228,1,833.894
394.000,11,49.569,4.975,40.855,2.500,6.271,0.000,76.017,0,1075.774
395.000,11,47.267,5.115,41.381,3.304,5.258,0.000,18.764,0,1100.098
396.000,11,51.476,4.862,42.448,2.249,5.287,7.627,36.105,0,737.586
397.000,11,48.966,4.765,38.922,2.600,7.081,10.657,71.425,0,966.931
398.000,11,46.811,5.017,38.965,2.559,6.637,193.405,72.147,0,936.342
399.000,11,49.603,5.144,39.357,2.245,7.836,196.262,22.927,0,1107.317
400.000,11,48.415,4.727,37.290,3.318,5.815,0.000,43.515,1,929.777
401.000,11,48.949,5.048,41.365,3.562,6.277,77.009,54.713,0,671.614
402.000,11,43.025,5.025,42.325,2.543,6.800,62.375,43.029,1,589.121
403.000,11,43.016,4.765,40.741,3.090,5.750,123.811,12.629,0,902.753
404.000,11,41.638,4.997,38.627,2.315,8.852,163.218,37.394,0,697.395
405.000,11,39.203,4.824,40.632,2.566,9.166,41.469,42.762,0,673.539
406.000,11,47.367,5.086,42.478,2.019,8.461,76.401,44.281,0,785.543
407.000,11,42.169,4.951,40.147,3.052,6.829,0.000,49.224,1,1382.496
408.000,11,48.406,4.847,42.666,2.032,8.613,0.959,51.876,0,864.637
409.000,11,52.344,4.984,44.022,3.911,5.474,0.000,58.658,1,644.412
410.000,11,49.780,5.038,42.245,2.540,6.397,0.000,54.879,0,891.406
411.000,11,50.665,5.163,37.221,2.857,6.865,139.319,30.831,0,810.339
412.000,11,38.111,4.781,36.327,2.090,8.539,0.000,44.955,0,932.251
413.000,11,42.751,4.915,43.987,2.067,5.049,0.000,26.545,0,731.432
414.000,11,50.394,4.784,38.791,2.436,7.314,36.107,63.732,0,855.079
415.000,11,46.573,5.118,37.755,2.544,8.428,153.982,67.920,0,544.606
416.000,11,44.097,5.304,42.004,2.374,7.258,165.311,30.807,0,858.056
417.000,11,37.980,4.943,39.396,2.643,8.850,38.533,47.732,0,940.501
418.000,11,38.813,5.151,43.755,2.013,8.149,7.891,62.460,0,661.036
419.000,11,47.903,5.217,41.393,2.174,7.799,0.000,73.382,0,885.323
420.000,11,50.867,5.073,39.132,3.109,5.587,18.646,62.274,1,724.282
421.000,11,43.942,4.880,38.882,2.016,9.407,247.948,46.301,0,508.241
422.000,11,50.007,5.001,46.051,2.454,4.811,0.000,17.116,0,783.215
423.000,11,38.853,4.809,40.153,2.977,6.870,110.062,76.969,0,765.531
424.000,11,42.152,4.957,40.131,1.975,7.761,0.000,72.828,0,804.341
425.000,11,41.712,5.030,37.995,3.015,4.020,0.000,32.379,0,990.601
426.000,11,38.882,5.053,39.678,2.764,7.834,0.000,11.878,0,767.762
427.000,11,48.034,4.933,40.773,2.378,1.273,36.595,43.290,0,741.577
428.000,11,34.910,4.819,42.921,2.483,5.813,120.106,73.570,1,854.143
429.000,11,50.836,4.754,39.823,2.137,4.944,75.430,48.344,1,813.004
430.000,11,41.903,5.089,41.929,2.326,9.405,0.000,22.178,0,873.362
431.000,11,46.022,4.871,42.123,2.285,8.516,120.452,28.839,1,829.801
432.000,11,44.815,4.861,38.955,4.246,6.269,0.000,11.243,0,650.862
433.000,11,35.726,4.868,42.560,2.986,8.287,50.016,62.608,1,619.029
434.000,11,41.907,4.803,40.135,3.342,5.603,9.514,41.793,1,758.962
435.000,11,50.960,5.102,41.028,2.058,5.433,0.000,60.194,1,874.211
436.000,11,34.159,5.056,35.006,2.404,6.136,0.000,75.229,0,792.829
437.000,11,49.800,4.771,42.296,3.019,3.314,0.000,24.072,1,861.847
438.000,11,48.700,4.742,40.065,3.328,6.065,0.000,19.363,0,615.792
439.000,11,42.769,4.762,38.121,2.807,9.079,0.000,26.085,0,752.543
440.000,11,52.320,4.937,40.371,2.756,8.388,0.000,63.103,0,664.168
441.000,11,52.524,5.151,40.067,5.159,7.885,261.161,78.235,0,577.696
442.000,11,42.542,5.113,42.445,2.065,8.948,285.321,42.681,0,989.838
443.000,11,49.656,4.984,41.771,2.816,7.225,0.000,34.657,0,1135.228
444.000,11,55.190,4.995,43.794,2.798,5.776,221.407,38.014,0,817.223
445.000,11,55.577,4.937,43.391,2.289,6.785,199.065,74.157,0,768.043
446.000,11,44.998,5.055,38.860,2.888,7.885,256.703,36.772,0,855.897
447.000,11,56.253,5.104,39.948,2.647,7.645,0.000,34.765,0,682.480
448.000,11,38.568,5.053,45.288,4.132,5.411,0.000,43.694,1,770.594
449.000,11,38.143,4.932,41.414,2.332,8.984,222.322,28.985,0,910.410
450.000,11,46.758,4.823,40.858,3.369,8.653,167.981,74.012,0,620.430
451.000,11,29.385,5.344,39.649,2.245,8.576,0.000,59.075,0,664.478
452.000,11,39.342,5.112,40.264,2.399,4.256,0.000,24.690,1,673.617
453.000,11,46.770,4.848,41.826,2.416,9.426,107.694,52.866,0,1019.111
454.000,11,45.090,4.884,41.569,2.221,7.951,91.490,32.479,0,806.619
455.000,11,49.936,4.929,39.889,2.511,5.205,129.403,31.089,0,759.425
456.000,11,45.347,4.898,37.457,3.279,8.960,195.147,65.680,1,728.284
457.000,11,41.893,4.769,40.308,2.948,6.380,122.645,45.524,0,693.764
458.000,11,44.092,5.004,36.847,3.180,7.842,239.588,30.074,0,762.152
459.000,11,37.453,4.972,40.163,3.934,4.563,54.958,75.627,1,722.934
460.000,11,49.344,4.901,39.506,3.007,5.342,0.000,47.596,0,699.251
461.000,11,39.572,4.969,37.263,3.664,5.242,0.000,42.513,0,1000.606
462.000,11,50.615,5.131,37.066,3.622,6.236,0.000,30.987,0,734.114
463.000,11,39.272,4.877,39.075,2.215,5.343,296.602,23.581,0,875.344
464.000,11,45.302,4.940,34.201,3.183,6.352,0.000,12.560,0,690.986
465.000,11,48.290,5.073,40.669,3.714,5.393,194.601,31.785,0,812.750
466.000,11,45.698,4.976,37.486,3.563,10.400,0.000,30.557,0,806.407
467.000,11,51.555,5.083,37.482,3.061,7.054,0.000,70.230,0,670.019
468.000,11,41.745,5.166,37.996,2.949,8.816,40.754,69.995,0,688.711
469.000,11,52.827,5.212,40.981,2.124,6.895,111.249,62.370,0,752.313
470.000,11,44.397,5.061,38.693,2.404,5.295,0.000,43.753,0,496.425
471.000,11,49.562,5.070,43.682,4.145,5.164,49.841,70.546,0,723.402
472.000,11,50.596,5.116,40.209,2.366,4.651,150.775,15.542,1,626.023
473.000,11,48.154,4.923,36.314,3.373,9.104,0.000,71.328,1,753.196
474.000,11,41.116,4.773,37.060,2.754,7.271,0.000,26.214,1,821.174
475.000,11,42.873,5.118,40.123,2.723,7.383,0.000,64.777,1,848.108
476.000,11,54.187,5.233,43.058,2.201,6.163,0.000,10.393,0,684.143
477.000,11,43.085,4.805,43.366,3.398,7.071,276.618,69.709,0,930.635
478.000,11,45.539,5.064,39.982,2.725,5.632,175.647,20.011,1,886.098
479.000,11,38.476,4.745,39.962,2.854,6.567,149.542,39.276,1,859.314
480.000,11,44.216,4.773,39.621,2.563,6.710,0.000,60.095,0,886.018
481.000,11,49.490,4.913,39.560,2.809,8.035,114.023,60.705,0,748.469
482.000,11,56.706,5.124,40.455,3.552,8.903,0.000,17.984,1,927.763
483.000,11,52.182,5.142,39.751,3.762,6.271,0.000,27.479,0,742.462
484.000,11,54.509,5.011,38.583,4.079,6.991,317.338,40.569,0,676.899
485.000,11,53.123,5.059,41.708,2.491,6.074,263.335,21.388,0,672.736
486.000,11,42.847,5.061,40.238,3.254,7.009,313.382,55.072,0,646.724
487.000,11,40.960,5.016,39.978,2.191,5.177,195.501,18.320,1,725.745
488.000,11,45.911,4.874,41.008,2.942,6.977,0.000,44.588,0,899.255
489.000,11,41.374,4.918,43.498,2.920,8.361,43.349,46.080,0,756.478
490.000,11,38.454,5.104,40.643,2.696,6.760,0.000,27.150,1,616.003
491.000,11,43.121,4.987,40.778,2.963,5.418,0.000,12.071,0,778.430
492.000,11,54.770,5.175,42.408,2.480,7.934,134.489,41.015,0,708.794
493.000,11,44.554,4.849,42.994,2.465,7.595,160.327,79.545,0,1124.895
494.000,11,51.191,4.846,37.064,4.177,6.292,0.000,58.576,0,590.990
495.000,11,43.184,4.835,40.625,3.366,6.439,0.000,71.057,0,819.386
496.000,11,51.902,4.950,40.669,2.997,9.716,208.725,52.174,0,653.521
497.000,11,43.581,4.941,41.499,2.600,7.924,0.000,66.155,0,784.658
498.000,11,38.517,4.822,42.874,2.746,5.700,0.000,47.168,1,775.427
499.000,11,39.283,4.959,38.530,2.550,7.870,285.929,35.215,0,1027.755
500.000,11,52.441,5.220,38.673,2.674,7.093,327.299,60.412,0,725.008
501.000,11,38.674,5.220,40.368,2.656,7.221,60.655,55.602,0,622.864
502.000,11,45.800,5.087,39.166,2.743,6.599,100.325,65.857,0,605.382
503.000,11,45.164,4.996,42.768,2.278,7.014,62.579,62.048,1,851.794
504.000,11,42.289,4.939,39.885,4.456,5.993,0.000,55.541,1,816.866
505.000,11,47.053,4.622,42.633,4.514,5.085,342.300,41.641,0,618.308
506.000,11,44.196,5.133,38.788,2.985,5.785,95.795,47.086,1,976.842
507.000,11,49.962,4.881,43.019,3.622,6.414,73.813,66.806,1,1042.905
508.000,11,45.640,4.887,40.530,3.436,7.719,0.000,35.395,1,573.629
509.000,11,40.312,5.142,39.939,3.414,7.571,0.000,43.800,0,730.706
510.000,11,48.043,5.015,40.697,2.498,3.930,0.000,67.087,1,660.969
511.000,11,45.880,5.028,38.656,3.216,6.017,181.009,54.425,0,863.307
512.000,11,46.235,4.920,39.344,3.205,6.886,120.287,23.872,0,990.099
513.000,11,42.453,4.814,37.574,2.515,5.736,188.582,77.004,0,680.157
514.000,11,40.766,5.050,37.595,2.470,7.047,147.901,49.240,1,722.896
515.000,11,53.143,5.186,37.410,2.396,7.206,0.000,43.123,1,770.798
516.000,11,47.956,5.003,37.398,3.048,6.310,254.408,15.276,0,1101.556
517.000,11,43.827,5.022,35.732,3.374,8.330,149.858,16.502,0,653.234
518.000,11,42.332,5.049,43.495,3.890,3.770,163.806,47.774,0,778.247
519.000,11,47.393,5.045,38.010,2.591,8.794,0.000,52.142,0,901.058
520.000,11,44.784,5.000,39.025,2.282,6.200,125.576,79.900,0,853.790
521.000,11,39.789,4.896,45.193,2.777,4.917,239.846,10.747,0,597.155
522.000,11,44.445,4.859,42.826,2.784,5.670,0.000,48.731,0,696.130
523.000,11,45.716,5.185,38.630,2.553,8.788,265.739,73.594,0,795.066
524.000,11,44.643,4.889,41.027,2.387,3.980,0.000,18.383,0,754.871
525.000,11,47.789,4.983,38.970,3.407,4.806,300.140,41.068,0,659.962
526.000,11,51.297,5.184,36.900,3.696,7.381,107.422,16.238,1,536.344
527.000,11,44.267,5.171,38.562,5.689,7.436,344.126,73.595,0,697.987
528.000,11,43.676,5.156,42.067,2.909,4.192,302.407,13.978,0,623.311
529.000,11,44.379,5.038,44.137,2.453,5.433,236.034,45.029,0,820.023
530.000,11,39.433,4.894,40.159,3.201,7.977,370.343,76.824,1,639.135
531.000,11,44.597,4.770,38.999,2.404,3.434,36.831,39.258,0,516.953
532.000,11,37.924,4.870,42.254,2.994,5.834,0.000,60.192,1,700.276
533.000,11,47.312,5.022,39.213,3.192,3.300,108.373,48.064,0,801.379
534.000,11,47.082,4.846,37.906,2.997,7.936,379.410,77.675,1,612.927
535.000,11,46.199,5.097,44.773,3.129,6.162,282.823,68.621,1,1125.952
536.000,11,49.140,4.786,34.422,2.552,5.502,86.304,38.176,1,538.797
537.000,11,53.742,4.925,37.792,2.761,8.215,0.000,68.879,0,648.163
538.000,11,39.128,5.139,37.464,2.762,7.741,179.649,22.785,0,702.063
539.000,11,49.353,5.054,41.075,3.748,4.497,0.000,23.512,0,603.826
540.000,11,49.338,4.611,36.493,2.426,7.978,158.265,42.642,1,628.970
541.000,11,40.312,5.109,42.515,3.675,4.406,0.000,63.062,0,588.760
542.000,11,48.187,4.829,40.253,3.398,6.419,0.000,46.018,1,607.889
543.000,11,43.092,5.028,36.329,2.424,5.770,356.256,36.981,0,1005.394
544.000,11,45.712,5.013,44.720,3.232,9.349,271.487,36.651,0,766.544
545.000,11,44.482,4.983,34.180,3.183,7.392,310.746,30.901,0,447.353
546.000,11,40.685,5.295,37.227,3.248,4.797,348.994,11.126,1,522.832
547.000,11,40.309,4.921,40.936,3.947,5.915,42.305,62.070,0,682.110
548.000,11,48.908,5.118,38.530,2.850,8.451,0.598,48.617,0,851.597
549.000,11,43.817,4.969,34.547,2.671,8.015,52.937,73.959,1,556.318
550.000,11,39.156,4.959,38.826,2.631,6.811,256.654,24.199,0,689.334
551.000,11,43.332,4.883,41.646,2.658,6.748,265.786,41.429,1,966.818
552.000,11,43.613,4.948,39.495,3.002,4.777,300.822,63.013,0,639.956
553.000,11,46.231,5.028,40.083,3.066,8.037,169.076,56.381,0,667.492
554.000,11,48.307,4.861,35.657,2.816,6.527,0.000,44.596,0,748.196
555.000,11,41.277,4.931,37.301,2.812,6.449,99.384,34.358,0,962.792
556.000,11,39.034,5.174,37.100,3.770,6.039,334.169,33.130,0,628.675
557.000,11,46.316,4.912,38.334,3.521,6.651,394.251,22.151,1,555.023
558.000,11,45.370,5.082,41.162,3.078,7.111,24.388,72.723,0,664.710
559.000,11,48.761,5.178,39.470,3.490,7.600,64.068,41.704,0,749.644
560.000,11,47.241,4.943,43.406,3.880,8.271,0.000,37.928,0,597.665
561.000,11,44.242,5.092,35.659,4.075,6.359,330.033,46.611,1,480.404
562.000,11,52.120,5.247,39.932,2.551,6.585,331.837,44.432,0,643.781
563.000,11,47.452,4.958,39.337,2.748,5.589,406.167,40.965,0,856.711
564.000,11,37.509,4.773,38.854,2.482,8.811,36.412,69.463,0,687.352
565.000,11,37.309,5.151,41.596,3.594,6.599,0.000,45.562,0,718.168
566.000,11,48.122,5.100,38.651,4.229,6.102,0.000,44.882,0,738.536
567.000,11,40.550,4.972,33.973,2.711,6.044,35.486,54.388,0,545.230
568.000,11,45.176,4.932,35.803,3.224,7.408,3.273,62.643,0,796.731
569.000,11,46.205,4.938,41.416,2.575,5.937,343.837,18.025,0,567.938
570.000,11,60.368,4.981,38.292,3.282,6.881,0.000,60.855,1,692.252
571.000,11,46.443,4.925,39.254,3.730,7.128,0.000,18.036,0,770.150
572.000,11,50.063,4.907,35.988,2.941,6.643,303.493,29.786,0,814.563
573.000,11,48.561,5.085,34.870,4.009,8.005,405.110,11.514,1,1047.812
574.000,11,35.553,5.030,36.435,3.865,5.073,92.767,24.158,1,700.816
575.000,11,38.195,5.028,43.081,2.771,6.424,93.234,20.170,0,954.389
576.000,11,44.104,5.049,39.473,3.482,7.045,107.874,32.180,1,641.653
577.000,11,48.486,5.121,40.299,2.591,7.144,394.368,73.100,0,750.765
578.000,11,50.058,4.971,39.156,2.513,6.503,0.000,72.393,1,867.425
579.000,11,45.391,4.945,37.549,2.990,6.006,0.000,61.191,1,740.210
580.000,11,43.529,4.710,37.456,3.767,5.359,128.485,42.598,1,732.749
581.000,11,39.645,5.219,36.927,3.785,3.774,298.694,71.904,0,726.076
582.000,11,50.501,4.911,41.515,4.103,8.666,282.244,69.804,0,717.478
583.000,11,41.749,4.937,42.684,2.496,6.397,45.103,62.008,0,737.425
584.000,11,43.750,5.002,41.446,2.537,8.343,252.299,70.800,0,693.866
585.000,11,39.263,5.222,40.751,5.016,6.654,415.857,49.440,1,352.500
586.000,11,49.107,4.727,39.107,3.649,7.483,0.000,15.014,0,692.729
587.000,11,41.339,5.119,41.539,2.815,5.659,108.955,58.437,0,963.939
588.000,11,44.748,5.231,38.544,3.077,5.913,164.745,34.116,0,469.538
589.000,11,45.027,5.043,41.132,3.208,4.046,0.000,51.394,1,820.749
590.000,11,45.986,4.930,38.809,2.738,8.585,23.874,17.383,0,425.973
591.000,11,49.125,4.769,41.036,3.466,7.301,50.587,69.399,0,756.875
592.000,11,37.363,4.910,39.676,3.596,9.573,338.746,55.124,0,539.949
593.000,11,39.530,5.055,38.016,2.572,9.219,306.557,22.222,0,840.035
594.000,11,39.598,5.054,39.146,3.266,7.274,29.281,27.211,0,800.776
595.000,11,54.315,4.923,38.034,3.126,6.479,430.076,39.838,0,529.617
596.000,11,44.590,5.173,40.760,3.173,7.876,10.430,46.726,0,763.234
597.000,11,40.167,5.132,40.186,2.685,5.672,51.030,33.628,0,580.127
598.000,11,28.333,4.873,35.022,2.525,5.818,189.305,33.011,0,692.791
599.000,11,50.276,5.119,42.939,2.828,5.859,0.000,43.321,0,810.562
600.000,11,50.447,5.071,38.048,4.262,10.644,298.574,32.461,0,369.584
601.000,11,37.720,5.079,37.546,3.668,7.671,272.643,44.873,0,909.562
602.000,11,44.390,4.928,37.253,3.087,6.154,269.938,19.127,0,643.052
603.000,11,47.162,5.041,37.720,5.287,5.935,287.529,48.667,1,579.864
604.000,11,44.380,5.085,39.034,3.288,5.108,302.669,56.826,0,652.576
605.000,11,44.626,4.904,39.460,2.757,7.656,269.040,70.529,0,713.654
606.000,11,48.101,5.065,35.357,2.809,6.100,14.269,32.934,1,556.299
607.000,11,50.302,4.992,42.157,2.760,8.268,410.791,50.890,0,1025.775
608.000,11,50.836,4.982,39.572,3.173,5.516,28.048,21.386,0,396.643
609.000,11,42.802,5.048,37.020,2.557,7.650,353.419,76.152,0,488.815
610.000,11,46.260,5.115,39.958,3.588,6.017,221.213,20.982,0,900.486
611.000,11,53.127,5.211,38.598,3.204,8.878,384.251,73.747,1,750.633
612.000,11,38.298,4.907,36.241,2.847,7.531,273.872,11.189,0,675.804
613.000,11,42.489,5.234,39.728,2.588,5.309,18.156,73.094,0,266.596
614.000,11,42.298,4.839,41.950,2.746,6.822,0.000,13.677,0,677.204
615.000,11,55.304,4.975,37.711,2.717,4.548,287.008,70.597,0,921.498
616.000,11,43.343,5.040,41.076,3.720,7.800,278.395,30.364,0,773.224
617.000,11,47.117,4.952,38.245,4.341,7.082,441.020,48.675,0,720.038
618.000,11,42.092,4.983,38.267,4.129,4.269,207.908,76.145,0,593.969
619.000,11,36.696,5.063,41.567,2.941,5.975,383.596,21.237,0,1020.969
620.000,11,37.357,4.922,42.317,3.556,7.379,446.919,51.180,1,627.107
621.000,11,43.871,5.075,37.415,3.095,7.900,236.539,39.278,0,792.908
622.000,11,43.938,4.873,38.418,3.334,4.511,139.839,40.009,1,662.242
623.000,11,47.676,5.133,37.031,4.331,6.830,0.000,73.788,0,789.211
624.000,11,46.202,5.143,41.206,2.897,7.339,285.385,67.216,0,731.972
625.000,11,43.262,4.987,42.633,3.307,6.874,342.431,64.473,0,604.000
626.000,11,39.906,5.281,36.129,3.199,7.956,389.019,10.517,0,742.611
627.000,11,49.876,4.959,36.503,3.387,4.261,0.000,72.430,0,405.800
628.000,11,47.870,4.823,38.962,2.677,6.741,21.491,59.815,0,466.864
629.000,11,38.461,5.102,36.814,3.037,8.424,0.000,54.751,0,676.036
630.000,11,45.701,5.040,42.031,2.994,6.920,475.985,31.689,0,905.562
631.000,11,45.199,4.926,35.109,3.915,7.025,102.518,35.928,1,548.782
632.000,11,42.900,4.871,36.914,4.195,7.512,201.487,62.694,1,332.377
633.000,11,48.606,4.895,39.199,3.802,5.378,274.038,75.421,0,540.775
634.000,11,35.376,5.052,39.212,2.756,6.234,428.199,38.228,0,671.282
635.000,11,41.823,4.932,35.594,2.886,4.525,129.592,55.448,1,653.340
636.000,11,43.079,4.941,42.215,2.653,7.301,140.366,27.340,0,900.400
637.000,11,46.937,4.847,41.771,3.492,7.103,134.029,69.121,0,667.887
638.000,11,34.438,5.171,37.699,3.481,8.082,445.832,50.724,1,543.670
639.000,11,48.711,5.014,39.486,3.105,9.598,462.069,59.996,0,380.797
640.000,11,42.586,5.241,36.577,4.923,5.043,47.661,36.170,1,401.621
641.000,11,38.969,5.075,42.601,3.786,5.062,129.182,18.268,1,795.586
642.000,11,50.779,5.210,40.257,2.715,7.368,209.245,79.705,1,572.503
643.000,11,53.302,5.194,41.317,3.355,7.894,478.748,71.804,1,1113.246
644.000,11,46.846,4.936,39.909,5.648,6.329,0.000,26.558,1,727.268
645.000,11,56.445,4.955,42.035,2.729,5.928,463.936,58.517,1,468.212
646.000,11,48.908,5.131,37.029,3.296,6.852,313.010,50.916,1,623.076
647.000,11,53.141,4.813,37.271,2.729,7.190,484.971,19.883,0,772.727
648.000,11,47.004,5.197,42.415,3.011,6.413,386.718,35.165,0,483.071
649.000,11,37.544,4.828,41.164,4.630,7.945,0.000,53.473,1,641.706
650.000,11,46.202,5.215,36.547,4.343,7.755,127.750,70.000,1,719.056
651.000,11,53.933,4.687,39.513,2.841,8.157,0.000,22.479,0,645.594
652.000,11,41.732,5.011,40.325,3.553,7.645,261.429,23.765,1,629.416
653.000,11,42.734,5.032,34.968,2.700,9.875,0.000,56.637,1,484.893
654.000,11,38.364,4.952,41.230,3.632,8.920,426.286,27.037,0,580.998
655.000,11,48.273,4.848,43.064,3.912,5.976,265.110,27.017,1,478.838
656.000,11,49.550,5.035,37.366,2.872,7.290,385.028,74.141,1,688.139
657.000,11,50.627,5.053,38.568,3.257,8.601,251.657,46.677,0,569.573
658.000,11,42.458,5.121,40.928,3.343,6.925,426.846,14.315,0,533.447
659.000,11,52.534,4.943,33.019,2.895,7.729,0.000,14.804,1,710.773
660.000,11,50.208,5.128,39.520,2.811,6.432,162.152,35.633,1,821.720
661.000,11,41.367,4.947,36.834,2.989,7.823,451.097,20.233,0,687.390
662.000,11,45.774,5.226,37.659,3.339,4.355,415.566,74.315,0,678.551
663.000,11,42.038,5.111,35.435,3.148,8.031,341.529,42.815,1,496.364
664.000,11,44.844,5.198,42.301,3.518,8.749,497.361,48.595,1,708.866
665.000,11,40.376,4.799,38.734,3.021,10.311,446.769,38.351,0,813.888
666.000,11,44.089,5.047,38.276,3.721,6.160,390.966,42.057,0,773.205
667.000,11,39.324,4.733,35.711,3.312,5.960,177.085,38.313,0,699.605
668.000,11,40.738,5.145,33.459,3.721,6.317,175.971,60.079,1,351.587
669.000,11,41.957,4.968,38.998,3.670,8.368,355.141,78.808,1,801.889
670.000,11,47.610,5.161,38.500,3.212,8.460,127.581,29.546,0,613.021
671.000,11,52.001,5.150,33.241,3.824,9.405,307.412,66.111,1,562.037
672.000,11,44.419,4.676,33.957,3.441,5.611,245.567,51.077,1,734.784
673.000,11,41.028,5.161,31.068,2.938,6.663,21.456,63.517,1,113.428
674.000,11,48.267,5.011,40.586,4.379,6.409,85.982,34.840,0,712.407
675.000,11,38.433,5.116,31.369,3.468,6.743,157.706,40.758,1,337.849
676.000,11,49.828,5.058,38.554,4.138,5.570,422.149,24.966,1,867.505
677.000,11,44.647,4.990,37.051,3.811,7.447,339.756,59.680,1,658.248
678.000,11,33.211,4.905,37.317,2.765,3.317,12.548,26.673,0,861.050
679.000,11,57.110,5.053,37.170,3.805,5.625,248.763,35.229,0,456.249
680.000,11,43.103,5.024,37.319,3.518,9.116,360.677,14.119,0,423.386
681.000,11,42.105,5.094,37.551,3.069,8.684,293.915,74.760,0,575.943
682.000,11,44.321,4.810,36.079,3.267,7.059,62.977,21.682,1,518.731
683.000,11,44.400,4.845,37.832,2.957,7.944,254.924,76.945,1,585.626
684.000,11,48.877,4.895,37.458,3.508,9.025,321.721,37.431,0,752.476
685.000,11,44.200,4.944,39.800,3.055,10.147,391.557,28.146,0,736.375
686.000,11,40.418,5.198,39.594,3.061,7.368,9.305,44.476,0,592.580
687.000,11,40.827,5.135,41.758,3.588,9.110,135.831,29.649,0,463.630
688.000,11,46.766,5.105,38.415,3.614,5.465,259.722,69.001,0,566.052
689.000,11,45.190,4.834,38.684,3.598,6.341,0.000,69.159,0,605.308
690.000,11,42.485,5.032,39.845,3.463,4.248,2.865,69.383,0,894.361
691.000,11,52.708,4.784,41.383,4.040,6.054,207.895,61.026,0,533.366
692.000,11,52.966,4.904,37.358,2.981,8.287,86.992,70.188,0,627.152
693.000,11,42.939,4.775,40.515,4.659,6.341,399.414,78.211,0,594.559
694.000,11,44.499,4.872,34.107,2.843,6.950,26.445,59.333,0,548.201
695.000,11,46.618,5.017,38.226,3.085,5.326,322.121,74.264,1,821.927
696.000,11,50.583,5.168,37.617,3.243,9.000,83.929,14.388,1,522.835
697.000,11,45.038,5.023,42.973,3.105,6.257,338.927,40.963,0,795.787
698.000,11,47.307,4.915,38.570,3.670,6.718,338.879,24.839,1,649.475
699.000,11,42.109,5.255,38.150,3.308,4.991,124.391,25.192,1,661.896
700.000,11,35.221,4.915,39.059,2.880,5.532,466.029,69.323,0,652.864
701.000,11,45.997,5.144,40.310,2.830,7.729,490.611,63.881,0,663.159
702.000,11,41.879,4.444,42.041,3.047,9.315,504.265,68.514,1,495.538
703.000,11,52.433,4.903,34.429,4.352,7.086,437.233,35.004,1,508.297
704.000,11,45.058,4.886,40.410,2.858,6.577,271.600,39.526,0,467.740
705.000,11,45.039,4.962,36.701,2.950,5.887,545.393,25.108,1,579.568
706.000,11,48.723,5.029,37.145,3.110,7.676,470.333,18.110,0,914.569
707.000,11,50.048,5.123,38.703,4.217,6.893,191.370,45.387,1,561.991
708.000,11,41.522,4.937,33.042,3.800,4.926,449.654,19.076,1,297.867
709.000,11,55.623,4.849,37.447,3.100,10.932,510.929,65.891,1,550.789
710.000,11,41.247,5.063,35.027,3.160,7.388,555.094,11.185,1,735.693
711.000,11,40.730,5.258,37.889,4.022,9.103,325.916,78.572,0,335.270
712.000,11,45.913,5.045,35.985,2.969,6.225,242.243,48.438,1,662.225
713.000,11,48.557,5.027,39.938,3.937,7.037,192.172,45.901,0,451.870
714.000,11,40.536,4.721,36.866,3.182,5.030,367.982,62.277,0,602.751
715.000,11,44.319,4.925,40.241,2.998,6.831,564.800,41.948,0,783.090
716.000,11,47.717,4.964,36.386,3.492,7.874,488.784,18.494,1,520.823
717.000,11,43.783,4.882,39.077,3.501,8.549,426.694,74.147,1,515.164
718.000,11,38.995,4.972,34.079,3.046,6.011,475.338,16.617,1,709.893
719.000,11,43.623,4.943,34.028,3.490,3.502,548.496,19.957,0,714.022
720.000,11,41.954,5.167,39.454,3.886,4.541,61.409,74.237,1,739.633
721.000,11,45.869,5.044,40.010,3.369,8.505,148.265,25.685,0,919.075
722.000,11,48.864,5.037,32.716,4.227,5.911,403.335,74.483,1,383.921
723.000,11,49.601,5.028,36.485,3.503,6.781,206.920,18.139,1,442.529
724.000,11,41.480,4.786,35.909,3.090,6.728,212.493,68.470,0,312.994
725.000,11,48.243,4.975,40.567,3.146,7.011,77.883,70.730,0,791.959
726.000,11,43.258,5.334,35.002,3.253,7.649,83.625,51.414,1,500.832
727.000,11,42.427,5.096,38.291,4.277,5.835,313.127,35.132,1,551.741
728.000,11,45.066,4.724,40.699,3.078,6.214,113.873,67.874,0,729.786
729.000,11,47.520,4.981,41.930,3.094,5.653,171.685,47.054,0,476.797
730.000,11,48.317,5.050,35.437,3.415,8.717,241.656,64.571,1,760.744
731.000,11,44.625,4.996,38.620,3.876,7.310,262.163,24.539,1,489.879
732.000,11,44.968,4.936,41.290,3.012,10.254,483.817,27.006,1,849.907
733.000,11,48.904,5.195,35.610,3.214,9.153,475.493,74.843,1,723.079
734.000,11,52.908,5.095,39.550,3.942,9.768,358.719,54.027,0,457.097
735.000,11,39.358,4.744,34.388,3.396,5.820,368.962,14.365,1,299.941
736.000,11,47.766,5.142,34.684,3.101,9.091,416.276,44.073,1,625.368
737.000,11,50.957,4.623,39.567,4.314,8.025,503.969,72.478,0,434.239
738.000,11,39.673,5.079,38.110,3.093,7.552,264.699,49.440,0,428.621
739.000,11,55.046,5.171,39.288,3.703,6.717,386.290,62.336,1,631.158
740.000,11,49.426,5.099,40.728,4.548,7.117,209.634,13.793,1,659.750
741.000,11,42.313,4.974,32.098,3.766,6.483,529.416,44.996,1,490.086
742.000,11,55.551,4.645,38.622,3.315,6.239,509.181,71.819,0,459.648
743.000,11,49.946,5.112,34.127,4.039,10.710,134.041,31.430,1,593.014
744.000,11,39.107,4.926,32.453,5.479,8.027,309.717,73.363,1,653.464
745.000,11,45.398,4.879,36.545,4.168,7.796,312.201,66.183,1,556.883
746.000,11,43.659,5.204,34.304,3.345,6.504,577.836,40.571,1,437.878
747.000,11,52.277,5.182,37.385,3.459,7.073,329.941,19.126,1,690.221
748.000,11,35.250,5.172,34.749,3.093,7.798,195.338,19.718,1,733.933
749.000,11,43.211,5.275,38.051,3.318,5.506,481.196,75.161,1,348.471
750.000,11,48.029,5.015,35.102,3.227,10.850,101.538,65.679,1,646.706
751.000,11,45.535,5.062,36.390,3.265,4.998,230.292,52.828,0,620.752
752.000,11,46.406,5.093,41.503,4.851,6.244,174.154,32.269,0,511.915
753.000,11,49.188,5.066,37.504,4.421,8.603,182.511,20.325,1,505.789
754.000,11,45.438,5.124,35.194,4.189,5.384,541.941,63.136,0,587.260
755.000,11,41.019,4.717,39.712,3.999,7.750,204.796,63.917,0,594.499
756.000,11,43.419,5.042,37.836,4.735,6.928,218.444,67.231,0,265.265
757.000,11,45.766,4.881,34.017,4.105,8.927,494.919,32.747,1,637.944
758.000,11,43.968,4.894,40.167,3.983,7.076,239.343,70.820,0,675.671
759.000,11,43.932,4.810,38.406,3.357,10.163,366.719,75.582,1,733.836
760.000,11,49.590,5.206,34.660,3.720,4.496,83.580,30.891,1,376.973
761.000,11,52.573,4.920,34.235,3.764,8.530,66.526,11.096,1,535.062
762.000,11,49.802,4.988,34.301,3.497,8.413,465.495,22.179,1,404.877
763.000,11,45.379,4.854,31.359,5.638,5.021,513.764,21.869,1,314.334
764.000,11,46.332,5.035,36.768,5.009,9.697,452.744,29.930,0,561.637
765.000,11,49.509,4.829,42.848,4.809,5.872,474.235,10.313,1,725.886
766.000,11,39.863,4.973,36.945,4.373,7.606,373.753,48.268,0,776.324
767.000,11,42.227,4.996,38.739,4.134,5.940,93.789,54.557,0,605.725
768.000,11,35.612,5.003,31.626,3.041,6.101,611.563,40.433,0,409.533
769.000,11,45.638,4.833,40.048,3.267,6.616,428.837,15.792,0,570.534
770.000,11,50.805,4.967,35.834,5.022,5.604,342.948,17.741,1,433.004
771.000,11,45.525,4.828,38.232,3.043,4.893,271.039,33.949,1,649.676
772.000,11,50.190,5.413,36.609,3.229,8.120,324.494,26.321,1,347.244
773.000,11,49.220,4.907,37.330,3.367,7.039,397.807,20.780,0,493.982
774.000,11,42.151,4.855,38.023,4.302,8.109,132.936,68.207,0,575.242
775.000,11,38.207,5.032,35.028,3.516,7.070,459.046,58.992,0,611.310
776.000,11,46.071,4.749,36.197,4.728,7.192,228.890,16.209,1,193.732
777.000,11,54.746,5.217,35.758,3.882,7.297,497.642,47.745,0,611.036
778.000,11,45.419,5.036,34.005,3.104,9.150,144.262,65.348,1,347.388
779.000,11,42.829,5.044,35.464,4.516,5.659,593.561,34.459,1,334.781
780.000,11,44.249,5.067,35.057,3.423,9.500,147.119,26.909,0,734.182
781.000,11,55.218,4.897,36.440,4.044,7.458,452.125,20.761,0,549.039
782.000,11,43.170,5.448,38.400,4.008,8.644,510.993,54.151,1,588.325
783.000,11,45.467,5.107,40.541,3.782,8.263,286.160,56.873,0,589.182
784.000,11,45.749,4.913,39.069,4.470,10.247,578.664,47.686,0,639.350
785.000,11,45.550,5.016,35.795,3.617,5.516,429.366,59.772,0,623.567
786.000,11,46.464,4.991,30.886,4.048,9.899,93.948,14.903,1,569.294
787.000,11,35.321,5.037,37.073,3.275,5.761,212.597,19.190,1,433.261
788.000,11,45.058,5.005,42.104,3.738,5.809,556.357,41.947,1,451.921
789.000,11,41.778,5.237,40.606,3.825,7.350,625.980,67.323,0,356.198
790.000,11,47.178,4.943,37.407,3.886,7.228,269.145,30.964,1,726.665
791.000,11,46.495,5.279,33.171,4.369,8.255,369.431,63.422,1,334.501
792.000,11,46.097,5.230,39.559,3.739,7.774,203.510,72.031,0,384.539
793.000,11,43.343,5.030,33.844,5.590,5.930,545.321,68.802,1,554.448
794.000,11,43.213,4.798,31.586,3.233,8.195,381.266,52.828,1,464.693
795.000,11,44.626,4.815,37.458,3.088,8.140,113.013,77.912,0,589.859
796.000,11,42.529,4.958,33.227,4.102,8.157,323.999,40.880,0,330.526
797.000,11,46.962,4.912,33.606,3.237,6.829,233.236,37.740,1,360.540
798.000,11,41.885,5.017,34.939,3.679,7.326,359.990,61.634,1,485.845
799.000,11,42.151,5.170,33.815,3.703,5.361,267.478,73.797,0,619.911
800.000,11,42.205,4.961,34.126,3.160,10.183,328.564,10.907,0,601.847
801.000,11,47.338,4.885,40.234,3.182,8.827,510.013,61.531,0,599.097
802.000,11,46.678,5.271,33.185,3.714,9.463,238.471,77.897,1,426.165
803.000,11,40.440,4.910,40.292,5.436,8.070,427.175,48.325,0,825.591
804.000,11,44.817,4.870,34.421,3.856,11.388,169.154,49.108,1,518.055
805.000,11,45.844,5.133,35.913,3.308,6.318,547.905,18.284,0,759.829
806.000,11,51.860,4.905,39.385,5.036,5.860,414.674,29.333,1,454.448
807.000,11,44.723,4.988,38.257,3.215,8.187,214.444,11.654,0,607.955
808.000,11,46.623,4.825,33.741,4.388,9.284,471.573,65.840,1,652.063
809.000,11,52.553,5.052,37.768,4.699,9.609,132.171,29.638,1,498.971
810.000,11,44.390,4.849,39.821,3.340,5.899,656.527,22.711,1,527.706
811.000,11,41.073,5.140,36.860,3.170,5.936,569.875,25.625,1,310.877
812.000,11,53.102,5.106,40.085,4.096,9.864,397.633,60.033,0,651.553
813.000,11,39.847,5.075,32.982,3.386,6.356,578.957,32.360,1,627.988
814.000,11,38.335,5.264,37.000,3.710,8.211,441.038,53.219,0,542.817
815.000,11,39.753,5.134,34.716,4.417,8.856,329.192,75.105,1,531.531
816.000,11,43.442,5.046,33.391,3.461,6.344,119.873,44.267,1,629.246
817.000,11,49.487,5.018,35.198,4.181,8.804,165.307,17.215,1,312.297
818.000,11,47.726,5.113,35.095,3.183,8.206,306.921,21.672,1,862.380
819.000,11,43.498,5.090,35.256,3.530,8.830,642.640,57.388,0,548.973
820.000,11,44.557,4.846,39.471,3.614,7.248,291.300,18.469,0,605.401
821.000,11,48.353,4.903,34.807,4.551,8.631,394.545,31.153,1,425.491
822.000,11,44.359,5.293,37.476,4.105,6.240,369.346,74.703,1,537.373
823.000,11,37.726,5.026,36.873,3.726,6.449,226.322,17.493,1,605.648
824.000,11,41.945,5.093,35.215,4.014,7.869,666.335,56.009,0,580.368
825.000,11,48.753,5.103,34.341,3.509,8.052,275.964,22.108,0,513.977
826.000,11,41.769,5.170,35.831,4.107,8.541,296.671,65.956,1,593.671
827.000,11,50.620,4.779,35.997,4.291,7.506,591.825,11.853,1,665.255
828.000,11,44.800,4.808,36.951,3.296,7.869,576.634,69.901,1,626.141
829.000,11,47.888,4.980,34.405,4.720,9.116,209.395,35.438,1,432.430
830.000,11,43.531,4.910,34.302,4.327,6.724,487.828,60.476,1,233.461
831.000,11,42.498,5.089,33.224,4.663,6.840,463.229,71.093,0,593.531
832.000,11,39.966,4.933,35.612,3.233,8.147,147.793,62.146,1,558.084
833.000,11,32.622,5.058,36.446,4.848,7.807,239.837,67.668,1,232.485
834.000,11,43.317,5.075,38.325,3.336,8.242,365.799,46.685,1,535.567
835.000,11,52.888,5.091,31.658,3.586,8.630,270.535,24.805,0,174.770
836.000,11,42.493,4.920,33.431,4.155,7.047,358.595,22.836,1,584.511
837.000,11,49.663,4.869,37.163,3.247,9.913,382.323,46.575,1,645.440
838.000,11,42.871,5.047,33.326,3.587,6.245,140.284,39.735,1,157.628
839.000,11,49.605,4.980,34.787,4.864,10.129,212.119,19.010,1,192.083
840.000,11,48.684,5.205,32.517,3.749,9.725,217.818,71.402,1,553.483
841.000,11,52.446,4.966,35.422,3.425,9.656,282.618,42.164,0,545.914
842.000,11,45.534,5.052,36.867,4.745,9.809,357.163,46.435,1,298.338
843.000,11,44.532,5.012,36.458,4.482,7.174,592.029,26.757,1,562.831
844.000,11,47.852,5.067,34.349,3.345,8.159,308.923,33.056,0,426.287
845.000,11,44.245,4.889,35.696,3.602,9.216,255.037,15.593,1,294.802
846.000,11,50.495,5.224,37.594,4.790,6.739,458.187,48.121,0,327.736
847.000,11,49.224,4.868,35.025,3.623,6.434,360.570,14.087,1,484.711
848.000,11,48.211,4.943,35.376,3.912,9.227,371.876,61.778,0,302.798
849.000,11,46.282,5.325,32.637,3.880,6.890,569.710,42.984,1,471.505
850.000,11,53.647,4.959,37.034,3.756,5.593,646.291,75.483,0,632.220
851.000,11,44.152,4.962,36.886,3.804,6.803,278.794,51.402,1,493.623
852.000,11,40.729,5.126,36.146,4.091,7.624,192.014,51.411,1,345.232
853.000,11,49.246,5.041,36.324,3.487,4.630,344.179,10.402,1,480.893
854.000,11,45.403,4.858,32.851,3.622,5.581,409.534,79.233,1,463.936
855.000,11,55.803,4.970,38.620,3.926,4.602,237.939,52.205,1,395.765
856.000,11,50.488,4.865,34.010,3.908,9.048,264.421,32.649,1,389.222
857.000,11,33.813,4.954,37.050,3.720,8.621,173.174,19.673,1,574.185
858.000,11,45.923,5.137,33.523,4.256,7.509,404.141,68.669,0,438.677
859.000,11,37.867,4.950,35.789,3.358,8.111,498.601,18.512,1,683.324
860.000,11,49.066,4.899,37.204,3.581,9.912,660.563,10.972,1,443.205
861.000,11,40.412,5.171,34.631,3.514,7.304,709.877,74.280,1,431.312
862.000,11,42.813,5.158,40.281,4.329,8.398,310.847,75.432,1,609.650
863.000,11,43.037,5.035,37.487,3.733,8.197,315.253,73.713,1,624.737
864.000,11,47.871,5.242,36.178,3.363,8.766,320.503,56.995,1,664.210
865.000,11,50.715,5.284,34.513,3.352,6.500,270.717,17.235,0,708.993
866.000,11,51.638,4.795,33.068,3.805,8.767,265.214,10.501,1,109.534
867.000,11,32.581,5.000,34.223,4.202,8.589,363.539,58.804,1,555.158
868.000,11,45.198,4.776,40.757,4.918,9.814,592.512,60.019,0,510.275
869.000,11,33.610,4.997,36.154,5.546,4.719,479.946,63.061,1,291.076
870.000,11,43.175,5.072,35.255,3.531,8.097,244.739,19.068,1,685.849
871.000,11,41.472,4.863,36.511,3.696,8.620,501.611,77.673,0,213.594
872.000,11,43.304,4.963,34.992,4.521,9.333,215.013,34.828,0,186.027
873.000,11,51.273,5.031,35.289,4.639,4.331,468.731,37.810,1,304.137
874.000,11,25.596,4.863,38.910,3.549,10.249,628.166,20.319,1,482.772
875.000,11,38.906,5.103,35.981,3.687,8.241,512.145,28.875,1,724.064
876.000,11,53.206,5.288,35.946,3.619,10.448,676.763,25.902,0,341.277
877.000,11,49.439,4.983,34.716,5.164,6.634,676.912,67.105,1,669.494
878.000,11,38.915,5.027,36.935,3.746,6.911,292.007,23.834,1,438.446
879.000,11,50.535,5.042,39.486,4.935,6.051,307.626,21.891,0,428.849
880.000,11,44.947,4.904,35.697,3.884,6.469,669.141,47.895,1,480.711
881.000,11,42.721,5.256,33.793,3.917,6.146,676.698,77.520,1,471.520
882.000,11,47.549,4.772,34.830,5.108,7.683,630.680,18.039,1,213.579
883.000,11,39.161,5.100,36.855,4.666,9.405,437.845,40.492,0,431.362
884.000,11,49.938,4.957,31.059,4.013,9.394,280.791,49.878,1,442.099
885.000,11,51.267,4.949,38.706,3.887,8.615,309.170,68.499,1,483.865
886.000,11,50.918,4.956,34.424,3.889,8.161,342.201,18.982,1,523.282
887.000,11,46.770,4.977,31.201,4.229,7.283,439.326,72.924,1,250.514
888.000,11,46.163,5.016,37.034,4.441,6.451,560.213,22.013,1,583.310
889.000,11,34.034,5.054,37.167,4.027,8.840,327.055,71.538,0,422.539
890.000,11,44.846,4.956,38.643,4.075,9.881,573.076,59.589,1,762.642
891.000,11,37.982,4.981,30.643,5.264,7.122,449.233,58.015,1,68.142
892.000,11,44.488,5.035,32.863,3.736,9.052,680.275,14.438,1,183.644
893.000,11,42.222,5.033,35.756,3.573,7.893,722.772,30.568,1,192.343
894.000,11,41.211,5.250,34.367,3.583,9.551,671.637,29.829,0,379.259
895.000,11,47.969,4.985,37.181,5.833,8.135,272.705,35.482,1,514.307
896.000,11,48.645,5.300,36.090,4.982,6.843,642.687,43.539,1,272.311
897.000,11,49.034,4.927,38.159,3.959,8.696,688.013,41.879,0,660.733
898.000,11,40.806,5.138,29.861,3.613,6.867,227.954,78.823,1,217.130
899.000,11,42.893,4.870,36.849,4.255,7.862,287.951,21.166,0,611.212
900.000,11,49.266,5.029,37.579,4.806,8.129,390.555,35.230,1,520.041
901.000,11,42.768,4.986,38.513,4.469,8.171,325.467,18.183,1,605.898
902.000,11,43.841,5.010,31.139,5.266,5.774,358.579,58.454,1,116.260
903.000,11,41.774,4.789,36.394,4.120,7.087,571.786,13.028,1,313.819
904.000,11,46.969,5.020,37.822,5.917,8.715,368.212,40.763,1,572.689
905.000,11,46.959,4.967,35.539,4.059,8.612,545.056,24.132,1,318.995
906.000,11,49.263,5.228,30.773,4.819,6.217,640.042,62.612,1,57.794
907.000,11,49.562,5.044,35.090,4.181,8.250,366.953,33.889,1,650.719
908.000,11,43.726,4.884,33.918,4.714,8.031,558.586,35.033,0,502.413
909.000,11,47.853,5.178,38.720,5.296,10.811,305.007,78.591,1,283.912
910.000,11,53.531,4.987,34.589,3.753,9.419,391.295,34.953,1,327.256
911.000,11,46.703,4.829,36.912,4.077,9.601,659.180,78.750,1,580.175
912.000,11,43.668,5.105,36.215,3.780,10.263,571.911,12.594,0,478.158
913.000,11,41.312,5.292,37.078,3.631,7.396,510.097,13.643,1,274.478
914.000,11,53.184,4.924,33.582,3.976,10.194,723.672,27.249,0,0.000
915.000,11,48.227,5.036,34.765,3.859,11.353,395.048,43.139,1,223.581
916.000,11,51.049,5.205,32.807,5.451,7.877,688.491,22.054,0,311.217
917.000,11,43.376,4.761,30.909,4.577,6.862,359.928,37.665,1,541.555
918.000,11,39.884,4.957,38.579,4.458,10.334,343.231,21.797,0,356.507
919.000,11,47.273,4.927,32.653,4.277,6.686,294.410,36.152,1,90.296
920.000,11,43.107,4.954,33.332,3.584,7.977,571.758,11.483,0,37.687
921.000,11,41.106,5.080,38.449,4.028,5.507,574.782,77.318,0,445.896
922.000,11,45.009,4.832,33.717,4.430,5.271,648.928,41.169,1,110.415
923.000,11,35.605,5.091,36.697,4.896,9.860,421.998,16.273,1,519.345
924.000,11,42.450,5.351,37.486,4.845,8.089,411.108,60.658,1,209.195
925.000,11,50.258,4.913,32.384,3.813,5.662,634.325,50.671,1,255.973
926.000,11,50.139,5.074,36.587,3.715,4.317,585.027,22.860,1,390.598
927.000,11,40.860,5.057,33.673,4.326,9.576,398.235,53.873,0,303.171
928.000,11,34.926,4.874,37.199,4.022,9.550,361.461,55.252,1,436.599
929.000,11,44.418,4.939,37.737,4.768,8.843,742.840,38.667,1,578.965
930.000,11,45.780,5.067,30.299,4.073,6.429,618.326,57.561,0,438.310
931.000,11,42.920,4.865,38.659,3.996,6.718,368.189,55.991,0,509.984
932.000,11,45.668,5.089,34.330,3.653,8.808,509.342,13.265,0,523.734
933.000,11,46.925,5.235,33.725,4.055,7.620,647.110,40.411,0,284.894
934.000,11,48.436,4.925,30.632,4.246,8.559,354.687,52.961,1,55.971
935.000,11,37.642,4.918,31.855,5.587,6.035,664.629,69.911,1,276.727
936.000,11,34.821,5.058,32.191,3.751,8.902,402.861,66.326,1,300.937
937.000,11,45.421,5.081,32.235,3.777,7.020,247.684,46.886,0,401.193
938.000,11,49.786,5.055,36.332,3.726,7.332,479.536,50.366,1,401.436
939.000,11,38.836,5.174,30.529,4.454,7.278,315.704,21.537,1,512.326
940.000,11,47.792,5.140,33.792,3.856,8.592,495.314,78.332,1,270.219
941.000,11,41.014,4.875,34.781,3.831,9.115,695.766,69.883,1,426.127
942.000,11,42.983,5.115,33.819,3.617,7.768,373.304,73.330,0,512.075
943.000,11,37.805,4.902,35.125,4.136,5.347,254.246,32.891,1,527.384
944.000,11,41.927,5.188,39.130,5.598,8.551,578.850,32.719,1,248.095
945.000,11,47.683,5.152,37.997,5.270,8.426,444.145,51.583,1,485.508
946.000,11,44.778,5.017,38.862,3.876,6.220,425.728,48.444,0,352.899
947.000,11,47.468,4.784,36.574,3.981,7.665,787.881,16.392,1,426.409
948.000,11,43.302,5.017,37.089,3.987,9.855,678.085,69.197,0,716.238
949.000,11,39.748,5.025,32.123,3.835,6.936,268.408,16.379,1,361.380
950.000,11,37.312,4.880,35.549,4.972,7.029,614.315,62.600,1,407.825
951.000,11,41.260,5.057,32.990,4.422,7.144,420.532,78.941,1,563.652
952.000,11,56.571,4.998,32.192,4.339,6.511,614.265,53.945,1,34.074
953.000,11,41.906,4.766,36.056,4.723,7.582,737.363,64.679,1,119.675
954.000,11,44.298,4.949,35.633,3.766,3.901,746.859,52.087,0,518.152
955.000,11,51.785,4.954,30.333,4.060,7.121,574.156,65.540,1,323.701
956.000,11,49.448,4.842,37.073,3.714,7.618,656.446,60.157,1,500.344
957.000,11,47.377,4.963,35.271,4.108,6.474,742.570,62.516,0,465.550
958.000,11,46.774,4.960,32.070,4.400,8.967,668.242,27.307,1,469.523
959.000,11,45.219,4.964,37.506,4.011,6.120,667.547,71.901,1,378.423
960.000,11,42.388,5.094,35.190,4.494,8.256,469.569,13.685,1,612.224
961.000,11,50.026,5.011,37.087,3.708,7.726,318.696,23.009,0,464.792
962.000,11,40.596,5.224,39.843,5.699,8.080,733.324,47.757,1,353.016
963.000,11,48.304,4.879,38.399,5.064,7.431,280.290,43.765,1,333.722
964.000,11,47.498,5.022,37.772,3.832,6.445,294.673,59.646,0,302.656
965.000,11,43.436,4.943,36.703,4.559,7.811,475.603,22.905,1,302.857
966.000,11,41.991,5.090,32.476,3.983,8.722,305.121,70.514,0,376.328
967.000,11,51.863,5.023,33.822,5.124,7.616,416.364,59.797,0,399.265
968.000,11,38.688,5.097,31.138,5.631,5.621,505.565,56.005,1,300.883
969.000,11,41.307,5.070,36.282,4.070,7.794,705.362,59.130,0,171.059
970.000,11,45.588,4.962,32.029,4.514,9.652,618.903,61.415,1,34.620
971.000,11,42.848,4.964,32.995,3.716,7.377,801.982,54.178,1,513.460
972.000,11,40.686,5.128,36.123,4.246,9.533,503.063,67.816,1,468.611
973.000,11,38.413,5.049,30.548,4.334,9.632,707.811,49.042,1,58.684
974.000,11,44.226,4.839,33.966,3.919,7.682,609.334,75.915,1,471.170
975.000,11,51.265,4.924,34.116,3.706,7.862,285.081,28.714,1,466.371
976.000,11,41.002,4.904,36.175,3.855,10.801,764.587,62.420,0,229.929
977.000,11,38.912,4.831,36.953,4.247,9.193,397.843,77.754,0,56.054
978.000,11,45.245,5.114,35.046,4.314,8.244,290.670,69.266,1,394.250
979.000,11,48.444,5.255,32.629,3.854,9.562,645.490,71.335,1,370.908
980.000,11,48.988,4.852,30.386,4.777,7.232,683.802,78.513,1,294.826
981.000,11,30.311,4.999,37.280,4.300,8.124,424.694,46.665,1,176.763
982.000,11,53.239,4.994,33.421,4.215,5.904,437.625,20.321,1,246.072
983.000,11,41.898,5.113,36.496,3.741,8.586,752.466,67.204,0,493.415
984.000,11,43.793,4.857,34.012,3.733,9.065,452.659,74.338,0,328.065
985.000,11,47.182,5.020,29.892,3.816,9.371,753.662,15.758,1,250.658
986.000,11,41.554,4.852,35.422,3.735,8.243,671.571,68.094,1,208.207
987.000,11,54.933,4.779,35.250,4.317,9.322,377.854,51.932,1,426.067
988.000,11,42.687,5.119,30.901,4.143,7.234,508.956,39.310,0,0.000
989.000,11,46.019,5.014,30.779,4.560,8.041,623.933,75.837,1,350.490
990.000,11,56.037,4.967,37.276,3.725,7.921,603.305,21.109,1,524.137
991.000,11,52.084,4.920,32.314,3.725,8.941,346.648,58.497,0,268.245
992.000,11,39.759,4.805,32.612,5.281,9.565,486.929,32.088,1,182.255
993.000,11,50.542,4.848,33.429,4.216,5.802,450.647,76.629,1,358.528
994.000,11,35.251,5.104,34.985,3.994,7.288,732.434,22.568,1,207.217
995.000,11,45.467,5.000,32.145,3.741,7.806,814.784,72.237,1,286.147
996.000,11,35.647,5.090,30.008,3.898,8.381,728.435,25.780,1,238.413
997.000,11,51.750,4.985,34.780,4.095,5.919,464.833,26.285,1,333.851
998.000,11,44.781,5.329,31.815,4.729,10.359,396.324,76.339,1,232.876
999.000,11,46.768,5.088,32.168,5.387,10.572,591.527,57.686,1,0.000
